seed,arm,tick,pop,global_sat,abs_food,abs_cap,cap_lost_frac,d_starv,d_old,d_pred,ms_per_tick,n_patches,patch_sat_mean,patch_sat_var,patch_sat_range,patch_sat_init_var,patch_abs_food_var
42,off,250,51,0.9995253010880334,913938.2759138844,914372.3274628634,0.0,1909,0,44,8.590834500268102,442,0.9994291528887642,3.0970473938559144e-05,0.09927473230989148,3.0970473938559144e-05,1224893.05911216
42,off,500,84,0.9980288565397969,912569.9684293943,914372.3274628634,0.0,1909,0,72,7.726492926478386,442,0.9980747929972814,0.00039749196439614295,0.3855866298654713,0.00039749196439614295,1224836.989378175
42,off,750,144,0.9942217358862147,909088.8426564464,914372.3274628634,0.0,1935,0,118,7.794542318210006,442,0.9945981291750678,0.002891661554231042,0.984424711904086,0.002891661554231042,1234778.068179705
42,off,1000,206,0.9908478597687463,906003.8636983455,914372.3274628634,0.0,1977,0,231,8.166117008775473,442,0.991233032613719,0.0057132368926161746,0.995386268031172,0.0057132368926161746,1244241.0490156747
42,off,1250,289,0.9862370474992838,901787.8645520227,914372.3274628634,0.0,2075,0,363,8.48003208823502,442,0.9868888737546665,0.007311680550102505,0.9891920181973515,0.007311680550102505,1241025.3930081346
42,off,1500,368,0.9823604873957188,898243.2452675763,914372.3274628634,0.0,2182,0,470,8.825401816517115,442,0.9837137746862856,0.009514345142137594,0.9968311571431315,0.009514345142137594,1243295.8889500336
42,off,1750,412,0.978476102107642,894691.470850955,914372.3274628634,0.0,2344,1,623,9.096859207376838,442,0.9813570835056289,0.01113076050512082,0.9951177098465291,0.01113076050512082,1236856.1231780357
42,off,2000,516,0.9731357247246392,889808.3775537286,914372.3274628634,0.0,2530,1,774,9.10390992090106,442,0.9755828388416212,0.01672264746957508,0.9984891561933004,0.01672264746957508,1250641.4146185115
42,off,2250,600,0.9662851555135242,883544.4066397161,914372.3274628634,0.0,2729,1,1036,9.397893209010363,442,0.9699579841277136,0.02059777572549349,0.9941607489044333,0.02059777572549349,1252958.3222837648
42,off,2500,721,0.9606278600965746,878371.5322621749,914372.3274628634,0.0,2977,3,1247,9.809560315683484,442,0.9662246555640286,0.026381865903832683,0.9971165764299779,0.026381865903832683,1271318.7738742656
42,off,2750,705,0.9600747393233053,877865.7739333526,914372.3274628634,0.0,3271,3,1555,9.88458751514554,442,0.9661761293624304,0.025799118064047374,0.997430741574546,0.025799118064047374,1271232.667805975
42,off,3000,700,0.9598861298496226,877693.3146499197,914372.3274628634,0.0,3574,3,1841,9.940985707566142,442,0.9660367261417354,0.02574559947620206,0.9966263758200016,0.02574559947620206,1265081.7528689941
42,off,3250,778,0.9564783649552806,874577.348732034,914372.3274628634,0.0,3844,3,2197,9.822255559265614,442,0.9628101512602865,0.028171680868874532,0.9987506387916846,0.028171680868874532,1281617.5024555405
42,off,3500,775,0.9561043222771916,874235.3344578993,914372.3274628634,0.0,4147,3,2671,10.465998204424977,442,0.9631248771592217,0.028383969335770715,0.9981792031671288,0.028383969335770715,1276742.6508102263
42,off,3750,721,0.9562118322226218,874333.6385769278,914372.3274628634,0.0,4472,6,3093,9.95298532024026,442,0.9632679880872396,0.028055665195407024,1.0,0.028055665195407024,1278277.5657703606
42,off,4000,725,0.9552234790666646,873429.9158013599,914372.3274628634,0.0,4736,6,3441,10.109240043908358,442,0.9616610036448983,0.028726671638223844,0.9954321463058929,0.028726671638223844,1278015.7560584373
42,off,4250,786,0.9554474951736041,873634.7499304513,914372.3274628634,0.0,4971,7,3820,10.629189232364297,442,0.9622209872225134,0.02898086577543154,0.9969702901264954,0.02898086577543154,1279544.009293766
42,off,4500,773,0.9541239815748619,872424.5657207407,914372.3274628634,0.0,5266,7,4378,11.265014475211501,442,0.9612317323371241,0.02898764417716472,0.9982226257875325,0.02898764417716472,1279799.444857018
42,off,4750,727,0.9561884548656773,874312.2629686485,914372.3274628634,0.0,5547,7,4796,9.932949164882302,442,0.962145922865206,0.02832853644204857,0.9924515979191542,0.02832853644204857,1276876.2071234046
42,off,5000,739,0.9547154600953963,872965.397312206,914372.3274628634,0.0,5817,8,5100,9.821552200242877,442,0.9612615152100598,0.029253443862963267,0.9989900967088318,0.029253443862963267,1280120.448274826
42,off,5250,756,0.955663001256927,873831.8027294418,914372.3274628634,0.0,6039,8,5561,10.148872887715697,442,0.961826502514186,0.029897753559604164,0.99690150175045,0.029897753559604164,1283314.101205795
42,off,5500,815,0.953247508614717,871623.1431002147,914372.3274628634,0.0,6250,9,6090,10.268634216859937,442,0.9590110354774725,0.032510024166528345,0.9980831806617583,0.032510024166528345,1297888.2429585052
42,off,5750,763,0.9540492135726599,872356.1999285475,914372.3274628634,0.0,6482,9,6588,10.378811031579971,442,0.9607756484391854,0.029314609447871596,0.999209201578255,0.029314609447871596,1275303.349182268
42,off,6000,763,0.9547870551741208,873030.8618709742,914372.3274628634,0.0,6723,11,6924,10.144658755511045,442,0.9615180504495877,0.02839536607784542,0.9911583235010364,0.02839536607784542,1277412.381977488
42,off,6250,808,0.9528686283783171,871276.7054966281,914372.3274628634,0.0,6908,14,7363,10.105062367394567,442,0.9597758131508475,0.030264751857341027,0.9989900967088318,0.030264751857341027,1282635.8480021302
42,off,6500,803,0.9510427835904206,869607.2035483333,914372.3274628634,0.0,7132,22,7955,10.167687816545367,442,0.9571592586074827,0.031694232327854996,0.9955580943573549,0.031694232327854996,1292757.7864132063
42,off,6750,765,0.952395710649338,870844.282612083,914372.3274628634,0.0,7313,22,8462,11.076155671849847,442,0.9588486496043861,0.03202899975287131,0.9946215526398018,0.03202899975287131,1285695.4833988217
42,off,7000,725,0.9552645331314115,873467.4545020943,914372.3274628634,0.0,7523,22,8986,10.67964163981378,442,0.961278739140128,0.02782245418883503,0.9937258429126693,0.02782245418883503,1270189.5166723242
42,off,7250,751,0.9556076531548456,873781.1939565209,914372.3274628634,0.0,7698,25,9378,9.76013464294374,442,0.9624414620878651,0.028575127104769792,0.9976995924255524,0.028575127104769792,1271823.2884332375
42,off,7500,811,0.9516002425080202,870116.9285562837,914372.3274628634,0.0,7900,26,9879,10.217275019735098,442,0.9576593801888601,0.032841409276908984,0.99523334913115,0.032841409276908984,1290218.261124645
42,off,7750,757,0.9519345686136607,870422.6270956297,914372.3274628634,0.0,8106,27,10443,10.291183423250914,442,0.9581572625848302,0.0323752913436879,0.9964122186652938,0.0323752913436879,1285696.091105336
42,off,8000,788,0.9515251752251835,870048.28911016,914372.3274628634,0.0,8313,27,10924,10.47383600845933,442,0.9573025829417344,0.032869852968673986,0.9969702901264954,0.032869852968673986,1291646.6522284285
42,off,8250,786,0.9526873201346192,871110.9222558498,914372.3274628634,0.0,8489,28,11363,10.18431251309812,442,0.9593825172452782,0.030184449041727776,0.99698593784166,0.030184449041727776,1277371.9264990706
42,off,8500,808,0.9516233922121498,870138.0960051287,914372.3274628634,0.0,8694,28,11893,10.226568091660738,442,0.9585618048891644,0.03112733812567694,0.9982059148478039,0.03112733812567694,1284358.9016398015
42,off,8750,770,0.9496699281041551,868351.9024820864,914372.3274628634,0.0,8882,31,12520,10.27213297598064,442,0.9563490869947041,0.032998957705296345,0.9979801934176635,0.032998957705296345,1280425.968711414
42,off,9000,786,0.9511159209884286,869674.0783611743,914372.3274628634,0.0,9058,35,13072,10.667775992304087,442,0.9585149171003928,0.031395325017473025,0.9974752417720795,0.031395325017473025,1286725.9691088179
42,off,9250,858,0.9505179279561977,869127.2900804868,914372.3274628634,0.0,9267,38,13503,10.545215295627713,442,0.9579533918413174,0.03187014176039773,0.9989839522552176,0.03187014176039773,1280087.706702914
42,off,9500,821,0.9502417426326358,868874.7538633705,914372.3274628634,0.0,9519,44,14068,10.05750547349453,442,0.9574379539215734,0.0316909513589959,0.9980057536378465,0.0316909513589959,1288614.3197647163
42,off,9750,809,0.9504939623193233,869105.3765653188,914372.3274628634,0.0,9758,55,14543,10.391900435090065,442,0.9570984299763959,0.03293009313998864,0.9962844182859614,0.03293009313998864,1292217.6690257255
42,off,10000,903,0.9462557418426119,865230.0650437274,914372.3274628634,0.0,9984,58,15066,10.477805007249117,442,0.9535840714038353,0.03613640856540905,0.9930106349747672,0.03613640856540905,1302448.321367608
42,off,10250,873,0.9497000474114087,868379.4427431615,914372.3274628634,0.0,10246,61,15557,10.24877405166626,442,0.9572970621478919,0.033668020351692626,0.9939037135313055,0.033668020351692626,1296883.6079036866
42,off,10500,862,0.9486469595961379,867416.5283864895,914372.3274628634,0.0,10519,65,16031,10.263411419466138,442,0.955264195880049,0.03454100388602379,0.9984759283828264,0.03454100388602379,1290124.2712511825
42,off,10750,860,0.9477196600961738,866568.6313844522,914372.3274628634,0.0,10731,66,16740,11.077231355011463,442,0.954124083117571,0.03453545446276475,0.991410339968496,0.03453545446276475,1296311.3330856788
42,off,11000,873,0.9497416165888591,868417.4524486975,914372.3274628634,0.0,10939,69,17309,11.155556883662939,442,0.9571913713332152,0.03153507797433315,0.9984851450632477,0.03153507797433315,1281350.5279846678
42,off,11250,847,0.9521080028755571,870581.2105853418,914372.3274628634,0.0,11194,74,17802,11.075698090717196,442,0.9603800564739006,0.028842920523640875,0.9947687478281411,0.028842920523640875,1271441.55593353
42,off,11500,816,0.9512086960048224,869758.9092688448,914372.3274628634,0.0,11409,74,18286,10.546061791479588,442,0.9588650890730586,0.030026028116295244,0.9979679045104352,0.030026028116295244,1275450.7028222242
42,off,11750,853,0.9511051999931684,869664.2753797856,914372.3274628634,0.0,11585,81,18761,10.638188006356359,442,0.9586516052185184,0.02991444538979901,0.9979679045104352,0.02991444538979901,1274010.6041841116
42,off,12000,895,0.9481223346223713,866936.8258281815,914372.3274628634,0.0,11758,83,19537,10.816193956881762,442,0.9551285968728669,0.0342056163935385,0.9961403757538023,0.0342056163935385,1288099.9940664228
42,off,12250,838,0.9480565492053179,866876.6734632772,914372.3274628634,0.0,11994,83,20072,11.53053393959999,442,0.9574625094159738,0.0324474627099013,0.9928697399885763,0.0324474627099013,1275593.1040528473
42,off,12500,836,0.9499414601496333,868600.1838704911,914372.3274628634,0.0,12214,87,20607,11.382850259542465,442,0.9582140334504586,0.031346396231416905,0.9924257253162384,0.031346396231416905,1276992.8459310383
42,off,12750,851,0.9509147215483945,869490.1071609062,914372.3274628634,0.0,12396,87,21118,10.759224772453308,442,0.9587482757479666,0.030754154655289787,0.9948927419729308,0.030754154655289787,1279500.3410643921
42,off,13000,888,0.9504397996453118,869055.8517150213,914372.3274628634,0.0,12609,90,21617,11.468272408470511,442,0.9575349104177988,0.03170814961950341,1.0,0.03170814961950341,1284706.468512404
42,off,13250,875,0.9496944410192394,868374.316413305,914372.3274628634,0.0,12865,92,22276,10.834008514881134,442,0.9567764929819395,0.03182648312661453,0.9964438328932615,0.03182648312661453,1277140.7712829097
42,off,13500,877,0.9495638205969309,868254.8807137446,914372.3274628634,0.0,13110,93,22792,10.80650544539094,442,0.9576217055915697,0.031675072183994284,0.9966684161347206,0.031675072183994284,1278616.9347490673
42,off,13750,894,0.9469806432563354,865892.8948365749,914372.3274628634,0.0,13355,95,23427,10.889981459826231,442,0.9546377085824023,0.03522553948278798,0.9970770720966802,0.03522553948278798,1297183.985079284
42,off,14000,877,0.9481919908459399,867000.5175514481,914372.3274628634,0.0,13587,96,24052,10.959812695160508,442,0.9558176292803702,0.03502590241096135,0.9984759283828264,0.03502590241096135,1295286.7033307396
42,off,14250,858,0.9485702376470558,867346.3759593399,914372.3274628634,0.0,13840,98,24591,10.721779398620129,442,0.9560931383754191,0.03215143026539167,0.9974598806380439,0.03215143026539167,1271897.447929656
42,off,14500,866,0.9496999602675416,868379.3630612209,914372.3274628634,0.0,14072,100,25212,10.79443284496665,442,0.957227795847237,0.031744172313419444,0.9964438328932615,0.031744172313419444,1287058.7425716121
42,off,14750,871,0.9484165770104772,867205.872925432,914372.3274628634,0.0,14280,105,25828,10.780968019738793,442,0.9562596041894716,0.03373546917847512,0.9940782191926008,0.03373546917847512,1289071.7370097756
42,off,15000,893,0.9479894480413782,866815.3180158302,914372.3274628634,0.0,14480,107,26427,10.744090074673295,442,0.9547539898249413,0.0342447177360649,0.9994950483544159,0.0342447177360649,1291419.144146686
42,off,15250,866,0.9479628768368759,866791.0220417259,914372.3274628634,0.0,14732,108,27023,10.616419959813356,442,0.954716652636859,0.03504211381153308,0.9980178136560203,0.03504211381153308,1285875.2398028548
42,off,15500,846,0.9502227518126831,868857.3891831299,914372.3274628634,0.0,14915,111,27522,10.527919491752982,442,0.9578760756516295,0.031029824191347383,0.9963304193776878,0.031029824191347383,1265023.2126344403
42,off,15750,954,0.9465978862811318,865542.9124503054,914372.3274628634,0.0,15119,114,28142,12.05167543143034,442,0.9541005376478947,0.03417448055603967,0.9963198947579381,0.03417448055603967,1285084.7623007474
42,off,16000,861,0.9502041823149558,868840.4097482732,914372.3274628634,0.0,15352,120,28706,11.114183332771063,442,0.958350287484302,0.029734551738369017,0.9944541727716926,0.029734551738369017,1255984.0185476283
42,off,16250,867,0.9492941982580568,868008.3455082123,914372.3274628634,0.0,15576,128,29177,10.49282099492848,442,0.957315416985058,0.03195516917263997,0.9951438751188957,0.03195516917263997,1268810.0596508796
42,off,16500,837,0.9494814289785355,868179.544097869,914372.3274628634,0.0,15810,139,29728,11.021537687629461,442,0.9573878200001308,0.031392035283226136,0.9924119329613412,0.031392035283226136,1277888.680173815
42,off,16750,941,0.9462200256508101,865197.4071463016,914372.3274628634,0.0,16008,149,30280,10.954734599217772,442,0.9550423542488458,0.0332680116321312,0.9944221295902445,0.0332680116321312,1270066.3663312607
42,off,17000,907,0.9459265840008853,864929.0922218852,914372.3274628634,0.0,16243,154,30987,10.914689809083939,442,0.954381087373473,0.033643989934926254,0.9989900967088318,0.033643989934926254,1272023.9875140185
42,off,17250,856,0.9469672187311102,865880.6198221997,914372.3274628634,0.0,16502,158,31512,10.743142385035753,442,0.9558887415248419,0.033257602560672485,0.9978514441556466,0.033257602560672485,1267106.1504166147
42,off,17500,893,0.9471088419624061,866010.1161858225,914372.3274628634,0.0,16693,163,32022,10.957240795716643,442,0.9550981348499384,0.03363813324861965,0.9984851450632477,0.03363813324861965,1277088.1502000373
42,off,17750,962,0.943895908083387,863072.2983568795,914372.3274628634,0.0,16881,168,32642,10.895460367202759,442,0.9525694145644213,0.03556052773303453,0.9974871170181844,0.03556052773303453,1285375.7348305678
42,off,18000,913,0.9433980774926823,862617.0958409747,914372.3274628634,0.0,17134,171,33318,10.992022855207324,442,0.9538619122117326,0.03578165885609874,0.9984759283828264,0.03578165885609874,1279689.427247651
42,off,18250,889,0.9467956124994313,865723.7078327324,914372.3274628634,0.0,17340,174,33871,10.468035768717527,442,0.9567897053832498,0.03217864016378376,0.9975250186414243,0.03217864016378376,1263361.8263869435
42,off,18500,879,0.9472506330604393,866139.7660421447,914372.3274628634,0.0,17562,178,34480,10.663241812959313,442,0.9557362437300999,0.03214626841944671,0.9895466571726772,0.03214626841944671,1268837.9693155424
42,off,18750,964,0.9459794772994232,864977.4563903766,914372.3274628634,0.0,17779,180,35044,10.610283080488443,442,0.9550130553483543,0.03425285325215993,0.997174653439498,0.03425285325215993,1278233.504789124
42,off,19000,882,0.9473337532736273,866215.7688649367,914372.3274628634,0.0,18079,182,35730,10.636946188285947,442,0.9567489703469269,0.031689683582048024,0.9989211602244524,0.031689683582048024,1263659.7416392171
42,off,19250,855,0.9487647247838671,867524.2096152876,914372.3274628634,0.0,18311,184,36344,10.615860264748335,442,0.9578389881818163,0.03219223605769989,0.9969956958210943,0.03219223605769989,1268274.670780238
42,off,19500,846,0.948037969673467,866859.6848534956,914372.3274628634,0.0,18505,186,37028,10.890116101130843,442,0.9569787454620644,0.03139168328691229,0.9909253932312128,0.03139168328691229,1262770.9103455434
42,off,19750,935,0.9474074134629964,866283.1217037314,914372.3274628634,0.0,18678,187,37564,10.415698152035475,442,0.9566485227564684,0.03179478597472478,0.9994950483544159,0.03179478597472478,1265677.5400307502
42,off,20000,901,0.9466708150328464,865609.5964827497,914372.3274628634,0.0,18941,190,38210,10.491752279922366,442,0.9572702090142677,0.03213587222493731,0.9943129877656959,0.03213587222493731,1264364.365699344
42,off,20250,881,0.9473205276815176,866203.6757494973,914372.3274628634,0.0,19145,192,38802,10.512382987886667,442,0.9559083616075775,0.03153779894454768,0.9974145332286901,0.03153779894454768,1265688.815162798
42,off,20500,923,0.9475547494563514,866417.8416588944,914372.3274628634,0.0,19335,195,39413,10.817097945138812,442,0.9557833168095667,0.03222030674745001,0.9989839522552176,0.03222030674745001,1264730.4432869805
42,off,20750,923,0.948052848030037,866873.2892110213,914372.3274628634,0.0,19536,200,39994,10.76620590314269,442,0.9567046398960655,0.03111146947734286,0.9994919761276088,0.03111146947734286,1270342.3728297832
42,off,21000,911,0.9457872260092227,864801.6671306982,914372.3274628634,0.0,19770,201,40684,10.97563491947949,442,0.9556943671951863,0.03245371713919067,0.9974598806380439,0.03245371713919067,1270032.01067565
42,off,21250,889,0.9467201464403627,865654.7037566573,914372.3274628634,0.0,19972,205,41342,10.773987216874957,442,0.9567289872876266,0.030901074057798624,0.9969613190246343,0.030901074057798624,1261302.4415287052
42,off,21500,922,0.9475351194276945,866399.8925039032,914372.3274628634,0.0,20138,207,42010,10.743759652599692,442,0.956831243448123,0.031064826768188163,0.9984851450632477,0.031064826768188163,1260545.6968997242
42,off,21750,898,0.9495599941881067,868251.3819514022,914372.3274628634,0.0,20331,208,42615,10.622920231893659,442,0.9582027896397493,0.03054553629866402,0.9971904968591497,0.03054553629866402,1256675.0080307513
42,off,22000,872,0.9491864096134432,867909.786554363,914372.3274628634,0.0,20549,217,43170,11.55924073047936,442,0.958415115014601,0.030340906903267528,0.9982993729951276,0.030340906903267528,1260839.267987936
42,off,22250,918,0.9469686753015294,865881.951669884,914372.3274628634,0.0,20749,218,43654,11.564701216295362,442,0.9559266985516792,0.03290532057047919,0.9984759283828264,0.03290532057047919,1272815.1089973752
42,off,22500,930,0.9463605085520005,865325.8608236318,914372.3274628634,0.0,20916,219,44315,11.11292376741767,442,0.9564855702249423,0.032048905864022426,0.9969518567656528,0.032048905864022426,1268615.4938987165
42,off,22750,876,0.9473266806160568,866209.3018225726,914372.3274628634,0.0,21119,222,44993,10.651544455438852,442,0.9570145561192671,0.0314885742992079,0.9943975742593886,0.0314885742992079,1261203.6120640237
42,off,23000,880,0.9474560798888466,866327.6209368054,914372.3274628634,0.0,21335,230,45515,10.485692558810115,442,0.9576952754677093,0.030056517648773103,0.9989839522552176,0.030056517648773103,1254422.0691521808
42,off,23250,879,0.9489422124940523,867686.4994659458,914372.3274628634,0.0,21534,235,46056,12.367714405059814,442,0.9573850859330131,0.03084267511021218,0.99841111637705,0.03084267511021218,1263918.1075330945
42,off,23500,912,0.9493068565217595,868019.9198742558,914372.3274628634,0.0,21735,239,46696,11.726299760863185,442,0.9586067096003087,0.029184335215307104,0.9963819553146841,0.029184335215307104,1252297.101940942
42,off,23750,895,0.9452884320519012,864345.5837390177,914372.3274628634,0.0,21967,244,47283,10.956920344382524,442,0.9536128432993713,0.03589945488605097,0.9979801934176635,0.03589945488605097,1286016.593793635
42,off,24000,888,0.9442594306657942,863404.6933466406,914372.3274628634,0.0,22188,251,47860,10.527154805138707,442,0.95381108350791,0.03540355272685049,0.9966644790616083,0.03540355272685049,1276504.1506104153
42,off,24250,840,0.9487926332299268,867549.7283260671,914372.3274628634,0.0,22426,253,48494,10.740165269002318,442,0.9584574516467352,0.031002500244994305,0.9984851450632477,0.031002500244994305,1258240.7695187102
42,off,24500,920,0.9497776647623624,868450.4139010045,914372.3274628634,0.0,22657,255,48979,10.780969543382525,442,0.9595935755056013,0.030376124629064725,0.9914067611321746,0.030376124629064725,1256535.145287843
42,off,24750,859,0.9477390392592578,866586.3511549056,914372.3274628634,0.0,22971,259,49573,10.871693896129727,442,0.9563238300281014,0.031527488900698696,0.9984759283828264,0.031527488900698696,1262070.3924442611
42,off,25000,853,0.9491009861227959,867831.6776783997,914372.3274628634,0.0,23232,263,50116,10.738454768434167,442,0.9582149378106042,0.03128027452293202,0.9964438328932615,0.03128027452293202,1262352.3623502664
42,off,25250,908,0.9486150173697221,867387.3212985774,914372.3274628634,0.0,23481,267,50606,10.844811215996742,442,0.9579118492224259,0.031540360477341794,0.9966300795945183,0.031540360477341794,1261508.8191040156
42,off,25500,930,0.9472625746071593,866150.6850620126,914372.3274628634,0.0,23716,274,51269,10.754183452576399,442,0.9563286403021704,0.03343649214698432,0.9974598806380439,0.03343649214698432,1271537.8501049473
42,off,25750,855,0.9488485564194039,867600.8629429884,914372.3274628634,0.0,24039,278,51809,10.688034327700734,442,0.9567447007423198,0.03283009092180545,0.9956755032073243,0.03283009092180545,1272388.2022927161
42,off,26000,893,0.9493086344271813,868021.5455417742,914372.3274628634,0.0,24288,280,52323,10.660446733236313,442,0.9571807242123487,0.03165992363439765,0.9971214135937095,0.03165992363439765,1265128.079651455
42,off,26250,884,0.9490187980118571,867756.5271441108,914372.3274628634,0.0,24542,283,52887,10.972138088196516,442,0.9560588402452677,0.032298223580243215,0.9927271246805334,0.032298223580243215,1275473.6642872354
42,off,26500,952,0.9481594179951828,866970.7338380893,914372.3274628634,0.0,24773,288,53435,11.047237752005458,442,0.9570464694317403,0.03179931624609084,0.9970881069738615,0.03179931624609084,1263224.3269108217
42,off,26750,924,0.9471458272469702,866043.9345065512,914372.3274628634,0.0,25065,293,54006,10.952231168746948,442,0.9549783749262601,0.03406304117238024,0.9984759283828264,0.03406304117238024,1276865.9449596212
42,off,27000,878,0.9470856132985853,865988.8765384209,914372.3274628634,0.0,25319,294,54637,11.06434446759522,442,0.9556063795241129,0.03270561412492404,0.9982765548696887,0.03270561412492404,1268865.6420391442
42,off,27250,948,0.9467524283120989,865684.2214068517,914372.3274628634,0.0,25551,300,55198,10.982578191906214,442,0.9551467022592457,0.03273911923710064,0.9994950483544159,0.03273911923710064,1276403.9888023138
42,off,27500,949,0.9460718356493341,865061.9063097452,914372.3274628634,0.0,25798,303,55819,11.090459696948528,442,0.9552898156522044,0.032848093753987936,0.9992155680432129,0.032848093753987936,1268699.0731084964
42,off,27750,945,0.9482892911248528,867089.4862339406,914372.3274628634,0.0,26098,303,56375,10.656470160931349,442,0.9571095297382198,0.030296862303138793,0.9959227731065359,0.030296862303138793,1257374.1199278147
42,off,28000,913,0.9434499350112642,862664.5129209368,914372.3274628634,0.0,26344,304,57105,10.882344283163548,442,0.9520284473014052,0.03613730099773135,0.9981275281487417,0.03613730099773135,1280827.5723821416
42,off,28250,958,0.9455671224285556,864600.4105073607,914372.3274628634,0.0,26518,306,57756,11.094952370971441,442,0.9531802814410524,0.035021822503914446,0.9977005994431278,0.035021822503914446,1280658.656647747
42,off,28500,906,0.9483774658655861,867170.1107768483,914372.3274628634,0.0,26755,309,58428,10.806670095771551,442,0.9570870274199087,0.030915422748122465,0.9984759283828264,0.030915422748122465,1260095.6878822988
42,off,28750,888,0.9484258488274422,867214.3508182901,914372.3274628634,0.0,27039,318,58917,10.548308352008462,442,0.9559919148694126,0.032241750541997245,0.9970079103648521,0.032241750541997245,1274496.4079601124
42,off,29000,935,0.9446529959465132,863764.5585483802,914372.3274628634,0.0,27257,321,59577,10.979497112333775,442,0.9519313782896575,0.037416233573246,0.9969518567656528,0.037416233573246,1293887.0413617461
42,off,29250,898,0.9479476159398164,866777.0678997624,914372.3274628634,0.0,27430,322,60243,11.034739134833217,442,0.9557539142364605,0.03375400824866574,0.9984759283828264,0.03375400824866574,1279712.8262645076
42,off,29500,907,0.9466083298587266,865552.4617686578,914372.3274628634,0.0,27659,327,60860,10.66439032740891,442,0.9556866215180204,0.0326233602521692,0.9966290670059449,0.0326233602521692,1265870.839709714
42,off,29750,885,0.9482382531058065,867042.818481676,914372.3274628634,0.0,27879,332,61462,10.864753227680922,442,0.9577545174394912,0.031106080780119574,0.9979679045104352,0.031106080780119574,1262286.8939288703
42,off,30000,944,0.9469525518656023,865867.2088462487,914372.3274628634,0.0,28067,333,62134,10.891151243820786,442,0.9563176343899441,0.03236704578414481,0.9984759283828264,0.03236704578414481,1265135.7342254058
42,off,30250,924,0.9494994949007763,868196.0630772361,914372.3274628634,0.0,28262,335,62784,10.820939343422651,442,0.9585553507946308,0.028986539567770697,0.9973930582795959,0.028986539567770697,1252771.6428705063
42,off,30500,939,0.9460944000301758,865082.5385551732,914372.3274628634,0.0,28538,345,63338,11.051533611491323,442,0.9559187851644533,0.034014449167090614,0.9990733210963824,0.034014449167090614,1273689.2972553
42,off,30750,917,0.9473383989092702,866220.016705612,914372.3274628634,0.0,28758,352,63925,11.260809199884534,442,0.9565346305968699,0.03317191175712471,0.9989839522552176,0.03317191175712471,1268253.6804218774
42,off,31000,946,0.9486101999837852,867382.9164141859,914372.3274628634,0.0,28989,360,64474,10.973939647898078,442,0.956217684305764,0.031166153690364233,0.9984097496679439,0.031166153690364233,1269192.6513927414
42,off,31250,971,0.9460859757756057,865074.8356499148,914372.3274628634,0.0,29191,362,65068,11.226414216682315,442,0.9545153695265968,0.03332262804233195,0.9994950483544159,0.03332262804233195,1271256.4486114942
42,off,31500,934,0.9452748020564218,864333.1208483279,914372.3274628634,0.0,29451,366,65706,11.00396990776062,442,0.9555062330150466,0.03410799045930836,0.9949576104034993,0.03410799045930836,1273242.1207144186
42,off,31750,941,0.9440945824426735,863253.9606931875,914372.3274628634,0.0,29683,368,66291,11.11005037277937,442,0.9545401828816374,0.03420075516145131,0.9974752417720795,0.03420075516145131,1275108.3792870713
42,off,32000,994,0.9435154649399474,862724.4316743454,914372.3274628634,0.0,29916,371,67027,11.32269879616797,442,0.9525054549646332,0.03480692788883259,0.9984759283828264,0.03480692788883259,1273688.494451794
42,off,32250,1007,0.9446754956748862,863785.1316773798,914372.3274628634,0.0,30128,377,67720,11.35069739073515,442,0.9535392110906719,0.03460058586407435,0.9994919761276088,0.03460058586407435,1275399.3691463985
42,off,32500,959,0.9441159793217127,863273.5254072751,914372.3274628634,0.0,30411,380,68370,11.492245756089687,442,0.9533370406764491,0.035068367755901816,0.9979679045104352,0.035068367755901816,1277749.189139038
42,off,32750,901,0.9460539602913013,865045.5615770165,914372.3274628634,0.0,30676,385,68985,11.175830528140068,442,0.9548794046892357,0.03207301971531612,0.9939694925213807,0.03207301971531612,1264736.534239053
42,off,33000,986,0.9442443182188023,863390.8749433109,914372.3274628634,0.0,30883,389,69628,11.667788371443748,442,0.9528925134944364,0.035908077529937965,0.9976362664673193,0.035908077529937965,1279325.800616465
42,off,33250,995,0.9442415306428785,863388.3260610255,914372.3274628634,0.0,31116,390,70315,11.450692851096392,442,0.9525287154897177,0.03585643298674876,1.0,0.03585643298674876,1277134.4895753278
42,off,33500,898,0.9470592332309292,865964.7553345596,914372.3274628634,0.0,31424,392,70998,11.271937996149063,442,0.9548589731728439,0.032504750229647016,0.9994950483544159,0.032504750229647016,1265365.7552075244
42,off,33750,942,0.9485582197138316,867335.3870937664,914372.3274628634,0.0,31681,394,71578,11.099214095622301,442,0.9562727312298288,0.030889638648654436,0.9987578324607209,0.030889638648654436,1259066.799029004
42,off,34000,999,0.9450493807040022,864127.0018016562,914372.3274628634,0.0,31916,400,72242,11.40119506791234,442,0.952623207213831,0.03518892235476924,0.9979679045104352,0.03518892235476924,1274831.6597690345
42,off,34250,1005,0.9447113434169867,863817.9098607586,914372.3274628634,0.0,32167,403,72892,11.389961188659072,442,0.9526201847047134,0.03403494289735004,0.9961132516730118,0.03403494289735004,1269753.922861252
42,off,34500,990,0.9448337528429279,863929.8376524599,914372.3274628634,0.0,32440,408,73591,11.08318099193275,442,0.9527676877084524,0.03397098935198048,0.9976504094792069,0.03397098935198048,1273512.4312513995
42,off,34750,950,0.9441462673508455,863301.2199429675,914372.3274628634,0.0,32672,411,74371,11.026327097788453,442,0.9530609279932821,0.03530845318456531,0.9979801934176635,0.03530845318456531,1275817.2617061557
42,off,35000,979,0.9463200527612218,865288.869168058,914372.3274628634,0.0,32844,415,75010,10.962605331093073,442,0.9545922736485681,0.033143571356121324,0.9975734280202779,0.033143571356121324,1267147.0037073717
42,off,35250,962,0.9465613548847294,865509.5091523514,914372.3274628634,0.0,33082,415,75710,10.887023968622088,442,0.9547522832017755,0.032597127851433635,0.9991388704585477,0.032597127851433635,1267289.834591947
42,off,35500,949,0.9444216672653462,863553.0380037725,914372.3274628634,0.0,33338,420,76427,10.637053310871124,442,0.9530266266805003,0.034706872947665,0.9979801934176635,0.034706872947665,1277024.7873714461
42,off,35750,952,0.9452828820290874,864340.50895174,914372.3274628634,0.0,33546,421,77066,11.032378923147917,442,0.952804581806327,0.03495211891096542,0.9956150660082589,0.03495211891096542,1274691.7031868694
42,off,36000,1022,0.9435127222426494,862721.9238278335,914372.3274628634,0.0,33750,425,77717,11.139920264482498,442,0.9507243751902461,0.03667642568546183,0.9982841883153936,0.03667642568546183,1279168.4628837772
42,off,36250,1014,0.9432349304425903,862467.9186930634,914372.3274628634,0.0,34033,430,78430,11.119726428762078,442,0.9512488683500349,0.036074057345708295,0.9985746508947596,0.036074057345708295,1279365.7549117666
42,off,36500,972,0.9441381690459092,863293.8150770344,914372.3274628634,0.0,34263,435,79217,11.328686328604817,442,0.9516044018623298,0.03615229243714645,0.993656736425197,0.03615229243714645,1282086.8750711193
42,off,36750,974,0.9446659201063933,863776.3760425302,914372.3274628634,0.0,34461,440,79892,11.176209827885032,442,0.9514687271830201,0.03618851303686384,0.9979801934176635,0.03618851303686384,1278553.5752877668
42,off,37000,1078,0.9417150862245084,861078.2151979948,914372.3274628634,0.0,34630,449,80565,11.277599908411503,442,0.9502077166942827,0.03704532481917479,0.9971366790804208,0.03704532481917479,1282577.370859184
42,off,37250,1039,0.9407540438297661,860199.4646267239,914372.3274628634,0.0,34882,453,81292,11.25618752464652,442,0.9494703535055122,0.03752382955330354,0.9969518567656528,0.03752382955330354,1283466.7642090796
42,off,37500,998,0.9416133411834037,860985.1823479522,914372.3274628634,0.0,35102,454,82075,11.332503812387586,442,0.9503824396174813,0.03691773285284203,0.9954554351897431,0.03691773285284203,1281283.9664687635
42,off,37750,999,0.9437866249974013,862972.3729271945,914372.3274628634,0.0,35295,456,82776,11.044816242530942,442,0.9512476960686547,0.03567219285313614,0.9955791816581243,0.03567219285313614,1279637.9433820471
42,off,38000,1041,0.9440387573457669,863202.9157693982,914372.3274628634,0.0,35507,459,83521,11.374535612761974,442,0.9519649161102385,0.03487429116176506,0.998292376856461,0.03487429116176506,1267605.49631807
42,off,38250,999,0.9470574846453793,865963.1564763205,914372.3274628634,0.0,35821,463,84081,11.351885048672557,442,0.9554274036391429,0.032050964346478916,0.9940223467693411,0.032050964346478916,1258529.7255526166
42,off,38500,1029,0.9424759567919447,861773.9341896396,914372.3274628634,0.0,36067,474,84862,11.52696207165718,442,0.9506126623145306,0.03521415983720017,0.9974576433714165,0.03521415983720017,1272552.9299680216
42,off,38750,981,0.9443656176264984,863501.7877650459,914372.3274628634,0.0,36296,482,85674,11.579716924577951,442,0.9517157808315987,0.03486066192358178,0.9956206184937307,0.03486066192358178,1278979.13774302
42,off,39000,1034,0.944970430509217,864054.8119282968,914372.3274628634,0.0,36502,489,86343,11.395788632333279,442,0.9536632670245152,0.0340928525444124,0.9994950483544159,0.0340928525444124,1270095.7805478605
42,off,39250,940,0.9468552272749492,865778.2179337738,914372.3274628634,0.0,36819,497,87031,11.032127220183611,442,0.9542242426751744,0.03249768053004192,0.9977378615602127,0.03249768053004192,1261811.6565955447
42,off,39500,989,0.9438277485595544,863009.975174434,914372.3274628634,0.0,37052,507,87799,11.09533447958529,442,0.9514384776230115,0.03528028073577603,0.9964689707481601,0.03528028073577603,1278791.7213785013
42,off,39750,1005,0.9426427513144047,861926.4464853493,914372.3274628634,0.0,37254,516,88585,11.24500091187656,442,0.9510401354771703,0.03775299226890257,0.9963710889288453,0.03775299226890257,1288542.1386237014
42,off,40000,1017,0.9430998467716472,862344.4019224609,914372.3274628634,0.0,37495,517,89155,11.41584817878902,442,0.9512940529205453,0.03736376152838226,1.0,0.03736376152838226,1282636.5919203926
42,on,250,49,0.9976941566850204,912263.9281441808,914372.3274628634,0.0,1907,0,47,15.309597428888083,442,0.9972192590651267,0.00021643882110834953,0.2221852647839696,0.00021643882110834953,1223413.1439562566
42,on,500,65,0.996463282800893,911138.451125938,914372.3274628634,0.0,1907,0,84,14.2168008685112,442,0.9964442642918218,0.0003673369860606945,0.23437543278271944,0.0003673369860606945,1219292.2901237898
42,on,750,100,0.9920057191033153,907062.5782329699,914372.3274628634,0.0,1916,0,145,14.501907641068101,442,0.9927124934034796,0.0025391626932696272,0.7936804788307997,0.0025391626932696272,1218914.4402296573
42,on,1000,163,0.9869304317965862,902421.8759657734,914372.3274628634,0.0,1926,0,246,14.924949649721384,442,0.988018120560547,0.00645735100817955,0.9891783241806937,0.00645735100817955,1236818.6403968302
42,on,1250,214,0.9806561272581029,896684.8255217095,914372.3274628634,0.0,1997,0,382,15.091975143179297,442,0.9816841259434803,0.008915630283751547,0.9790531287796929,0.008915630283751547,1232930.8186560206
42,on,1500,231,0.9771148874144898,893446.8138038008,914372.3274628634,0.0,2088,0,531,15.424715848639607,442,0.9795546283741293,0.010366118303617068,0.9881380383877906,0.010366118303617068,1229840.7444130084
42,on,1750,287,0.9710072813968444,887862.1878742202,914372.3274628634,0.0,2196,0,660,15.116365732625127,442,0.9745828210864852,0.014751253311009425,0.9927328473957469,0.014751253311009425,1237576.6214266953
42,on,2000,368,0.9642613854642258,881693.9273094895,914372.3274628634,0.0,2338,0,848,15.337960977107286,442,0.9686258878956818,0.02149052760298453,0.9977856827096709,0.02149052760298453,1252853.0477730676
42,on,2250,363,0.9616794540745432,879333.080695356,914372.3274628634,0.0,2521,0,1071,15.586613977327943,442,0.966660113282375,0.02316273849759738,0.9942655217550022,0.02316273849759738,1258389.6943652602
42,on,2500,454,0.9558082963548965,873964.656546341,914372.3274628634,0.0,2696,0,1249,15.130927504971623,442,0.9614619592016878,0.027643100906101253,0.9971090698118871,0.027643100906101253,1271799.6026619228
42,on,2750,410,0.9547441741107586,872991.6526132637,914372.3274628634,0.0,2923,0,1450,15.363940596580505,442,0.9610836534245922,0.027829523826521194,0.9969702901264954,0.027829523826521194,1270498.212899464
42,on,3000,436,0.954202868649917,872496.6978791655,914372.3274628634,0.0,3134,0,1615,15.554062779992819,442,0.960464379615142,0.029300701036731342,0.997448032603767,0.029300701036731342,1276613.9041425546
42,on,3250,428,0.9517720964690279,870274.067062594,914372.3274628634,0.0,3316,1,1923,15.862846080213787,442,0.9590964734272149,0.030238844939308843,0.9930098153116071,0.030238844939308843,1271956.1071325585
42,on,3500,441,0.9523528279926168,870805.071897449,914372.3274628634,0.0,3513,4,2184,16.022428419440985,442,0.9597875501129207,0.03003002414321173,0.997822492048715,0.03003002414321173,1276663.094659002
42,on,3750,462,0.9512685018720829,869813.5940988876,914372.3274628634,0.0,3731,7,2393,15.601632812991738,442,0.9582299772155167,0.03124687181201643,0.995343217572001,0.03124687181201643,1272589.2386810833
42,on,4000,425,0.9523537894894968,870805.9510635891,914372.3274628634,0.0,3911,9,2700,16.422134302556515,442,0.9590485441418544,0.029814455284130025,0.9950559638102897,0.029814455284130025,1267821.2630142248
42,on,4250,448,0.951560563460688,870080.647133423,914372.3274628634,0.0,4089,11,2928,16.162352580577135,442,0.9583807079298208,0.03047411820562734,0.9953567370322524,0.03047411820562734,1273081.0603964566
42,on,4500,450,0.9489697936276204,867711.7188912404,914372.3274628634,0.0,4312,11,3208,16.51754598878324,442,0.9573167193267464,0.031227336236178644,0.9927300387394403,0.031227336236178644,1269068.0380138557
42,on,4750,426,0.9514535170334891,869982.7668426386,914372.3274628634,0.0,4519,13,3501,16.075160639360547,442,0.9589114710943429,0.028971449397631285,0.9934596225879758,0.028971449397631285,1264525.5076892355
42,on,5000,425,0.9519031771289914,870393.9235907302,914372.3274628634,0.0,4719,15,3756,15.948022859171033,442,0.9598859358887029,0.028126785551406484,0.9923664681133312,0.028126785551406484,1250011.6296183092
42,on,5250,473,0.9485598617926978,867336.8885652411,914372.3274628634,0.0,4900,15,4013,15.534993739798665,442,0.9560120041153326,0.03184497579081076,0.9913383135370231,0.03184497579081076,1269630.1001519917
42,on,5500,464,0.94777132221363,866615.8697950323,914372.3274628634,0.0,5101,16,4315,15.652113582938911,442,0.956327828389374,0.0309612614772829,0.9924807732906067,0.0309612614772829,1257716.9438293537
42,on,5750,449,0.9484191725752501,867208.2462380346,914372.3274628634,0.0,5297,16,4614,15.805894078686832,442,0.9577902280765561,0.030201516256797605,0.986290263326818,0.030201516256797605,1258415.4860701265
42,on,6000,492,0.9491168123222553,867846.1487172343,914372.3274628634,0.0,5483,17,4814,15.645950468257071,442,0.9565559835651006,0.03232851445869053,0.9938777118052634,0.03232851445869053,1273388.270765008
42,on,6250,495,0.9457128689476332,864733.6770912292,914372.3274628634,0.0,5687,19,5188,16.453899016603827,442,0.9527936292739474,0.035784250944967816,0.9975128620104362,0.035784250944967816,1281366.0890002646
42,on,6500,445,0.9493112375402324,868023.9257563135,914372.3274628634,0.0,5946,22,5446,18.89159258455038,442,0.955721456611597,0.032880547448495605,0.9878203087600499,0.032880547448495605,1280071.0502571724
42,on,6750,450,0.9462248299130288,865201.8000307282,914372.3274628634,0.0,6159,22,5811,16.568611696362495,442,0.9549166388331132,0.03220104754732348,0.9945998532087914,0.03220104754732348,1264578.609746647
42,on,7000,478,0.9514442525936672,869974.295695236,914372.3274628634,0.0,6398,23,5995,15.659177400171757,442,0.9586019936099062,0.028689492941207487,0.9920240853410478,0.028689492941207487,1261452.3799304503
42,on,7250,490,0.9457110208394004,864731.987232203,914372.3274628634,0.0,6591,26,6393,16.02017012424767,442,0.9538477147167896,0.03419596248547284,0.993181755742944,0.03419596248547284,1269385.8314735936
42,on,7500,457,0.9479201926987325,866751.992846986,914372.3274628634,0.0,6800,27,6694,17.494855891913176,442,0.9554620114188414,0.03207832193859959,0.991012931541021,0.03207832193859959,1264809.4127322985
42,on,7750,459,0.9474137918876214,866288.9539587013,914372.3274628634,0.0,7012,28,7033,16.143731551244855,442,0.9561418631435806,0.030942904716950832,0.9921846672855713,0.030942904716950832,1256885.9549584968
42,on,8000,472,0.9487272377437659,867489.9325031806,914372.3274628634,0.0,7175,29,7346,15.706427743658425,442,0.9570619600363297,0.030461893401534487,0.9884379715816242,0.030461893401534487,1257881.5287493665
42,on,8250,485,0.9496931290215115,868373.1167588889,914372.3274628634,0.0,7329,31,7632,15.729191640391944,442,0.9569217648024666,0.03088817020034458,0.993600532298794,0.03088817020034458,1273433.2176436542
42,on,8500,458,0.9475853640279097,866445.8347759445,914372.3274628634,0.0,7532,31,7923,15.77877684123814,442,0.9557973631970106,0.03136781481871471,0.9858164223081795,0.03136781481871471,1262183.178649959
42,on,8750,506,0.9453145036650333,864369.422900598,914372.3274628634,0.0,7708,36,8205,16.177481343969703,442,0.9524373103680749,0.03436282362526075,0.9982407124052813,0.03436282362526075,1274358.2363898403
42,on,9000,519,0.9434119800596964,862629.8079635331,914372.3274628634,0.0,7860,44,8574,16.004152480512857,442,0.9517071948092967,0.03533804410927877,0.9982507643429497,0.03533804410927877,1274530.4900048794
42,on,9250,449,0.9465248924047521,865476.1688696695,914372.3274628634,0.0,8022,46,8873,15.533924704417586,442,0.9546972387011717,0.03239225291822465,0.9853968887079658,0.03239225291822465,1262585.0919661021
42,on,9500,483,0.947374899002649,866253.3913809473,914372.3274628634,0.0,8229,47,9158,15.700889464467766,442,0.9551864228984616,0.032351894565668726,0.9940577248299951,0.032351894565668726,1266835.1612388706
42,on,9750,524,0.945723972956165,864743.8302893547,914372.3274628634,0.0,8473,47,9392,16.021162644028664,442,0.9527299896546592,0.0359322248917497,0.9996787855346542,0.0359322248917497,1278421.5481280305
42,on,10000,500,0.9425857438689388,861874.320454756,914372.3274628634,0.0,8692,56,9888,16.6087797973305,442,0.9494036227727122,0.038210977930978364,0.9979201715953422,0.038210977930978364,1286603.7808517131
42,on,10250,513,0.9418141019432372,861168.7524311843,914372.3274628634,0.0,8916,57,10155,16.14528601244092,442,0.950508117860999,0.0357873937212685,0.9957263693033577,0.0357873937212685,1273469.0576915538
42,on,10500,518,0.9434212241039995,862638.2604618378,914372.3274628634,0.0,9122,57,10455,16.005246436223388,442,0.9519244348567254,0.03414021446674961,0.9978677882339159,0.03414021446674961,1269423.7194893183
42,on,10750,552,0.94193422775218,861278.5921466957,914372.3274628634,0.0,9343,60,10819,16.505663035437465,442,0.9492287058607455,0.03822662621445165,0.9974302842772329,0.03822662621445165,1287033.6514952125
42,on,11000,493,0.9446412554587772,863753.8233712835,914372.3274628634,0.0,9551,61,11218,15.932516556233168,442,0.9514440189966693,0.03628482988874388,0.9954730542862197,0.03628482988874388,1288059.1081509427
42,on,11250,509,0.9416680275903844,861035.1860851836,914372.3274628634,0.0,9759,64,11511,15.762976652011277,442,0.9503133063693213,0.035862606487419554,0.9843583116894853,0.035862606487419554,1276974.8010721186
42,on,11500,529,0.9397880845287455,859316.2181724153,914372.3274628634,0.0,9988,64,11864,15.948938738554716,442,0.9489693947483951,0.036562684207051235,0.9929045723200252,0.036562684207051235,1278495.6228741186
42,on,11750,535,0.9397675520497235,859297.4438417833,914372.3274628634,0.0,10230,68,12249,16.726514104753733,442,0.9490812525414589,0.03823681550665407,0.9869141309946047,0.03823681550665407,1286238.4206792915
42,on,12000,516,0.9376133762726355,857327.7251227233,914372.3274628634,0.0,10449,70,12643,16.405110390856862,442,0.9479712355041322,0.038536365383477746,0.9965444659360171,0.038536365383477746,1288081.8983523152
42,on,12250,528,0.9404164593794117,859890.786747138,914372.3274628634,0.0,10677,70,12991,16.0598238799721,442,0.9495402339319811,0.036694371009429155,0.9929904053511662,0.036694371009429155,1280478.5592622512
42,on,12500,521,0.9394620984250364,859018.1455000462,914372.3274628634,0.0,10909,71,13353,16.182429244741797,442,0.9490308385303309,0.03743013327570141,0.9911620692027802,0.03743013327570141,1281877.3118314128
42,on,12750,528,0.940362779242163,859841.7031151034,914372.3274628634,0.0,11133,73,13734,16.505696004256606,442,0.9490214377667305,0.0372848830584931,0.9987164861321953,0.0372848830584931,1281494.4612047938
42,on,13000,548,0.9398788635068617,859399.22395792,914372.3274628634,0.0,11330,74,14082,16.136164167895913,442,0.9472407290252283,0.03811111489008632,0.9969875553200872,0.03811111489008632,1283030.0205282778
42,on,13250,514,0.939212393517837,858789.8222428714,914372.3274628634,0.0,11565,75,14446,16.48976417258382,442,0.9482517540092082,0.037216769465064,0.9985462687763876,0.037216769465064,1280903.0407980739
42,on,13500,539,0.9378787738811181,857570.3973516945,914372.3274628634,0.0,11789,76,14774,16.414710376411676,442,0.9477107638984829,0.03845608226725877,0.9981399555458956,0.03845608226725877,1287145.404148906
42,on,13750,492,0.941656747858202,861024.8722102148,914372.3274628634,0.0,12024,77,15187,16.013410976156592,442,0.9496801283570718,0.0355683687415248,0.9875505450326031,0.0355683687415248,1280267.8424293266
42,on,14000,515,0.9431892644914942,862426.1630110738,914372.3274628634,0.0,12236,79,15486,15.69262012280524,442,0.9506264874993282,0.03678448661022951,0.9975516654514099,0.03678448661022951,1284244.7990133471
42,on,14250,489,0.9417179339885844,861080.8191146611,914372.3274628634,0.0,12463,81,15870,16.111949207261205,442,0.9498635921466666,0.03736020791409279,0.9970299747919418,0.03736020791409279,1281358.9481278413
42,on,14500,516,0.9431644621861079,862403.4844693714,914372.3274628634,0.0,12677,82,16191,15.799843830987811,442,0.9534337476380689,0.0350687635939045,0.9990363566039624,0.0350687635939045,1275072.867020047
42,on,14750,493,0.9439977454757931,863165.4156503966,914372.3274628634,0.0,12896,84,16541,15.678539680317044,442,0.9528105465047888,0.03448466117155533,0.9888637464775767,0.03448466117155533,1268070.2129673318
42,on,15000,533,0.940287228361929,859772.621480902,914372.3274628634,0.0,13075,87,16921,16.183986132964492,442,0.9499563951833537,0.03664367344105238,0.9968137403892656,0.03664367344105238,1282082.332598068
42,on,15250,471,0.9438816296916016,863059.2425905503,914372.3274628634,0.0,13332,94,17235,15.987946571782231,442,0.9532848116780911,0.033801851636037404,0.9973272447695208,0.033801851636037404,1267967.7777042014
42,on,15500,517,0.9428297549256676,862097.4374126238,914372.3274628634,0.0,13566,97,17556,16.32416300289333,442,0.951036284102352,0.03504399522849905,0.9990363566039624,0.03504399522849905,1270935.8210168986
42,on,15750,525,0.941882001868936,861230.8382442801,914372.3274628634,0.0,13777,100,17947,16.56107345968485,442,0.9513692177979065,0.035573579339987005,0.9986130345672651,0.035573579339987005,1272564.0053609812
42,on,16000,517,0.9395872285259641,859132.5610016672,914372.3274628634,0.0,13991,101,18265,17.080976529046893,442,0.949531018185467,0.03670674952250012,0.996172703880283,0.03670674952250012,1278025.158190395
42,on,16250,518,0.9392762676203679,858848.2269546671,914372.3274628634,0.0,14202,106,18651,16.802438056096435,442,0.9490032051673447,0.036757086731918354,0.9966481979737117,0.036757086731918354,1280302.452863406
42,on,16500,536,0.9379132609140495,857601.9313402633,914372.3274628634,0.0,14401,107,18992,16.87559250369668,442,0.947859990372816,0.03886578938090161,0.9907883685373016,0.03886578938090161,1289852.450662889
42,on,16750,556,0.9377665354685683,857467.7696531806,914372.3274628634,0.0,14593,108,19389,16.981373507529497,442,0.9477109646460281,0.03805403419894218,0.9980727132079247,0.03805403419894218,1288152.9223772923
42,on,17000,541,0.9369277531197842,856700.8102846881,914372.3274628634,0.0,14796,113,19779,16.754464918747544,442,0.9482605594042687,0.038079176276804565,1.0,0.038079176276804565,1285422.0124300427
42,on,17250,556,0.93767978897884,857388.4510634685,914372.3274628634,0.0,14973,123,20123,16.42620860412717,442,0.9480281077525471,0.03860869206012037,0.9978877301390329,0.03860869206012037,1284552.65418801
42,on,17500,545,0.9357137817513157,855590.7884590284,914372.3274628634,0.0,15135,127,20516,16.80171963199973,442,0.9457211781161624,0.04200908458886994,0.9990363566039624,0.04200908458886994,1303674.4678806358
42,on,17750,514,0.9381973548738116,857861.6989954691,914372.3274628634,0.0,15295,128,20962,16.161644607782364,442,0.9482526332810852,0.0382770276627777,0.9965027441418346,0.0382770276627777,1287374.0465863072
42,on,18000,501,0.9398989968176132,859417.6333001314,914372.3274628634,0.0,15498,128,21319,16.215269949287176,442,0.9501865755283602,0.03614270334789066,0.9931427003686585,0.03614270334789066,1276075.047422485
42,on,18250,502,0.9397279649425975,859261.2464865029,914372.3274628634,0.0,15687,130,21725,16.397761246189475,442,0.9491206071463234,0.037871231679548145,0.9944649229759717,0.037871231679548145,1283292.664935973
42,on,18500,493,0.9410990209372045,860514.9021473738,914372.3274628634,0.0,15879,133,22092,16.529403246939182,442,0.949848864080099,0.03728543668687445,0.9889911129159968,0.03728543668687445,1283274.3508187914
42,on,18750,501,0.9419606434812597,861302.745958376,914372.3274628634,0.0,16085,136,22431,17.52843027189374,442,0.9529102726039133,0.03510095026031558,0.9921631370134458,0.03510095026031558,1275771.568317611
42,on,19000,523,0.9413966336988238,860787.0310208981,914372.3274628634,0.0,16292,136,22783,16.59901823475957,442,0.9510852898782511,0.035551507558070496,0.9923146327259946,0.035551507558070496,1274175.8234889572
42,on,19250,517,0.9387405713024635,858358.4010656516,914372.3274628634,0.0,16467,138,23165,17.52523466013372,442,0.9482892504479415,0.03931477230236565,0.9975500319327807,0.03931477230236565,1290147.2165578413
42,on,19500,541,0.9400797212644384,859582.8827332044,914372.3274628634,0.0,16647,139,23493,16.022692013531923,442,0.9498248718231327,0.0371142353824935,0.9975472190100749,0.0371142353824935,1282748.9043062988
42,on,19750,517,0.9407796377446415,860222.8669942373,914372.3274628634,0.0,16849,141,23838,16.347233682870865,442,0.9503560238853824,0.03755043540744518,0.9987151421386165,0.03755043540744518,1289779.5154610209
42,on,20000,532,0.9396722203877895,859210.2752081798,914372.3274628634,0.0,17072,143,24184,16.534773828461766,442,0.9506936361792003,0.03773299745858039,0.9979538797217258,0.03773299745858039,1286549.408873025
42,on,20250,541,0.9381098530973395,857781.6897924592,914372.3274628634,0.0,17259,146,24577,16.613400818780065,442,0.9475836923252472,0.03981768031048005,1.0,0.03981768031048005,1293008.0797391913
42,on,20500,488,0.9410909482324195,860507.5206895105,914372.3274628634,0.0,17458,152,24957,16.742566542699933,442,0.9513189463006305,0.03613178498699433,0.9977514987425788,0.03613178498699433,1277164.3337584087
42,on,20750,525,0.9411526173292502,860563.9092051121,914372.3274628634,0.0,17639,154,25300,16.803727593272924,442,0.9504016912128097,0.037352930156726714,0.9957746849879252,0.037352930156726714,1278157.0210272516
42,on,21000,515,0.9410415951137001,860462.3935634795,914372.3274628634,0.0,17832,155,25697,16.893193930387497,442,0.9509908668040299,0.03643588941953881,0.9990363566039624,0.03643588941953881,1278831.9958906542
42,on,21250,510,0.9408281818615862,860267.2543914327,914372.3274628634,0.0,18006,156,26026,16.521036636084318,442,0.9509521181681776,0.03686684526894958,0.9993575710693082,0.03686684526894958,1282871.1798360893
42,on,21500,511,0.9406428661448646,860097.8068282185,914372.3274628634,0.0,18187,157,26403,16.786151675507426,442,0.9504582332307434,0.037295463680841995,0.9983939276732706,0.037295463680841995,1283954.9572302015
42,on,21750,488,0.9404740734998297,859943.4675045194,914372.3274628634,0.0,18359,163,26861,16.346542304381728,442,0.9514249046734087,0.036414368505518505,0.9999881071508956,0.036414368505518505,1283543.4736861726
42,on,22000,482,0.944719183570591,863825.0786802574,914372.3274628634,0.0,18545,167,27158,15.766885783523321,442,0.9548196937956038,0.031962209929924615,0.9980629919859265,0.031962209929924615,1261658.9331522922
42,on,22250,478,0.9433166509137489,862542.6416304781,914372.3274628634,0.0,18714,168,27514,15.979054600000381,442,0.9547064061810864,0.032459919913984885,0.9962894105249644,0.032459919913984885,1263879.5356674348
42,on,22500,511,0.9438700749132242,863048.677220952,914372.3274628634,0.0,18893,170,27833,15.581599973142147,442,0.9547161055417493,0.03271384046368309,0.9931964705988705,0.03271384046368309,1268958.4738980215
42,on,22750,494,0.9410748731393153,860492.8220692147,914372.3274628634,0.0,19081,172,28108,15.852125415578483,442,0.9523931041157342,0.03572072889707468,0.9991241835145203,0.03572072889707468,1280896.3136159878
42,on,23000,504,0.93947139169231,859026.6430064728,914372.3274628634,0.0,19248,175,28477,15.962701523676515,442,0.9512046616132381,0.037782962575204915,1.0,0.037782962575204915,1287593.9518430291
42,on,23250,499,0.939141577256618,858725.0698132783,914372.3274628634,0.0,19406,177,28857,16.25456744246185,442,0.9504008277032505,0.037655151010105095,0.997889404543295,0.037655151010105095,1285795.8028271846
42,on,23500,515,0.9392531151356998,858827.0569633746,914372.3274628634,0.0,19559,177,29144,16.068651385605335,442,0.9495990058494548,0.0387744240814295,0.9993575710693082,0.0387744240814295,1289265.6939452796
42,on,23750,531,0.9398114864265728,859337.6162201986,914372.3274628634,0.0,19728,178,29512,16.073740895837545,442,0.9497429825376504,0.03885286962759566,0.9982033635745609,0.03885286962759566,1291423.7413930618
42,on,24000,484,0.9398336410689623,859357.8738121244,914372.3274628634,0.0,19886,179,29914,16.940023113042116,442,0.9509700400577613,0.036999847103580265,0.9972483790175035,0.036999847103580265,1284856.7986063329
42,on,24250,506,0.9410244546506024,860446.7207983431,914372.3274628634,0.0,20053,182,30224,16.427966736257076,442,0.9511981994169949,0.03662100290011696,0.9993575710693082,0.03662100290011696,1280442.896685654
42,on,24500,514,0.9405692743368808,860030.5165154701,914372.3274628634,0.0,20215,187,30583,16.26909676939249,442,0.9497682086808877,0.037977640638940595,0.9973710754499148,0.037977640638940595,1283303.5310852309
42,on,24750,561,0.9378006572440245,857498.9696604217,914372.3274628634,0.0,20404,192,30873,17.55857746861875,442,0.9478216288659591,0.04000432991429675,0.9996364852436469,0.04000432991429675,1290014.2096001995
42,on,25000,551,0.9353724829644854,855278.7142929541,914372.3274628634,0.0,20575,196,31292,16.27976077608764,442,0.9458446368985814,0.041837642168434275,0.99962405990821,0.041837642168434275,1303049.4645940012
42,on,25250,528,0.9369910438919321,856758.681615324,914372.3274628634,0.0,20745,198,31666,16.09339158423245,442,0.9476867492051831,0.04047002290101487,0.9990363566039624,0.04047002290101487,1296421.4821437502
42,on,25500,531,0.9368571979832215,856636.2966202549,914372.3274628634,0.0,20896,202,32104,16.19971341639757,442,0.9476544642705244,0.04068943372378849,0.9953195016486737,0.04068943372378849,1298699.8171287908
42,on,25750,508,0.9413875200564203,860778.6977584821,914372.3274628634,0.0,21079,206,32441,15.657451631501315,442,0.950820274890089,0.03670539428040427,0.9985970539460358,0.03670539428040427,1283300.2357475352
42,on,26000,559,0.9367148176716671,856506.108003394,914372.3274628634,0.0,21230,208,32799,16.263941114768386,442,0.9472166750232408,0.04086091549325296,0.9994050125501134,0.04086091549325296,1299310.2399267077
42,on,26250,510,0.9382554064824032,857914.77977993,914372.3274628634,0.0,21401,210,33186,16.371790604665875,442,0.9486171869143635,0.038705525870849716,0.9983952716668495,0.038705525870849716,1290403.387138781
42,on,26500,534,0.9388638176947611,858471.0941562282,914372.3274628634,0.0,21563,213,33466,16.594959819689393,442,0.950919438306647,0.037679605949952476,0.9993575710693082,0.037679605949952476,1286638.1712301704
42,on,26750,533,0.9405334787316315,859997.7860045854,914372.3274628634,0.0,21768,213,33820,16.857382580637932,442,0.9511147001236605,0.03696526150074876,0.9984608687336323,0.03696526150074876,1283084.873392877
42,on,27000,558,0.9370425374140803,856805.7658670199,914372.3274628634,0.0,21956,214,34186,16.492261055856943,442,0.9480865525374947,0.03988930236437008,0.9976614909809199,0.03988930236437008,1293967.253016909
42,on,27250,534,0.9376700006411897,857379.5008783892,914372.3274628634,0.0,22144,215,34553,16.293977588415146,442,0.9481828773955053,0.040031224171337275,0.9957578763132612,0.040031224171337275,1293645.9855404063
42,on,27500,485,0.9425055076602656,861800.9546858848,914372.3274628634,0.0,22342,217,34896,16.154137831181288,442,0.9527175444504133,0.034830118389389715,0.9935000220422643,0.034830118389389715,1273756.359202513
42,on,27750,543,0.9420001632168278,861338.881710968,914372.3274628634,0.0,22591,220,35155,16.297900512814522,442,0.9517743459480504,0.035787988637794664,0.9973012389870158,0.035787988637794664,1283185.5696136425
42,on,28000,522,0.9385191586987874,858155.9475078988,914372.3274628634,0.0,22788,223,35526,16.61929251998663,442,0.9489925645415429,0.04004510803870949,0.9957690203075951,0.04004510803870949,1297767.1244096097
42,on,28250,531,0.9386939446755264,858315.7669682574,914372.3274628634,0.0,22997,224,35839,16.177288440987468,442,0.9487284264506359,0.03900029418140208,0.9943462256856965,0.03900029418140208,1291576.8600655517
42,on,28500,526,0.9373172404117728,857056.946686381,914372.3274628634,0.0,23163,225,36257,16.328341679647565,442,0.949091816364186,0.03802236970931899,0.9986925597811821,0.03802236970931899,1291500.0264574897
42,on,28750,521,0.937905072989484,857594.4445286213,914372.3274628634,0.0,23327,230,36574,16.52401547692716,442,0.9493387576218197,0.03835269304295365,0.9982490283746401,0.03835269304295365,1290644.75761087
42,on,29000,521,0.9382338377401849,857895.0579189074,914372.3274628634,0.0,23492,231,36944,16.58022329956293,442,0.9489604533184526,0.037619839287091936,0.9961234141383711,0.037619839287091936,1284358.24996784
42,on,29250,522,0.9401244487769157,859623.7803328899,914372.3274628634,0.0,23638,234,37267,16.30802777595818,442,0.9498308412265122,0.036775632636433374,0.998448660418591,0.036775632636433374,1281179.5075158922
42,on,29500,496,0.9402213466540658,859712.3810703459,914372.3274628634,0.0,23819,237,37636,16.825800389051437,442,0.9504054012099973,0.03729418901651902,0.9856177098151555,0.03729418901651902,1280983.7661556173
42,on,29750,500,0.939633879713557,859175.2175566454,914372.3274628634,0.0,23975,242,38042,16.669558480381966,442,0.9496649022459644,0.03834900827823915,0.9923946684479577,0.03834900827823915,1288240.4579669419
42,on,30000,516,0.938556205530931,858189.822106031,914372.3274628634,0.0,24118,245,38454,16.771602120250463,442,0.9488980754697479,0.03910353211866545,0.9932829335872249,0.03910353211866545,1291167.4137886718
42,on,30250,512,0.9392394757693147,858814.585504188,914372.3274628634,0.0,24261,250,38771,16.50137833505869,442,0.9500384218523157,0.037929840129354214,0.9963445533745151,0.037929840129354214,1288218.9207161586
42,on,30500,518,0.9385705577427897,858202.9453713925,914372.3274628634,0.0,24433,251,39116,16.758034387603402,442,0.9498813562904364,0.03853462090788251,0.9989013273611818,0.03853462090788251,1291485.7696760688
42,on,30750,506,0.9374006281317172,857133.1941099484,914372.3274628634,0.0,24580,252,39481,15.957904936745763,442,0.9493166365980202,0.0394704710879387,0.9940852887343178,0.0394704710879387,1293520.5734043235
42,on,31000,537,0.9371741113396873,856926.0734236105,914372.3274628634,0.0,24759,254,39844,16.22776160016656,442,0.9481463202057762,0.04019369859496701,0.9957145879114049,0.04019369859496701,1294625.6031298635
42,on,31250,540,0.938396663446126,858043.9412386196,914372.3274628634,0.0,24945,255,40233,16.18909291177988,442,0.9503826311330807,0.03750093789027718,0.995133675250921,0.03750093789027718,1288377.6564642824
42,on,31500,483,0.9400790908317636,859582.3062830123,914372.3274628634,0.0,25160,257,40597,16.16943697631359,442,0.9516784517813598,0.03639500270570496,0.9830484348905842,0.03639500270570496,1281616.035475841
42,on,31750,517,0.9405191331842743,859984.6688330597,914372.3274628634,0.0,25361,262,40943,15.93628395535052,442,0.9512984546854343,0.03605672646361552,0.9966182505334281,0.03605672646361552,1282142.333530821
42,on,32000,495,0.9398603575256486,859382.3026008062,914372.3274628634,0.0,25568,266,41341,16.078154372051358,442,0.9508259055368143,0.038075036992620354,0.9964562720073831,0.038075036992620354,1286602.5458806877
42,on,32250,524,0.937816736589501,857513.6721689692,914372.3274628634,0.0,25772,270,41688,16.002169312909245,442,0.948751443611944,0.03910914643267704,0.994794958599927,0.03910914643267704,1290453.4229979054
42,on,32500,517,0.9390520759763044,858643.232319287,914372.3274628634,0.0,25970,271,41976,16.370975395664573,442,0.9507545057715091,0.03799315846843516,0.9986016409914853,0.03799315846843516,1291232.7897218498
42,on,32750,552,0.9367309584580782,856520.8666918317,914372.3274628634,0.0,26171,274,42282,16.329894660040736,442,0.9470650039584014,0.04142592951456036,0.997570055748166,0.04142592951456036,1299819.3904526476
42,on,33000,523,0.936876907763828,856654.3186982218,914372.3274628634,0.0,26373,275,42679,16.85258267261088,442,0.947786046529946,0.040433572980264613,0.9932151169019031,0.040433572980264613,1297262.6685118277
42,on,33250,565,0.9360691489172558,855915.7263616528,914372.3274628634,0.0,26573,276,43075,16.669939504936337,442,0.9470444693254704,0.041470519620557054,0.9964519304548966,0.041470519620557054,1302009.957760276
42,on,33500,535,0.9373197807389545,857059.2694912587,914372.3274628634,0.0,26774,278,43391,16.81682700663805,442,0.9490322887727776,0.038733645901077175,0.9957737710957878,0.038733645901077175,1294455.1972521667
42,on,33750,517,0.9379004820485407,857590.2466992657,914372.3274628634,0.0,26966,278,43705,16.223188310861588,442,0.9491046461460989,0.03861562589471048,0.996248592106231,0.03861562589471048,1289823.2087830713
42,on,34000,540,0.935440775308215,855341.158922238,914372.3274628634,0.0,27168,279,44134,16.05993111245334,442,0.9464937719945918,0.040670246310666215,0.9884486119492168,0.040670246310666215,1298206.8788878107
42,on,34250,538,0.9356753823936591,855555.6771489948,914372.3274628634,0.0,27367,281,44478,16.212510887533426,442,0.9465408813967104,0.04190462668507975,0.9966237602692025,0.04190462668507975,1305179.8434644004
42,on,34500,557,0.936660774606592,856456.6925201981,914372.3274628634,0.0,27551,284,44871,16.701330207288265,442,0.9477791367670864,0.04032814122745488,0.9973468027692234,0.04032814122745488,1297894.84879545
42,on,34750,531,0.9349973163812539,854935.6723510585,914372.3274628634,0.0,27742,285,45275,16.712468419224024,442,0.9454795977599149,0.0434325234841335,0.9988697571760142,0.0434325234841335,1308259.986947756
42,on,35000,567,0.9343363400116268,854331.2938495645,914372.3274628634,0.0,27903,288,45698,16.634659368544817,442,0.9461047365475354,0.04299929397649109,0.9977506957543124,0.04299929397649109,1309235.3093460633
42,on,35250,541,0.9352526048203914,855169.101035327,914372.3274628634,0.0,28120,291,46088,16.356148654595017,442,0.9469805723142507,0.04161395052082519,0.9970978409944133,0.04161395052082519,1307324.8977642804
42,on,35500,502,0.9372444358201605,856990.3761824984,914372.3274628634,0.0,28329,293,46526,16.161806935444474,442,0.9488103345031512,0.03853013599261325,0.9975327164092088,0.03853013599261325,1289740.9048230243
42,on,35750,496,0.9395738110461047,859120.2924293794,914372.3274628634,0.0,28537,296,46881,16.500544980168343,442,0.9514467538960264,0.03568698138804634,0.9940675811387448,0.03568698138804634,1279381.1751356544
42,on,36000,558,0.9376171679342123,857331.1921131442,914372.3274628634,0.0,28727,300,47253,16.408257959410548,442,0.949695618901821,0.037775836376326366,0.9965302740773219,0.037775836376326366,1290381.3515874147
42,on,36250,521,0.9381642666632887,857831.4440514017,914372.3274628634,0.0,28916,302,47595,16.725037867203355,442,0.9497488450758462,0.03850121111892218,0.9957191899721357,0.03850121111892218,1288383.227327991
42,on,36500,554,0.9356420072682486,855525.1598578938,914372.3274628634,0.0,29092,305,47940,16.203638304024935,442,0.9465510720083263,0.04255342152444873,0.9977940758550784,0.04255342152444873,1305337.8804521458
42,on,36750,536,0.9356217343627057,855506.6228740681,914372.3274628634,0.0,29258,309,48349,16.14516373537481,442,0.9463279961064174,0.04192730537606461,0.9935182562582854,0.04192730537606461,1302304.186108504
42,on,37000,565,0.9363180366668685,856143.3024325432,914372.3274628634,0.0,29455,313,48660,15.933976938948037,442,0.9478677911027183,0.04079182873794935,0.9982533005236714,0.04079182873794935,1301093.5134722893
42,on,37250,545,0.9348949179180692,854842.0420299476,914372.3274628634,0.0,29648,314,49040,15.9796272367239,442,0.9462067445058023,0.04217621076057483,0.9975768955136567,0.04217621076057483,1308608.8450751894
42,on,37500,530,0.9371106671928683,856868.0618514197,914372.3274628634,0.0,29827,316,49428,16.120481545105577,442,0.9480497109835867,0.039775524651831894,0.9969733160497882,0.039775524651831894,1293620.3183260008
42,on,37750,527,0.9380713903666646,857746.5205358914,914372.3274628634,0.0,30000,317,49792,16.099878795444965,442,0.9480491781680811,0.04011514207317551,0.9970884923753354,0.04011514207317551,1293337.2963373964
42,on,38000,574,0.9377460981865977,857449.0823680982,914372.3274628634,0.0,30177,318,50140,15.806812440976502,442,0.948179476720244,0.04063486761806543,0.996012550752406,0.04063486761806543,1294912.3041435436
42,on,38250,536,0.9363583455554898,856180.1597648493,914372.3274628634,0.0,30396,319,50504,16.153813296929002,442,0.9482903037168423,0.04062661157368463,0.9994534862020438,0.04062661157368463,1300794.9956697307
42,on,38500,538,0.9367279838103427,856518.1467562586,914372.3274628634,0.0,30572,320,50863,16.178511392325163,442,0.9475728506746643,0.04066500555019499,0.9974413490015166,0.04066500555019499,1295611.9172849478
42,on,38750,527,0.9398648650866828,859386.4241898803,914372.3274628634,0.0,30769,324,51204,16.147993667051196,442,0.9502200998263536,0.03830218909220001,0.9949776361578312,0.03830218909220001,1289447.385240585
42,on,39000,588,0.934879400407628,854827.853247809,914372.3274628634,0.0,30932,325,51582,16.218340376392007,442,0.945506268813002,0.043817308682499695,0.9989696914692953,0.043817308682499695,1310553.3723030915
42,on,39250,526,0.9358460531385115,855711.7337551954,914372.3274628634,0.0,31122,328,51962,16.177957663312554,442,0.9471021414669656,0.04180979262652257,0.9976161681000504,0.04180979262652257,1304051.6830026025
42,on,39500,544,0.9359121923570153,855772.2096263552,914372.3274628634,0.0,31306,330,52297,16.079006120562553,442,0.9461727465675337,0.043205187987322535,0.9996787855346542,0.043205187987322535,1310304.0930782747
42,on,39750,559,0.9339414617853764,853970.2281267635,914372.3274628634,0.0,31484,332,52632,16.170597115531564,442,0.9446700810194979,0.04588543505788289,0.9993488680528576,0.04588543505788289,1322696.8028595299
42,on,40000,558,0.9368202290514839,856602.4932520981,914372.3274628634,0.0,31677,336,52995,16.00953022018075,442,0.9470952302891197,0.04232366708969754,0.9934639449388962,0.04232366708969754,1304649.477487535
43,off,250,53,0.9994232026339858,898128.0805219878,898646.4174085271,0.0,1912,0,41,8.468699228018522,436,0.9991671628578601,4.387279021458263e-05,0.0797632127746919,4.387279021458263e-05,1057347.897935593
43,off,500,57,0.9990466780950786,897789.7180940325,898646.4174085271,0.0,1914,0,57,7.509366819635034,436,0.9988772820653959,7.235221146825925e-05,0.11579929649116771,7.235221146825925e-05,1056825.3163207222
43,off,750,88,0.9966844878660805,895666.9443075059,898646.4174085271,0.0,1918,0,85,7.695488711819053,436,0.9968409945654327,0.0006887681134104712,0.47361397433175545,0.0006887681134104712,1051470.5730361426
43,off,1000,183,0.9924129293740074,891828.3235718533,898646.4174085271,0.0,1924,0,161,7.939347326755523,436,0.9939179995727764,0.0024385632685687587,0.955912470941624,0.0024385632685687587,1043699.5815811486
43,off,1250,267,0.9878805283255302,887755.2976073807,898646.4174085271,0.0,1961,0,225,8.239103652536869,436,0.9903021239183529,0.003727427190824725,0.9824365492051039,0.003727427190824725,1029135.4131665943
43,off,1500,310,0.9842268251664505,884471.9103531996,898646.4174085271,0.0,2028,0,299,8.307141825556755,436,0.9878996132633512,0.005857274051260743,0.9841801719394817,0.005857274051260743,1030359.6222059806
43,off,1750,460,0.9751423012164117,876308.1354516351,898646.4174085271,0.0,2094,1,411,8.686945104971528,436,0.9813269739555861,0.012134932778800556,0.9743628543447636,0.012134932778800556,1050928.2283502927
43,off,2000,565,0.9708480789517716,872449.1479979604,898646.4174085271,0.0,2292,1,599,8.930276272818446,436,0.9762682327146167,0.016931695688573722,0.9911933794345571,0.016931695688573722,1066353.5731431681
43,off,2250,606,0.9674084536964567,869358.1410850438,898646.4174085271,0.0,2547,1,891,9.979197692126036,436,0.9740290418322199,0.020018244159388767,0.9899125961473463,0.020018244159388767,1075047.1622731525
43,off,2500,647,0.9668149459121007,868824.7874409282,898646.4174085271,0.0,2795,1,1105,9.909492488950491,436,0.9730079356241202,0.021068105295999506,0.991443854286608,0.021068105295999506,1093003.5857415148
43,off,2750,614,0.9664240293766443,868473.4916968346,898646.4174085271,0.0,3124,1,1322,9.470797074958682,436,0.9725291589958519,0.02136348873055604,0.9895522034350616,0.02136348873055604,1094648.280029833
43,off,3000,696,0.9625468652285202,864989.292025418,898646.4174085271,0.0,3431,1,1684,9.718046683818102,436,0.9685672345131755,0.023654870404265196,0.9769913579402921,0.023654870404265196,1099955.3334816536
43,off,3250,630,0.9636285228516929,865961.3197733448,898646.4174085271,0.0,3787,2,1987,9.504088608548045,436,0.9699347619609731,0.02206202294617808,0.9982971736234423,0.02206202294617808,1096069.4294021542
43,off,3500,664,0.9619462924465327,864449.5894464919,898646.4174085271,0.0,4109,2,2335,9.698323039337993,436,0.9682580160664143,0.023716267930596086,0.9851403020958479,0.023716267930596086,1106317.294931096
43,off,3750,692,0.9612340197599508,863809.5081484772,898646.4174085271,0.0,4386,2,2623,9.469056688249111,436,0.9682096118071363,0.024019551300384683,0.9982971736234423,0.024019551300384683,1106174.5625955597
43,off,4000,718,0.9598860993224333,862598.2042763503,898646.4174085271,0.0,4685,2,2977,9.709707433357835,436,0.966986326323973,0.024874428345233325,0.9969603659295888,0.024874428345233325,1103640.9623423766
43,off,4250,714,0.9599349519295348,862642.1054967032,898646.4174085271,0.0,4935,2,3420,9.602623960003257,436,0.9670642853978649,0.024084988586948634,0.9965571857106255,0.024084988586948634,1097307.3543939996
43,off,4500,786,0.9565130695363266,859567.0431432533,898646.4174085271,0.0,5230,2,3763,9.725405829027295,436,0.9647486723691685,0.026772911321076464,0.9950745302116789,0.026772911321076464,1110376.140408318
43,off,4750,772,0.9576225628082355,860564.0852971931,898646.4174085271,0.0,5559,4,4089,9.965489024296403,436,0.9649957146492159,0.02601241916235828,0.9986631923061465,0.02601241916235828,1108806.5369411143
43,off,5000,802,0.9549842829962163,858193.2045960007,898646.4174085271,0.0,5836,4,4615,10.276242423802614,436,0.9627173050250715,0.028640159728239627,0.992841121082772,0.028640159728239627,1118144.4666797721
43,off,5250,778,0.9556328323559483,858776.0211546365,898646.4174085271,0.0,6087,4,5110,9.90782605484128,436,0.9630551207799407,0.028360145233150447,0.9979125741726085,0.028360145233150447,1120311.1750048797
43,off,5500,769,0.9553476710458856,858519.7619649651,898646.4174085271,0.0,6340,4,5604,10.00222434848547,436,0.9628981143425828,0.028629770115676627,0.9969232043933297,0.028629770115676627,1122033.4353850721
43,off,5750,788,0.9532321085908303,856618.6193439257,898646.4174085271,0.0,6522,6,6050,9.7033869959414,436,0.9610900641932042,0.030717206707352642,0.9891424736628647,0.030717206707352642,1137364.4098359742
43,off,6000,774,0.9546939680624279,857932.3141208317,898646.4174085271,0.0,6726,9,6558,9.841953439638019,436,0.9620903135325964,0.0292764357946874,0.9988647824156281,0.0292764357946874,1132003.1179538874
43,off,6250,775,0.9547003832610208,857938.0791160641,898646.4174085271,0.0,6960,14,7083,9.893664570525289,436,0.9619024751760681,0.029470770551404086,0.9982971736234423,0.029470770551404086,1135713.8688997622
43,off,6500,761,0.9572042552826179,860188.1747379218,898646.4174085271,0.0,7161,17,7512,9.662147372961044,436,0.9646816487731433,0.02779709738930062,0.9967773565882366,0.02779709738930062,1129567.4970333343
43,off,6750,742,0.9548772267618756,858096.9988945492,898646.4174085271,0.0,7386,25,8001,10.14606810733676,436,0.9628249025810671,0.028150350223040844,0.9932646747353474,0.028150350223040844,1129822.110740339
43,off,7000,796,0.954907278078198,858124.0044023008,898646.4174085271,0.0,7590,28,8519,10.247505383566022,436,0.9621290052294115,0.028353697401819197,0.994611328737634,0.028353697401819197,1133410.4251206527
43,off,7250,768,0.9542612870512674,857543.4868802716,898646.4174085271,0.0,7827,31,8954,10.190997183322906,436,0.9615400718546822,0.029027315652529726,0.9982971736234423,0.029027315652529726,1134384.0075272731
43,off,7500,782,0.9532312442264288,856617.842585953,898646.4174085271,0.0,8032,35,9320,9.905419012531638,436,0.9613835291632197,0.028002989519528138,0.9963588294078582,0.028002989519528138,1127856.8139663986
43,off,7750,821,0.9514668746649513,855032.2982005465,898646.4174085271,0.0,8257,39,9899,10.27584982290864,436,0.9595180938079827,0.03127067177396893,0.9946007387248211,0.03127067177396893,1142467.4292966106
43,off,8000,815,0.9507424351863841,854381.2832585028,898646.4174085271,0.0,8445,44,10565,10.229118272662163,436,0.9588426202929912,0.032808408761351916,0.9929978030699924,0.032808408761351916,1149211.527500719
43,off,8250,806,0.9536540413878623,856997.7877403656,898646.4174085271,0.0,8636,49,11024,9.610609544441104,436,0.9609156311180392,0.029725069772431126,0.9858045268535998,0.029725069772431126,1136582.4768250645
43,off,8500,780,0.9560611583904406,859160.9348110158,898646.4174085271,0.0,8844,52,11493,10.0061578117311,436,0.9628387040964926,0.027203616338446212,0.9976645321428029,0.027203616338446212,1127717.9564992243
43,off,8750,820,0.955181907750131,858370.7993730975,898646.4174085271,0.0,9036,54,11948,10.081749957054853,436,0.9621843913956603,0.027987574526430564,0.9909182593250255,0.027987574526430564,1129170.6179110126
43,off,9000,889,0.9499667322797173,853684.2006204533,898646.4174085271,0.0,9250,55,12519,10.507552467286587,436,0.958191756301284,0.03307108831594682,0.9975373734116375,0.03307108831594682,1152171.5886256988
43,off,9250,810,0.9526692246158392,856112.7856763833,898646.4174085271,0.0,9495,57,13008,10.429019544273615,436,0.9604802923947827,0.03024925079118625,0.9944151006368254,0.03024925079118625,1139327.3495022024
43,off,9500,853,0.9503431375268264,854022.4558472617,898646.4174085271,0.0,9708,57,13511,10.517530905082822,436,0.9575980198858954,0.03245858322297989,0.9967867552780995,0.03245858322297989,1148334.5453640965
43,off,9750,820,0.9503417977975048,854021.2519043066,898646.4174085271,0.0,9920,57,14110,10.820684224367142,436,0.9576426015522199,0.03158462866391669,0.9954591296625127,0.03158462866391669,1143173.4601075975
43,off,10000,838,0.9518059930981069,855337.045765579,898646.4174085271,0.0,10142,58,14647,10.284799123182893,436,0.9598169575048835,0.030620613387847922,0.9901118101719433,0.030620613387847922,1139767.3083427006
43,off,10250,797,0.9547755767871369,858005.6515089206,898646.4174085271,0.0,10331,59,15213,10.016061855480075,436,0.9617522052354239,0.02826087152606701,0.9935361324083438,0.02826087152606701,1132977.3330005482
43,off,10500,812,0.9555110803957936,858666.609191831,898646.4174085271,0.0,10528,66,15722,10.28134635463357,436,0.9617943146908073,0.028175083828211288,0.9857884010872793,0.028175083828211288,1134191.7622774655
43,off,10750,834,0.956189255308645,859276.0486476412,898646.4174085271,0.0,10685,67,16234,10.23442880436778,436,0.9620502493011869,0.02992775186731333,0.9956235582357353,0.02992775186731333,1141577.1694416902
43,off,11000,817,0.951609925174777,855160.85002871,898646.4174085271,0.0,10878,73,16831,10.42725428007543,436,0.9595407193624288,0.031146908831778727,0.9930266526780706,0.031146908831778727,1143338.736805997
43,off,11250,796,0.9516976531268599,855239.6864385558,898646.4174085271,0.0,11091,74,17426,10.11616644822061,436,0.9592709594312415,0.03230214873217144,0.9971619560390704,0.03230214873217144,1148784.784764908
43,off,11500,795,0.9540990783669169,857397.7186272074,898646.4174085271,0.0,11239,76,17899,10.215735580772161,436,0.9608405270710266,0.030254184072794774,0.9979125741726085,0.030254184072794774,1140269.5184454012
43,off,11750,760,0.9552763868113486,858455.7026429808,898646.4174085271,0.0,11427,79,18467,10.191224852576852,436,0.9619551156035437,0.028403095944924593,0.9959598757665491,0.028403095944924593,1132667.8562918142
43,off,12000,744,0.9535316620256508,856887.8119649496,898646.4174085271,0.0,11596,82,18946,10.0009590908885,436,0.9614275555541615,0.029644070408702962,0.9918338302137125,0.029644070408702962,1139622.0835246295
43,off,12250,868,0.9508684961200794,854494.5674649433,898646.4174085271,0.0,11746,86,19483,9.897836362943053,436,0.9591603888183259,0.03263497752401752,0.9866942452170979,0.03263497752401752,1149106.9202325873
43,off,12500,806,0.953758159131843,857091.3527779826,898646.4174085271,0.0,11915,87,20126,10.106791291385889,436,0.9603370247533612,0.029425526455543912,0.9977295648312564,0.029425526455543912,1131234.0040342137
43,off,12750,764,0.9555865107778678,858734.3944344458,898646.4174085271,0.0,12134,89,20601,10.222955111414194,436,0.9618577707649052,0.029785238682093314,0.9956421390038649,0.029785238682093314,1142859.7953670837
43,off,13000,794,0.9551768107485609,858366.2189708969,898646.4174085271,0.0,12291,90,21008,10.170132115483284,436,0.9619316085028555,0.02961765009951498,0.9933078754149792,0.02961765009951498,1140625.428491663
43,off,13250,849,0.952060784640233,855566.0132720966,898646.4174085271,0.0,12442,92,21698,10.189573040232062,436,0.9593155390369699,0.030963800657276854,0.9913935894062372,0.030963800657276854,1140218.6568272472
43,off,13500,777,0.9536255458061017,856972.1802879046,898646.4174085271,0.0,12617,94,22327,10.28676713630557,436,0.9612371145843581,0.02921930233595606,0.9964211698185873,0.02921930233595606,1133644.2502346265
43,off,13750,837,0.9532642093849134,856647.4666075244,898646.4174085271,0.0,12788,95,22778,10.334162702783942,436,0.9603155665637746,0.029552093769933892,0.9974908131855156,0.029552093769933892,1137094.8213884276
43,off,14000,794,0.9536737142467514,857015.4666845265,898646.4174085271,0.0,12970,97,23333,10.05987810343504,436,0.9604143580195881,0.0297059890350933,0.9975279747217747,0.0297059890350933,1140787.8252131408
43,off,14250,800,0.9537881242420563,857118.280816923,898646.4174085271,0.0,13179,103,23933,10.2966618090868,436,0.9608777335181384,0.02939556789961858,0.9904622925695663,0.02939556789961858,1139185.0316560993
43,off,14500,776,0.9552643537333759,858444.8891605702,898646.4174085271,0.0,13386,109,24377,10.202017940580845,436,0.9625125283015995,0.028648419890621644,0.9959633526190146,0.028648419890621644,1133850.7421960416
43,off,14750,791,0.9512199552746651,854810.4049750771,898646.4174085271,0.0,13569,114,24887,9.972252741456032,436,0.9588244394502486,0.03315016172094548,0.9911584740084268,0.03315016172094548,1153550.390652937
43,off,15000,803,0.9516500782740936,855196.9334675587,898646.4174085271,0.0,13724,116,25355,10.197102451696992,436,0.9590311785928616,0.03280353213913776,0.9966065560613682,0.03280353213913776,1153726.7728639704
43,off,15250,831,0.9514134861715061,854984.3208221812,898646.4174085271,0.0,13895,118,25876,10.091036412864923,436,0.9594155785264719,0.03252128425383909,0.9950481369434311,0.03252128425383909,1151696.2962152425
43,off,15500,829,0.9509036279388864,854526.1385480512,898646.4174085271,0.0,14061,118,26481,10.34663948789239,436,0.9590924666224564,0.03243488007137387,0.9936650607062423,0.03243488007137387,1150037.9032670495
43,off,15750,791,0.9507105474835208,854352.6274885654,898646.4174085271,0.0,14233,122,27083,10.387892693281174,436,0.9584967280425372,0.03280602540861985,0.9964118620874589,0.03280602540861985,1150655.3000771664
43,off,16000,812,0.95143806913802,855006.4122169681,898646.4174085271,0.0,14386,124,27494,10.097586560994387,436,0.9589984184744693,0.03173182549133555,0.9994323912078141,0.03173182549133555,1148230.0315515948
43,off,16250,864,0.9517498386291903,855286.5827532656,898646.4174085271,0.0,14569,132,28003,10.493769319728017,436,0.9587209801829122,0.032336251226551954,0.9942683863853483,0.032336251226551954,1149387.0852162102
43,off,16500,892,0.9501988030978333,853892.7502297384,898646.4174085271,0.0,14758,136,28517,10.432873282581568,436,0.9581404845623872,0.03338543907518709,0.9982971736234423,0.03338543907518709,1153198.8694162446
43,off,16750,812,0.9519793966558727,855492.8742515312,898646.4174085271,0.0,14949,142,29071,10.205676335841417,436,0.9592707376682358,0.03194605807935429,0.9994138104396846,0.03194605807935429,1148759.9900669497
43,off,17000,867,0.9535803756852327,856931.5883206117,898646.4174085271,0.0,15139,142,29516,10.118332764133811,436,0.9610339374980028,0.0314740450434702,0.994946126095707,0.0314740450434702,1151636.5807620117
43,off,17250,895,0.951778108620302,855311.9874794984,898646.4174085271,0.0,15368,144,30015,10.474038673564792,436,0.9594877319176468,0.03145805602950731,0.9977295648312564,0.03145805602950731,1148385.1264215936
43,off,17500,876,0.9512946124221383,854877.4953531879,898646.4174085271,0.0,15596,148,30578,10.527863644063473,436,0.9589329678671862,0.03164050588727325,0.9977295648312564,0.03164050588727325,1145732.246189516
43,off,17750,850,0.9496256982293154,853377.7315928454,898646.4174085271,0.0,15811,151,31140,10.230672251433134,436,0.9577776772262782,0.03317770818295813,0.9927563610020383,0.03317770818295813,1152098.54059799
43,off,18000,814,0.9528836381193116,856305.4676031228,898646.4174085271,0.0,15975,155,31651,10.08524177595973,436,0.9600483303002592,0.03032189161333069,0.9972192708892387,0.03032189161333069,1139009.2794741378
43,off,18250,862,0.9513163875991628,854897.0635380094,898646.4174085271,0.0,16175,158,32248,10.512519108131528,436,0.9585933820083088,0.03193581658783087,0.9897769107608821,0.03193581658783087,1146823.5167713067
43,off,18500,848,0.953267487440069,856650.412420046,898646.4174085271,0.0,16353,160,32800,10.168727608397603,436,0.9603663439732687,0.030529996488252713,0.9902763274603213,0.030529996488252713,1137656.139247494
43,off,18750,853,0.949937649604048,853658.0655781545,898646.4174085271,0.0,16513,161,33477,10.40671170502901,436,0.958654003063713,0.03319856947657103,0.9923968597921765,0.03319856947657103,1151709.3327089797
43,off,19000,861,0.9506024873012094,854255.5195928668,898646.4174085271,0.0,16721,164,33931,10.459002807736397,436,0.9588413862497881,0.03199911266793715,0.9982971736234423,0.03199911266793715,1146851.3580521056
43,off,19250,869,0.9507470195212181,854385.4029545776,898646.4174085271,0.0,16901,164,34469,10.49907192029059,436,0.9584796469319895,0.032032087108833825,0.9947892790746029,0.032032087108833825,1146952.3511228422
43,off,19500,853,0.9518234874457414,855352.7669984057,898646.4174085271,0.0,17077,165,35081,10.448316967114806,436,0.9597414662482904,0.03036868981585805,0.994421738897178,0.03036868981585805,1138721.7125729811
43,off,19750,829,0.9515354031130346,855093.8810449073,898646.4174085271,0.0,17248,172,35726,10.389268640428782,436,0.9595093630581707,0.0323028942598304,0.9965943472468846,0.0323028942598304,1147944.5598439914
43,off,20000,791,0.9540117137002603,857319.2086825083,898646.4174085271,0.0,17422,174,36255,10.023635452613235,436,0.9615153072559842,0.029045158226670777,0.9941304395839393,0.029045158226670777,1135644.925424227
43,off,20250,831,0.9517528019728659,855289.2457514433,898646.4174085271,0.0,17576,183,36742,10.055864358320832,436,0.9590634805587016,0.03246341101912064,0.9945316626873577,0.03246341101912064,1152103.4461125995
43,off,20500,817,0.951161947998796,854758.2769444338,898646.4174085271,0.0,17740,184,37349,10.529249083250761,436,0.9591329420976092,0.0326960097001949,0.9884523030105352,0.0326960097001949,1149955.3322145229
43,off,20750,840,0.9509787415104116,854593.6390900011,898646.4174085271,0.0,17921,191,37997,10.470826152712107,436,0.9585226330243899,0.03273214750034255,0.9925712979074823,0.03273214750034255,1151304.8608064982
43,off,21000,809,0.9530924378346775,856493.1047192923,898646.4174085271,0.0,18072,199,38549,10.535938484594226,436,0.9602516495269088,0.030334508238641273,0.99375358864765,0.030334508238641273,1140963.4462889293
43,off,21250,812,0.9548066586825039,858033.5831428384,898646.4174085271,0.0,18235,203,39020,10.39785161986947,436,0.9617522213619935,0.029932595068155876,0.9930712898771121,0.029932595068155876,1139525.8561245897
43,off,21500,883,0.9489581800562166,852777.868778035,898646.4174085271,0.0,18392,203,39569,10.258564995601773,436,0.9571971452796606,0.03426590707722263,0.9977295648312564,0.03426590707722263,1157273.0471598932
43,off,21750,847,0.9511887978674031,854782.4054826654,898646.4174085271,0.0,18583,207,40304,10.507571211084723,436,0.9588122385646757,0.032435599916013975,0.9971619560390704,0.032435599916013975,1149082.0629218577
43,off,22000,771,0.9544158757962037,857682.4075020802,898646.4174085271,0.0,18730,208,40872,10.148871643468738,436,0.9608334929648289,0.028753861464046154,0.9962949965645296,0.028753861464046154,1131823.3443056883
43,off,22250,822,0.9561809799782948,859268.6120516692,898646.4174085271,0.0,18875,209,41363,10.025574419647455,436,0.9627265975168594,0.02790259003383644,0.9984801829647943,0.02790259003383644,1129558.6844986768
43,off,22500,833,0.9532890227139711,856669.7650167862,898646.4174085271,0.0,19055,209,41858,10.466459907591343,436,0.9606739701552588,0.031106287122728705,0.9941279377730505,0.031106287122728705,1144789.503017386
43,off,22750,832,0.9492489836671149,853039.1984011382,898646.4174085271,0.0,19220,210,42564,11.102514060214162,436,0.9567865691981349,0.035662287784116196,0.9988647824156281,0.035662287784116196,1166675.3366168404
43,off,23000,776,0.9531650206794073,856558.3310326741,898646.4174085271,0.0,19389,213,43143,10.619530715048313,436,0.9602571318684946,0.03050534644604404,0.9988647824156281,0.03050534644604404,1142971.4201152173
43,off,23250,777,0.9530343401671788,856440.8954585348,898646.4174085271,0.0,19521,214,43646,10.364715848118067,436,0.9602668904946083,0.03146947110913372,0.9988647824156281,0.03146947110913372,1146698.7481310996
43,off,23500,820,0.9533549290739448,856728.991531061,898646.4174085271,0.0,19635,215,44191,10.234752256423235,436,0.9607386244889707,0.030825413819261,0.9959434093751934,0.030825413819261,1143483.5826467066
43,off,23750,875,0.9502779091482944,853963.8385985806,898646.4174085271,0.0,19783,215,44919,10.505695020779967,436,0.9583865359071058,0.0335741486459698,0.9982971736234423,0.0335741486459698,1155263.640724398
43,off,24000,823,0.9522141013491402,855703.7907832849,898646.4174085271,0.0,19950,217,45458,10.450153060257435,436,0.9597527495839169,0.03179676461349014,0.9961216072915927,0.03179676461349014,1146445.3388374797
43,off,24250,859,0.9533613769666047,856734.7859066996,898646.4174085271,0.0,20111,220,46001,10.402136659249663,436,0.9597009479908385,0.032478059017370296,0.9903360714901391,0.032478059017370296,1155545.7755126865
43,off,24500,861,0.951664195645609,855209.6199928941,898646.4174085271,0.0,20282,222,46522,10.61587443947792,436,0.9585601301578787,0.03380787148107441,0.989757041196385,0.03380787148107441,1161544.530613585
43,off,24750,797,0.9532595160515447,856643.248960307,898646.4174085271,0.0,20463,225,47116,10.320209220051765,436,0.959948436547483,0.03128958814110938,0.992692610434158,0.03128958814110938,1144836.6488083114
43,off,25000,833,0.952425838292187,855894.067428587,898646.4174085271,0.0,20625,226,47673,10.983399042859674,436,0.9589556750272727,0.031991845771656216,0.9971619560390704,0.031991845771656216,1148097.877817276
43,off,25250,848,0.9510014883614709,854614.0804662129,898646.4174085271,0.0,20770,229,48359,10.87129439599812,436,0.9589918234773379,0.03253448886094346,0.9943867980517688,0.03253448886094346,1148024.447221408
43,off,25500,818,0.9519178684207624,855437.5821234798,898646.4174085271,0.0,20913,232,48976,10.420328395441175,436,0.9592640877744264,0.03145627272386685,0.9951146165015496,0.03145627272386685,1144501.7896026706
43,off,25750,845,0.9541555378153829,857448.4557083002,898646.4174085271,0.0,21052,236,49449,10.273261580616236,436,0.9613707946200881,0.028670777889846923,0.9953304789617067,0.028670777889846923,1134727.1416158054
43,off,26000,848,0.9497866577684004,853522.3773059918,898646.4174085271,0.0,21220,239,50026,10.531589668244123,436,0.9580461145383818,0.03367671911062565,0.9933469388403129,0.03367671911062565,1150983.725498243
43,off,26250,860,0.9491508283756059,852950.991500074,898646.4174085271,0.0,21364,242,50621,10.469451807439327,436,0.9569593697295121,0.034327533716437764,0.9971619560390704,0.034327533716437764,1156078.6119803933
43,off,26500,873,0.9501855144455649,853880.8084299852,898646.4174085271,0.0,21517,242,51264,10.281931016594172,436,0.9572281043670957,0.03399533270572593,0.9968031211939195,0.03399533270572593,1155030.776318834
43,off,26750,858,0.9516220634392263,855171.7580365709,898646.4174085271,0.0,21671,243,51858,10.157815421000123,436,0.9592251934297636,0.033429841886492305,0.9976841668566603,0.033429841886492305,1157293.670262354
43,off,27000,849,0.9530024980336791,856412.2806393426,898646.4174085271,0.0,21815,245,52444,10.497294357046485,436,0.9603075572824492,0.030990235117265653,0.9960868388665967,0.030990235117265653,1140073.0695744092
43,off,27250,836,0.9526029526190534,856053.2305838972,898646.4174085271,0.0,21950,246,53041,10.260856265202165,436,0.960653970602474,0.02923772409675011,0.9952067682532337,0.02923772409675011,1130929.50857175
43,off,27500,880,0.9503444559304272,854023.6406259342,898646.4174085271,0.0,22125,250,53587,10.46823482401669,436,0.958938728504154,0.03231496195370302,0.993303422515866,0.03231496195370302,1142983.9816328129
43,off,27750,941,0.9493971832122501,853172.3773914356,898646.4174085271,0.0,22313,256,54151,10.509439194574952,436,0.957079583364992,0.034499243498240656,0.999093468496788,0.034499243498240656,1156864.5918957384
43,off,28000,851,0.9522565236236695,855741.9134083091,898646.4174085271,0.0,22497,257,54836,10.702893355861306,436,0.9593969485916303,0.03093035915041291,0.9992122203302028,0.03093035915041291,1138604.9929118208
43,off,28250,895,0.9510757678831945,854680.8314922967,898646.4174085271,0.0,22644,261,55351,10.350846448913217,436,0.9591808996170698,0.03187109429238566,0.9941037412005297,0.03187109429238566,1137626.7629731644
43,off,28500,913,0.9494634595893031,853231.9364202331,898646.4174085271,0.0,22821,264,55939,10.388914056122303,436,0.9580560956795605,0.032455144742247206,0.9995523441691355,0.032455144742247206,1137890.9435665084
43,off,28750,885,0.949497913832778,853262.8986026964,898646.4174085271,0.0,23004,268,56688,10.770147044211626,436,0.9575600525231462,0.033709542864073114,0.9965222096172278,0.033709542864073114,1151178.4034718757
43,off,29000,909,0.9519269036319279,855445.7015836242,898646.4174085271,0.0,23177,270,57153,11.215227315202355,436,0.9593081091885801,0.03168131235718178,0.9977367731782125,0.03168131235718178,1138728.777376921
43,off,29250,909,0.9488216720624669,852655.1963585042,898646.4174085271,0.0,23330,271,57656,10.563281832262874,436,0.9564313290541228,0.034533576222058354,0.9963230483838038,0.034533576222058354,1151288.6720608186
43,off,29500,1019,0.9446983735785212,848949.8089480004,898646.4174085271,0.0,23499,273,58373,10.712878279387951,436,0.9543925817720809,0.03683891755893219,0.9971062631150377,0.03683891755893219,1161345.8139294307
43,off,29750,876,0.9498687042538453,853596.1080861979,898646.4174085271,0.0,23733,275,59014,11.174946758896112,436,0.9583525103104251,0.03186931233579098,0.9982971736234423,0.03186931233579098,1134755.713837183
43,off,30000,915,0.9494439076207493,853214.3661137389,898646.4174085271,0.0,23905,276,59555,11.745294190943241,436,0.9577710229391763,0.03345709668566983,0.9988647824156281,0.03345709668566983,1149340.4868845467
43,off,30250,913,0.950838075961672,854467.2304985735,898646.4174085271,0.0,24053,277,60141,10.792338509112597,436,0.9596226036928671,0.0314228375849338,0.9977295648312564,0.0314228375849338,1138963.6852407225
43,off,30500,873,0.95076651960852,854402.9266381706,898646.4174085271,0.0,24225,279,60885,10.48384304344654,436,0.9593457365872013,0.03180958128121027,0.9980705661079129,0.03180958128121027,1134826.204846164
43,off,30750,864,0.9510113865914475,854622.97547512,898646.4174085271,0.0,24367,284,61366,10.577319568023086,436,0.9595941494325859,0.030532589907757125,0.9950727876780866,0.030532589907757125,1131231.6564588512
43,off,31000,918,0.9492770419757773,853064.4128996963,898646.4174085271,0.0,24541,286,61936,10.68245990946889,436,0.9592178662382778,0.03224457305490289,0.9940703564413141,0.03224457305490289,1139684.8933295105
43,off,31250,840,0.9525835460275308,856035.7909199514,898646.4174085271,0.0,24730,289,62653,10.554935537278652,436,0.9614986876057035,0.02971186102998465,0.9976924032949972,0.02971186102998465,1125744.5392956669
43,off,31500,895,0.9474582445381755,851429.9570984036,898646.4174085271,0.0,24881,292,63236,10.501305539160967,436,0.9564835058677791,0.033896562270880434,0.986385243633802,0.033896562270880434,1144714.5854364398
43,off,31750,906,0.9471000651672004,851108.0804898872,898646.4174085271,0.0,25036,294,63787,10.88744111545384,436,0.9568219578516487,0.03393144708131924,0.9988647824156281,0.03393144708131924,1146160.5297030895
43,off,32000,857,0.9510694781479292,854675.179244234,898646.4174085271,0.0,25245,297,64482,11.8498842921108,436,0.9601943202693233,0.030401026879304863,0.9965943472468846,0.030401026879304863,1130949.4155542522
43,off,32250,840,0.9522763022330473,855759.6873847677,898646.4174085271,0.0,25389,298,65139,10.214623959735036,436,0.9605015753594509,0.029674597500673798,0.9902060181926126,0.029674597500673798,1133603.3207919337
43,off,32500,916,0.9494867326743384,853252.850694722,898646.4174085271,0.0,25514,299,65667,10.214987674728036,436,0.958271160856254,0.03264501431923224,0.9981152473400703,0.03264501431923224,1141043.4555788345
43,off,32750,925,0.949243352257315,853034.1377548967,898646.4174085271,0.0,25706,303,66186,10.539239102974534,436,0.9582692355908503,0.03298551454354171,0.9971502037212145,0.03298551454354171,1143094.8551522864
43,off,33000,916,0.948900595635015,852726.1207442237,898646.4174085271,0.0,25896,308,66907,10.953474305570126,436,0.9569920866669268,0.03421921731049885,0.9992308010983324,0.03421921731049885,1154828.9206821504
43,off,33250,922,0.9509204368169458,854541.2437861001,898646.4174085271,0.0,26060,313,67520,10.685232350602746,436,0.958241027468067,0.03303861869493078,0.9980978684542322,0.03303861869493078,1151168.9763448355
43,off,33500,906,0.9506948815461155,854338.5493500407,898646.4174085271,0.0,26246,318,68004,10.419391080737114,436,0.9583637464873025,0.03181214478039009,0.9907287838893742,0.03181214478039009,1141761.3406935942
43,off,33750,871,0.9524584849587918,855923.4052385718,898646.4174085271,0.0,26394,333,68603,10.373648764565587,436,0.9603816044450104,0.0303635552696731,0.9937274461421461,0.0303635552696731,1139879.5169902712
43,off,34000,870,0.953521117848369,856878.3364778107,898646.4174085271,0.0,26576,345,69179,10.500837624073029,436,0.9606334259014233,0.02989813464868884,0.9952859522342155,0.02989813464868884,1133285.4791759155
43,off,34250,927,0.9498707362772111,853597.9341567156,898646.4174085271,0.0,26758,354,69686,10.304274139925838,436,0.9577780035417647,0.03328149151025501,0.9977485765894918,0.03328149151025501,1150471.708092296
43,off,34500,902,0.9498193823350595,853551.7851205813,898646.4174085271,0.0,26951,362,70243,10.637541292235255,436,0.9578935055890255,0.03245060897573157,0.9905073745655676,0.03245060897573157,1147211.946064699
43,off,34750,873,0.9513537410669818,854930.6310980427,898646.4174085271,0.0,27118,369,70835,10.634497631341219,436,0.9596790263689603,0.03054107965370651,0.9896155858241696,0.03054107965370651,1134516.8667439783
43,off,35000,930,0.9493533816491543,853133.0152736827,898646.4174085271,0.0,27301,378,71336,10.834894824773073,436,0.9582386144367752,0.0331626216207175,0.9962097477960508,0.0331626216207175,1144920.9900959511
43,off,35250,945,0.9463024996037138,850391.3510536116,898646.4174085271,0.0,27469,389,71948,10.789957620203495,436,0.9553370462766119,0.0356583375902153,0.9903506505328397,0.0356583375902153,1158039.0619076374
43,off,35500,879,0.9488802594934145,852707.8457434304,898646.4174085271,0.0,27650,400,72654,10.837328108027577,436,0.9572271756624187,0.033426555303783904,0.9960043925896186,0.033426555303783904,1145598.8855331212
43,off,35750,869,0.9508817433108077,854506.472005432,898646.4174085271,0.0,27804,413,73183,10.83756503276527,436,0.9583785661261066,0.03240259644851119,0.9952067682532337,0.03240259644851119,1146215.4124046357
43,off,36000,937,0.9522759183797773,855759.3424364019,898646.4174085271,0.0,27977,416,73662,10.791975589469075,436,0.9599550060021059,0.030853350379610935,0.9977159834340064,0.030853350379610935,1142085.7663662115
43,off,36250,929,0.9495465102104823,853306.5695634193,898646.4174085271,0.0,28162,418,74330,10.782002160325646,436,0.9575029541685237,0.03316270708105034,0.9917259115600121,0.03316270708105034,1148852.7577751854
43,off,36500,914,0.9511069544018379,854708.8571455469,898646.4174085271,0.0,28344,422,74903,10.59619963541627,436,0.958242134254021,0.032895934119641895,0.9982971736234423,0.032895934119641895,1149929.764793103
43,off,36750,871,0.949549226754174,853309.0107756755,898646.4174085271,0.0,28535,436,75539,10.7588502317667,436,0.9575379186544926,0.03324641172974023,0.9994323912078141,0.03324641172974023,1149703.5070767412
43,off,37000,862,0.9520240324635117,855532.9860601542,898646.4174085271,0.0,28688,446,76142,10.563796339556575,436,0.9596290912093881,0.03077084990621681,0.9972877279863261,0.03077084990621681,1141708.9485162648
43,off,37250,920,0.9485200282562456,852384.12523271,898646.4174085271,0.0,28858,452,76757,10.641816437244415,436,0.9567641015253808,0.03334861633392024,0.998675306979977,0.03334861633392024,1148993.8196062974
43,off,37500,929,0.9492654751194192,853054.0183856693,898646.4174085271,0.0,29020,460,77365,10.799875643104315,436,0.9569673260897855,0.033198338113948865,0.9957064055541689,0.033198338113948865,1150752.546715731
43,off,37750,906,0.9503241888439943,854005.42768132,898646.4174085271,0.0,29209,466,77992,10.697698280215263,436,0.9577512991600182,0.033137537210092924,0.9947800362615494,0.033137537210092924,1153281.1793970796
43,off,38000,887,0.9510105512216879,854622.2247730783,898646.4174085271,0.0,29388,472,78552,10.431611152365804,436,0.9592976739669067,0.030889910143780522,0.9935104625407105,0.030889910143780522,1139685.1836086651
43,off,38250,928,0.9499389239252838,853659.2107423677,898646.4174085271,0.0,29574,478,79181,10.945351583883166,436,0.9582435230945441,0.03203157940671925,0.9969417851614593,0.03203157940671925,1146150.7857393804
43,off,38500,844,0.9514540218435047,855020.7480586,898646.4174085271,0.0,29762,489,79801,10.615426871925592,436,0.9596526588160718,0.030238998534014253,0.9959635703078936,0.030238998534014253,1137539.6842575083
43,off,38750,831,0.9519200396894474,855439.5333263049,898646.4174085271,0.0,29919,492,80425,10.46716650761664,436,0.9594318610467875,0.031124941469044185,0.9954737675382006,0.031124941469044185,1140701.0773477962
43,off,39000,906,0.9500970857752418,853801.3423222031,898646.4174085271,0.0,30082,494,80915,10.395251840353012,436,0.9574018006703432,0.03354470284282167,0.9912043999341771,0.03354470284282167,1151291.7605594217
43,off,39250,895,0.9482506739396264,852142.0709410666,898646.4174085271,0.0,30240,498,81640,11.653797376900911,436,0.9567804810546713,0.03412529169381284,0.9846948170546171,0.03412529169381284,1156880.5749206713
43,off,39500,889,0.9494316948241144,853203.3911277964,898646.4174085271,0.0,30398,501,82259,12.158768188208342,436,0.9576601072988583,0.032732976475601305,0.9985783009568505,0.032732976475601305,1147356.9855391474
43,off,39750,860,0.952391644037934,855863.3388845066,898646.4174085271,0.0,30533,507,82955,10.842112272977829,436,0.960035420867427,0.03068123050747082,0.9975279747217747,0.03068123050747082,1140611.1369280333
43,off,40000,896,0.9509251618971207,854545.4899624712,898646.4174085271,0.0,30729,511,83439,12.217283055186272,436,0.9587040916113575,0.032252190886123994,0.9965146046467699,0.032252190886123994,1148065.0657190888
43,on,250,47,0.9980584350951848,896901.6370626488,898646.4174085271,0.0,1923,0,36,15.444810651242733,436,0.9978712435395433,0.00014651499662150894,0.16130167005692697,0.00014651499662150894,1055753.8060746426
43,on,500,54,0.997634955198531,896521.0783706763,898646.4174085271,0.0,1923,0,48,14.272972110658884,436,0.9975044481003542,0.0002099578687505508,0.15778844402976233,0.0002099578687505508,1053295.8931322985
43,on,750,92,0.9939565409368236,893215.4845726485,898646.4174085271,0.0,1924,0,77,14.554355619475245,436,0.9942098349500332,0.0019650800269657874,0.7765373112814044,0.0019650800269657874,1053383.0990484755
43,on,1000,164,0.9889082100053436,888678.8200671814,898646.4174085271,0.0,1940,0,139,14.90378667972982,436,0.9910221189519665,0.003114998810532796,0.9931519179163067,0.003114998810532796,1031896.9838078344
43,on,1250,195,0.9808483055629884,881435.8158154038,898646.4174085271,0.0,1986,0,249,15.177708124741912,436,0.9846919323974078,0.007196267085261628,0.9837888117356458,0.007196267085261628,1034571.4728441684
43,on,1500,241,0.9758218812960515,876918.8376555457,898646.4174085271,0.0,2039,0,327,14.483677603304386,436,0.9807698630769758,0.010785479210480045,0.9815472778399695,0.010785479210480045,1044476.9092199357
43,on,1750,281,0.9724481018207881,873887.0028169738,898646.4174085271,0.0,2138,1,404,14.560815751552582,436,0.9785789623285156,0.014145064329045698,0.9944904260500019,0.014145064329045698,1055052.693320911
43,on,2000,352,0.968887929894196,870687.6670697834,898646.4174085271,0.0,2275,2,520,15.64955061674118,436,0.9745028323195539,0.01719479775905894,0.9977427646652816,0.01719479775905894,1066308.2058254587
43,on,2250,336,0.9665180266484686,868557.9620084057,898646.4174085271,0.0,2461,6,741,16.115220688283443,436,0.9724911082798519,0.018803156345201022,0.9862539124738333,0.018803156345201022,1072191.0411607197
43,on,2500,341,0.9659345106927723,868033.5874853184,898646.4174085271,0.0,2664,10,888,15.698270408436656,436,0.9724099026491655,0.01897187465053586,0.9928908211163762,0.01897187465053586,1071289.6634221561
43,on,2750,351,0.9654346183391623,867584.3610126569,898646.4174085271,0.0,2880,12,1032,15.050106637179852,436,0.9722725336076844,0.019242594427533295,0.9893318636306148,0.019242594427533295,1070624.2570904307
43,on,3000,389,0.9608655506944288,863478.3847428199,898646.4174085271,0.0,3074,14,1267,15.36516278423369,436,0.9674821321852045,0.022334308659070486,0.9902723781380456,0.022334308659070486,1083524.6958226499
43,on,3250,390,0.9600618667649702,862756.1570588831,898646.4174085271,0.0,3267,14,1454,15.100544221699238,436,0.9671198246094811,0.022035413736338896,0.9915941768095597,0.022035413736338896,1081125.3089734027
43,on,3500,434,0.9562039408550681,859289.2457613221,898646.4174085271,0.0,3473,20,1761,15.596894351765513,436,0.9630090688909445,0.02634519805201203,0.9972162492569533,0.02634519805201203,1094429.978533375
43,on,3750,425,0.9558995890608528,859015.7411118187,898646.4174085271,0.0,3660,22,2018,15.474306855350733,436,0.9631691873899891,0.026239433355706308,0.9908386258094027,0.026239433355706308,1096188.517833974
43,on,4000,417,0.9538092706986822,857137.2840044107,898646.4174085271,0.0,3841,28,2398,15.40341579541564,436,0.9609811482198081,0.02902198209495087,0.9908854564937934,0.02902198209495087,1111414.310601852
43,on,4250,409,0.9554959744237975,858653.0342642153,898646.4174085271,0.0,4040,33,2587,15.496808869764209,436,0.9624680488442791,0.027083127722041526,0.9941703655101647,0.027083127722041526,1099378.2515177568
43,on,4500,439,0.9538155815042045,857142.9551871844,898646.4174085271,0.0,4231,36,2860,15.403368400409818,436,0.9612652671331334,0.028374378214344718,0.9911012442148149,0.028374378214344718,1106255.2281696089
43,on,4750,437,0.9535577639619097,856911.2683764561,898646.4174085271,0.0,4419,36,3162,15.356127148494124,436,0.9607666188889966,0.02838220516828268,0.9959437203550294,0.02838220516828268,1103899.4288217453
43,on,5000,426,0.9535297702708279,856886.1119462553,898646.4174085271,0.0,4598,36,3562,15.434970747679472,436,0.9600061194963116,0.028513177206671816,0.9898777916579395,0.028513177206671816,1101930.5756927447
43,on,5250,408,0.9543233184078714,857599.2311366508,898646.4174085271,0.0,4750,36,3743,15.419000091031194,436,0.9619228631820352,0.02648918867138305,0.9915906100513096,0.02648918867138305,1097275.534755294
43,on,5500,435,0.9543631483140377,857635.0241391328,898646.4174085271,0.0,4869,37,4037,15.419340817257762,436,0.9615305196888936,0.02617360946638322,0.9985620684014671,0.02617360946638322,1095431.6792844273
43,on,5750,428,0.9534132095902583,856781.3651082509,898646.4174085271,0.0,5009,46,4389,15.515492912381887,436,0.9608190669610492,0.02832234011220807,0.9953576285032318,0.02832234011220807,1105882.581188021
43,on,6000,403,0.9533878421984876,856758.5687925171,898646.4174085271,0.0,5165,53,4716,15.575443383306265,436,0.9614139594824761,0.028311655306660834,0.9816246264507826,0.028311655306660834,1105179.8895334024
43,on,6250,431,0.9535483884300187,856902.8430883109,898646.4174085271,0.0,5310,55,4896,15.799023151397705,436,0.9616858199403673,0.027320649357152903,0.9955322396851009,0.027320649357152903,1100128.0534685059
43,on,6500,402,0.9551910860123807,858379.0473855862,898646.4174085271,0.0,5433,60,5244,16.345743043348193,436,0.9620885196521877,0.025572267551366244,0.9925346568135855,0.025572267551366244,1089516.5451374091
43,on,6750,429,0.958886402819349,861699.8305953578,898646.4174085271,0.0,5529,64,5549,15.777536172419785,436,0.9653001283563118,0.021918744868459634,0.9872170638140222,0.021918744868459634,1074974.6050285918
43,on,7000,443,0.9539286330101884,857244.5485180194,898646.4174085271,0.0,5657,66,5936,16.031821632757783,436,0.9613090260524982,0.02799527586497688,0.9931858979398824,0.02799527586497688,1100373.1437945573
43,on,7250,427,0.9545629823130076,857814.6042463835,898646.4174085271,0.0,5777,67,6205,16.18042908795178,436,0.960817209227893,0.02777681025491906,0.9892703912609675,0.02777681025491906,1100846.9815581231
43,on,7500,415,0.9562781365743185,859355.9214786135,898646.4174085271,0.0,5922,72,6416,15.944592196494343,436,0.9630584500200886,0.026381736635119314,0.9745792747087108,0.026381736635119314,1100297.6403737233
43,on,7750,453,0.9522255848277793,855714.1103702234,898646.4174085271,0.0,6092,80,6671,16.056835087016225,436,0.9596974728712424,0.029438087715858798,0.9964931219337025,0.029438087715858798,1111877.0951955037
43,on,8000,442,0.95238097718637,855853.7531565636,898646.4174085271,0.0,6243,86,7013,15.391916064545512,436,0.9592836781576758,0.029608066289453252,0.9898271391072371,0.029608066289453252,1117264.969153164
43,on,8250,448,0.953603666285729,856952.518335307,898646.4174085271,0.0,6406,87,7306,15.095071440562606,436,0.960691842659287,0.028872150614534242,0.9920035504781712,0.028872150614534242,1116706.4120237252
43,on,8500,427,0.9557941456353319,858920.984755235,898646.4174085271,0.0,6570,93,7563,15.54427882656455,436,0.9621384025759852,0.028150100879907262,0.9930280379686273,0.028150100879907262,1111919.9117641281
43,on,8750,484,0.952361005597645,855835.805759906,898646.4174085271,0.0,6746,94,7839,15.57639860920608,436,0.9586339028281421,0.03130620694626549,0.9853221179556862,0.03130620694626549,1128212.720718077
43,on,9000,463,0.9501169449569596,853819.1887047065,898646.4174085271,0.0,6902,94,8220,15.97005326114595,436,0.9567869112741014,0.03238309358030751,0.9952491704493062,0.03238309358030751,1130844.659166495
43,on,9250,424,0.9522044033796495,855695.0757377461,898646.4174085271,0.0,7070,94,8474,16.521746039390564,436,0.9599323578842612,0.028755616721944727,0.9920956438804109,0.028755616721944727,1107599.2972132831
43,on,9500,455,0.951659886435055,855205.7475362679,898646.4174085271,0.0,7246,94,8792,16.391038035973907,436,0.9596732554829124,0.02995104881999008,0.9911095321082268,0.02995104881999008,1110600.0208732814
43,on,9750,472,0.9519472579437864,855463.9929130548,898646.4174085271,0.0,7398,96,9103,16.45340071618557,436,0.9589183956064642,0.02978005932520124,0.9938227982526883,0.02978005932520124,1109918.0221771663
43,on,10000,438,0.9491856771452942,852982.3082221055,898646.4174085271,0.0,7562,99,9456,16.487841771915555,436,0.9570907266217898,0.03178356135563985,0.989834805026415,0.03178356135563985,1117702.1314120623
43,on,10250,444,0.9506894430196395,854333.6620377072,898646.4174085271,0.0,7723,100,9756,16.09133972413838,436,0.9580235543902943,0.03095921937271185,0.9815507592218986,0.03095921937271185,1128104.2493133862
43,on,10500,453,0.9521501051426461,855646.2808215913,898646.4174085271,0.0,7892,100,10010,15.923596248030664,436,0.9594242485953194,0.030045901007442716,0.99244903682687,0.030045901007442716,1120540.0980651458
43,on,10750,473,0.9506143403585713,854266.1713004003,898646.4174085271,0.0,8049,101,10349,16.191386783495545,436,0.9574440130521306,0.03126211466162055,0.9946366183997727,0.03126211466162055,1123143.362315858
43,on,11000,422,0.9534332375135731,856799.3631297858,898646.4174085271,0.0,8210,105,10750,15.647801814600824,436,0.9606268749792047,0.029216384502209952,0.9943081873162483,0.029216384502209952,1115206.3642170443
43,on,11250,422,0.9538704817761239,857192.2911198594,898646.4174085271,0.0,8374,109,11055,15.182046530768275,436,0.9618076830308075,0.027956549221447132,0.9881291344736598,0.027956549221447132,1107350.868007323
43,on,11500,432,0.9544338742059604,857698.5817085272,898646.4174085271,0.0,8529,114,11397,15.115902816876769,436,0.9615805393519526,0.02719027067673589,0.9964507118273985,0.02719027067673589,1102468.3666044723
43,on,11750,438,0.9552622365518745,858442.986562999,898646.4174085271,0.0,8667,116,11723,15.43660108372569,436,0.9619238171364825,0.02653174994875758,0.9828012928900113,0.02653174994875758,1101900.6301139013
43,on,12000,422,0.9566814531226562,859718.3604498587,898646.4174085271,0.0,8790,119,12015,15.121348191052675,436,0.9638279788661509,0.02687565969832149,0.990831119263493,0.02687565969832149,1105431.129609234
43,on,12250,463,0.9536234790828652,856970.3230344723,898646.4174085271,0.0,8885,120,12325,15.475738923996687,436,0.960753857989338,0.029510698996602153,0.9963967617894267,0.029510698996602153,1114399.3513444462
43,on,12500,441,0.9509299499961908,854549.7927705467,898646.4174085271,0.0,8997,120,12660,15.936601839959621,436,0.9587289949901303,0.03077125763949615,0.9913929604768128,0.03077125763949615,1120781.5293659363
43,on,12750,415,0.9550574480694894,858258.9541269771,898646.4174085271,0.0,9120,121,12926,14.976861767470837,436,0.9623393099390023,0.027020028945364354,0.969298475791722,0.027020028945364354,1108289.1129593137
43,on,13000,416,0.9565041502556996,859559.0278636719,898646.4174085271,0.0,9246,123,13285,15.874347323551772,436,0.9630277534364681,0.02801690731651694,0.9930305080883384,0.02801690731651694,1116609.8627315462
43,on,13250,403,0.9561675001265587,859256.4984311993,898646.4174085271,0.0,9384,125,13580,15.214253161102533,436,0.9636491012837183,0.026240282194035947,0.9925378566200055,0.026240282194035947,1111060.5991820765
43,on,13500,429,0.9539883874901801,857298.2466673881,898646.4174085271,0.0,9528,127,13845,15.164371319115162,436,0.9616200529623364,0.028045975567331818,0.9921784003883208,0.028045975567331818,1120230.8832201522
43,on,13750,412,0.9562677403120624,859346.5789147826,898646.4174085271,0.0,9682,131,14162,16.062386699020863,436,0.962629256599328,0.026854918097095948,0.9946989131497297,0.026854918097095948,1112428.8327183549
43,on,14000,393,0.9586082872913981,861449.903072539,898646.4174085271,0.0,9831,136,14418,14.956102663651109,436,0.9655006513436857,0.02507050513057226,0.9933307220434539,0.02507050513057226,1108974.2736802083
43,on,14250,398,0.9586538265916109,861490.8268015266,898646.4174085271,0.0,9982,140,14710,14.907618997618556,436,0.9651819703076159,0.02589175792822929,0.9846572382314555,0.02589175792822929,1111575.2218870476
43,on,14500,430,0.9566869858635244,859723.3324276184,898646.4174085271,0.0,10091,142,14988,14.882394060492516,436,0.9635586024375073,0.02683350604020338,0.9852646400796252,0.02683350604020338,1115006.195212794
43,on,14750,434,0.9521993581055117,855690.5418202173,898646.4174085271,0.0,10222,143,15318,15.19391406327486,436,0.9598222162057062,0.03023224634164435,0.9924017845412094,0.03023224634164435,1131211.398032563
43,on,15000,446,0.9507840319550788,854418.6640456661,898646.4174085271,0.0,10350,143,15587,15.388623960316181,436,0.9578099214120446,0.0325861077911288,0.9801566013827309,0.0325861077911288,1137925.8536887711
43,on,15250,457,0.9524273934174907,855895.4649363698,898646.4174085271,0.0,10492,146,15825,15.229175487533212,436,0.9597864420396748,0.030344105354711267,0.9972231288886493,0.030344105354711267,1129627.9352007078
43,on,15500,460,0.9526008198146453,856051.3139468569,898646.4174085271,0.0,10665,151,16153,15.398308543488383,436,0.9599205860606518,0.03083026875069996,0.9979043689347551,0.03083026875069996,1135447.3763517563
43,on,15750,451,0.9525178664262506,855976.768181564,898646.4174085271,0.0,10832,155,16534,15.498947579413652,436,0.9601957109209076,0.030251680447040696,0.9902209623738937,0.030251680447040696,1133176.078171829
43,on,16000,381,0.9569876645139905,859993.536219651,898646.4174085271,0.0,11006,157,16828,15.040074300020933,436,0.9637195128936703,0.025089573024015446,0.9766368438920253,0.025089573024015446,1110779.5450566064
43,on,16250,416,0.9563458132061721,859416.738841371,898646.4174085271,0.0,11178,162,17014,15.240808740258217,436,0.9627238995997758,0.026202434850002267,0.9854631034998774,0.026202434850002267,1121530.1017007942
43,on,16500,434,0.9529065726801387,856326.0776640449,898646.4174085271,0.0,11339,163,17342,16.577519031241536,436,0.9593395091995826,0.029545905663115508,0.9852807297465683,0.029545905663115508,1134608.5514926862
43,on,16750,468,0.9513478794629595,854925.3635885878,898646.4174085271,0.0,11497,163,17603,16.054357651621103,436,0.9587407970316253,0.031072911127982304,0.9864894698325882,0.031072911127982304,1139775.955959359
43,on,17000,443,0.9527130910826295,856152.2061196087,898646.4174085271,0.0,11666,164,17944,16.043552067130804,436,0.9604614057083701,0.029746593570894393,0.9917904563073161,0.029746593570894393,1134655.392939208
43,on,17250,463,0.9516199485018082,855169.857455637,898646.4174085271,0.0,11818,164,18199,15.384645588696003,436,0.9587262668982501,0.031003046856903742,0.9935223151927359,0.031003046856903742,1142988.4729007334
43,on,17500,450,0.9520797086913226,855583.0193028112,898646.4174085271,0.0,11972,165,18483,16.401662839576602,436,0.9587347963499906,0.030839999622351018,0.9963093281587694,0.030839999622351018,1140307.419799653
43,on,17750,429,0.9539579200692592,857270.8672287298,898646.4174085271,0.0,12151,165,18757,15.591887587681413,436,0.9608081433124886,0.028544939371730454,0.9948982287419729,0.028544939371730454,1132897.7531868294
43,on,18000,417,0.9542545895629646,857537.4682064026,898646.4174085271,0.0,12305,167,19076,15.991527700796725,436,0.9612312685063029,0.027221347027942485,0.9757421496266588,0.027221347027942485,1126037.9540042535
43,on,18250,406,0.9546960059664983,857934.1454760236,898646.4174085271,0.0,12437,171,19394,16.26411758363247,436,0.9615963572981593,0.027429350291819116,0.9951117056522116,0.027429350291819116,1125738.069740166
43,on,18500,424,0.9550358500306106,858239.5451267157,898646.4174085271,0.0,12562,172,19617,15.779988963156939,436,0.9618128526280229,0.028564719514479895,0.9956740249896526,0.028564719514479895,1129231.5053362914
43,on,18750,431,0.9551716278176927,858361.5613486406,898646.4174085271,0.0,12697,173,19899,15.187694383785129,436,0.9618492615857841,0.027959260560418853,0.9962648191511093,0.027959260560418853,1129952.8011468165
43,on,19000,442,0.9531869965480091,856578.0795682624,898646.4174085271,0.0,12828,176,20226,15.351259076967835,436,0.9608746923206472,0.028871588312935143,0.9895335010157652,0.028871588312935143,1133788.1802241874
43,on,19250,396,0.9524812549154538,855943.8673785506,898646.4174085271,0.0,12940,177,20616,15.07223193347454,436,0.9600153032852347,0.029291764819398033,0.991896570083682,0.029291764819398033,1132106.5150760696
43,on,19500,397,0.9578666231668972,860783.4092641359,898646.4174085271,0.0,13063,177,20879,15.983765296638014,436,0.9643474778764006,0.025095712790782695,0.9854817681747883,0.025095712790782695,1116736.3909706061
43,on,19750,398,0.9582471556436601,861125.3734110865,898646.4174085271,0.0,13190,178,21148,15.149236308410764,436,0.9652821411306757,0.02534180718346613,0.9888826380542804,0.02534180718346613,1112205.5958403014
43,on,20000,423,0.9558684105336837,858987.722640078,898646.4174085271,0.0,13299,181,21380,16.666663827374578,436,0.9628523646232756,0.02753579622163581,0.993785298313769,0.02753579622163581,1119667.8481182295
43,on,20250,423,0.9534182674247937,856785.910313136,898646.4174085271,0.0,13424,185,21765,15.250604772940278,436,0.9612575959585686,0.029609071446255186,0.9859435871736589,0.029609071446255186,1127949.6493729204
43,on,20500,438,0.9544592552811416,857721.3903208087,898646.4174085271,0.0,13545,192,21991,15.261536471545696,436,0.9616907646801698,0.02823258634361571,0.9953286943772208,0.02823258634361571,1122224.184595756
43,on,20750,426,0.9545110665349715,857767.9503184444,898646.4174085271,0.0,13649,194,22313,15.190999241545796,436,0.9610574167261421,0.028617164664166736,0.9980229747338375,0.028617164664166736,1127683.5516192398
43,on,21000,412,0.9549474011465008,858160.0608538865,898646.4174085271,0.0,13745,199,22632,14.772241216152906,436,0.9615878837307312,0.029104250553973976,0.9872213244431669,0.029104250553973976,1125054.4907211785
43,on,21250,458,0.9543433115190612,857617.1978743942,898646.4174085271,0.0,13839,200,22902,14.926953880116343,436,0.9623215692698702,0.027953334489538472,0.993775852316091,0.027953334489538472,1122173.9192459458
43,on,21500,465,0.9531160819525791,856514.3524211374,898646.4174085271,0.0,13962,201,23269,15.353554267436266,436,0.9604102183730737,0.029950628032961907,0.9958202147976949,0.029950628032961907,1134232.8886355723
43,on,21750,419,0.956942284279635,859952.7554346262,898646.4174085271,0.0,14091,201,23567,14.896778440102935,436,0.9634243930558151,0.026383933987911196,0.9906701178268733,0.026383933987911196,1124298.3405704082
43,on,22000,419,0.9575651931761424,860512.5302828446,898646.4174085271,0.0,14247,203,23751,15.349518809467554,436,0.964553306472139,0.026175068517898723,0.991207156595268,0.026175068517898723,1125572.6665555064
43,on,22250,465,0.952169724014054,855663.9112500956,898646.4174085271,0.0,14391,205,24013,15.482554163783789,436,0.9591281692165147,0.031134946875338798,0.9942359341024815,0.031134946875338798,1145037.0451010764
43,on,22500,452,0.9511454604270566,854743.4604471584,898646.4174085271,0.0,14509,206,24432,15.264791091904044,436,0.9587248021865666,0.03254137961687553,0.9948947218217972,0.03254137961687553,1150681.6188251593
43,on,22750,442,0.9535728702244899,856924.8435652042,898646.4174085271,0.0,14652,207,24708,15.609030231833458,436,0.9609723188712888,0.02958623028890658,0.9900219095162471,0.02958623028890658,1136291.9469413904
43,on,23000,467,0.9542592212515377,857541.6304567454,898646.4174085271,0.0,14831,211,24930,16.187360912561417,436,0.9603672429527959,0.029374518636810006,0.9964120396259977,0.029374518636810006,1136026.0549737718
43,on,23250,454,0.9533410541958836,856716.5229215992,898646.4174085271,0.0,14977,215,25263,16.12542336806655,436,0.9594402240918005,0.03130283591444189,0.9959141999555874,0.03130283591444189,1146436.701377091
43,on,23500,455,0.952474921831792,855938.1761756068,898646.4174085271,0.0,15119,216,25551,15.460076428949833,436,0.9590372752947727,0.03178393070363481,0.9834971556903769,0.03178393070363481,1149086.1503474142
43,on,23750,475,0.9539551457269125,857268.3740759194,898646.4174085271,0.0,15291,222,25783,15.61271951906383,436,0.9609681083897259,0.029455047163164803,0.9973277074511551,0.029455047163164803,1136887.9013310417
43,on,24000,443,0.9547147648076879,857951.0030414533,898646.4174085271,0.0,15460,223,26114,15.222693808376789,436,0.9609633236634806,0.028963163092616134,0.9957870688181324,0.028963163092616134,1133941.0882814769
43,on,24250,443,0.9539825748871177,857293.0231924702,898646.4174085271,0.0,15577,227,26389,15.07400893419981,436,0.9599430760132792,0.03062062150540977,0.9966116677022258,0.03062062150540977,1142375.658759529
43,on,24500,435,0.9531166692731887,856514.8802146991,898646.4174085271,0.0,15712,227,26688,15.446636371314526,436,0.9596405138519649,0.030967235286155907,0.9971564576131791,0.030967235286155907,1143252.2859560845
43,on,24750,470,0.9537016624793306,857040.5822636068,898646.4174085271,0.0,15855,230,26904,15.18607622385025,436,0.9600749745977896,0.029987824126565785,0.9966788240920453,0.029987824126565785,1138234.6105257
43,on,25000,459,0.9509933422665188,854606.7600071683,898646.4174085271,0.0,16016,235,27228,16.10301810875535,436,0.9571583434746765,0.033111572481779566,0.9964967000910971,0.033111572481779566,1149084.3353381143
43,on,25250,476,0.9524601589616072,855924.9095752045,898646.4174085271,0.0,16144,240,27501,15.90117645636201,436,0.9592396451927616,0.031565525346606504,0.9963909794929982,0.031565525346606504,1146236.6978122704
43,on,25500,443,0.9522178603641573,855707.1688086631,898646.4174085271,0.0,16296,241,27822,15.448027543723583,436,0.9589586477977223,0.031083008420818233,0.9888674887957952,0.031083008420818233,1142780.118541804
43,on,25750,472,0.9525399541964434,855996.6172771164,898646.4174085271,0.0,16424,245,28140,15.294784136116505,436,0.9594780133481444,0.030116781903817193,0.9909190636454749,0.030116781903817193,1138470.5693389575
43,on,26000,478,0.9525580555858051,856012.8840258163,898646.4174085271,0.0,16556,246,28426,15.42325734347105,436,0.9592425952472436,0.030725972662509655,0.9963649171550606,0.030725972662509655,1142363.1631157396
43,on,26250,463,0.9518121361250809,855342.5661747613,898646.4174085271,0.0,16698,247,28717,15.359470043331385,436,0.9583808957882223,0.03253491442953379,0.9967542897409866,0.03253491442953379,1153224.8896682078
43,on,26500,449,0.9530570810736932,856461.3314927026,898646.4174085271,0.0,16825,250,29053,15.368806019425392,436,0.9592630343131032,0.032516081999727345,0.9937107567193002,0.032516081999727345,1151905.3590493232
43,on,26750,451,0.9526553159580045,856100.2867108491,898646.4174085271,0.0,16970,253,29305,14.85730865597725,436,0.9591663343928172,0.03224242180344492,0.998078496014187,0.03224242180344492,1150709.0373991458
43,on,27000,426,0.951761637183977,855297.1854822553,898646.4174085271,0.0,17099,260,29634,15.348137054592371,436,0.958317527194243,0.03287858873320112,0.9923166740028034,0.03287858873320112,1152408.4527671349
43,on,27250,463,0.9523865808023783,855858.7888260139,898646.4174085271,0.0,17234,263,29907,15.415243512019515,436,0.9593264688902925,0.03150804623211675,0.9952949940651405,0.03150804623211675,1147166.2639909592
43,on,27500,432,0.9532283583423519,856615.2491965662,898646.4174085271,0.0,17378,268,30204,15.591297125443816,436,0.9601167026678986,0.030778459743273343,0.9917041673404202,0.030778459743273343,1146604.6400404323
43,on,27750,463,0.9545913358747433,857840.0840730581,898646.4174085271,0.0,17532,269,30428,15.26350380294025,436,0.9613860783653033,0.02971636658379103,0.9945784466618666,0.02971636658379103,1136039.6008433374
43,on,28000,475,0.9538242992083072,857150.7893207443,898646.4174085271,0.0,17681,273,30713,15.945357695221901,436,0.9596476956859515,0.03152355599065483,0.9954237836207901,0.03152355599065483,1143349.6813194181
43,on,28250,462,0.9514288923607717,854998.1655389706,898646.4174085271,0.0,17834,276,31089,16.117580799385905,436,0.9581326605382625,0.03250048467336421,0.9965684802934994,0.03250048467336421,1149269.5730207202
43,on,28500,446,0.9541396083526094,857434.1407536475,898646.4174085271,0.0,17981,281,31296,15.560759572312236,436,0.9609306122173417,0.029349478062518055,0.994758610630195,0.029349478062518055,1133820.6172321339
43,on,28750,479,0.951932205042979,855450.4656776725,898646.4174085271,0.0,18122,285,31589,15.384328020736575,436,0.9582721653871006,0.03262478094040526,0.9942950370538823,0.03262478094040526,1149851.5559790372
43,on,29000,460,0.9503028138651872,853986.2191331929,898646.4174085271,0.0,18277,287,32009,15.763621984049678,436,0.9580613579604071,0.03335401474072399,0.9913066403785695,0.03335401474072399,1153043.0896443522
43,on,29250,422,0.9540204786617061,857327.0852837104,898646.4174085271,0.0,18403,291,32279,15.739338692277672,436,0.9611802950492917,0.0298246775181285,0.9872472364859749,0.0298246775181285,1135763.9466844287
43,on,29500,448,0.9547606774595793,857992.2622815892,898646.4174085271,0.0,18506,294,32551,15.331276321783662,436,0.9607143197871432,0.028854672539053848,0.9820916985074593,0.028854672539053848,1130453.5345978623
43,on,29750,472,0.9545691035791117,857820.105100238,898646.4174085271,0.0,18625,296,32757,15.29313044063747,436,0.9614060497853394,0.029593954461072065,0.9958564007668409,0.029593954461072065,1138661.4225557845
43,on,30000,469,0.9523411147103328,855817.9308852837,898646.4174085271,0.0,18736,297,33102,15.922679936513303,436,0.9598683513416866,0.03146370016683517,0.9935266060237695,0.03146370016683517,1144994.829555417
43,on,30250,430,0.9524131171015214,855882.6355761703,898646.4174085271,0.0,18857,300,33388,15.792265916243196,436,0.9592585228415231,0.03208654450319207,0.9935477720436297,0.03208654450319207,1149705.3341455911
43,on,30500,479,0.9527268837243635,856164.6008276896,898646.4174085271,0.0,18968,308,33584,15.633835088461636,436,0.9602790849608507,0.03078232144730881,0.9890966418373872,0.03078232144730881,1139960.1423187384
43,on,30750,468,0.9524140988961685,855883.5178624124,898646.4174085271,0.0,19086,312,33896,15.630689831450582,436,0.9596351984063437,0.030920890410296963,0.992043751366465,0.030920890410296963,1135296.9010880592
43,on,31000,474,0.9531664625609241,856559.6267743334,898646.4174085271,0.0,19187,314,34178,15.581498999148607,436,0.9596327947673827,0.030747170216257416,0.9893964261888933,0.030747170216257416,1133008.1554601423
43,on,31250,468,0.9544280898365652,857693.3836056932,898646.4174085271,0.0,19302,317,34448,15.428972527384758,436,0.9613763181699425,0.029561773264900892,0.9965249473413161,0.029561773264900892,1134586.8621087195
43,on,31500,469,0.9552592479466386,858440.3008636107,898646.4174085271,0.0,19439,320,34752,15.458445051684976,436,0.9613758361073137,0.028993028975946813,0.9945113876090367,0.028993028975946813,1135544.8202527338
43,on,31750,439,0.956259381503751,859339.0673016398,898646.4174085271,0.0,19572,321,35066,15.754994658753276,436,0.9620185539140785,0.027839788859883804,0.9948649602406691,0.027839788859883804,1128597.2871260329
43,on,32000,466,0.9545393214570428,857793.341502938,898646.4174085271,0.0,19697,324,35343,15.761084379628299,436,0.9611931234011699,0.03041705626635446,0.9946681277501127,0.03041705626635446,1144637.2421998747
43,on,32250,487,0.9512375975551953,854826.2591472706,898646.4174085271,0.0,19834,328,35592,15.936930716037752,436,0.9578071171253617,0.03310411007583336,0.9916513492657781,0.03310411007583336,1152659.1157435162
43,on,32500,470,0.950425242919491,854096.2395642297,898646.4174085271,0.0,19965,338,35905,15.901937983930113,436,0.9567795673827564,0.034691569416290105,0.9921083541335285,0.034691569416290105,1157015.277267211
43,on,32750,478,0.9499603705928878,853678.4837133754,898646.4174085271,0.0,20084,343,36198,16.72296553850174,436,0.9557324333998746,0.035757026602118484,0.9921648746237465,0.035757026602118484,1162340.6623192285
43,on,33000,485,0.9515172461568256,855077.564361259,898646.4174085271,0.0,20234,345,36436,15.325484972447157,436,0.9577437107127847,0.03299354215621288,0.9950606842570513,0.03299354215621288,1150882.8615996246
43,on,33250,513,0.9505844250431167,854239.2880093413,898646.4174085271,0.0,20393,347,36772,15.724460871890187,436,0.9574684235736532,0.032766587482713376,0.9928973609745895,0.032766587482713376,1151109.4825697765
43,on,33500,491,0.951175886046632,854770.8023211872,898646.4174085271,0.0,20539,349,37058,15.678530314937236,436,0.9589147105565689,0.03191081552331621,0.9892088759206279,0.03191081552331621,1148056.1589523738
43,on,33750,460,0.9497182515659027,853460.9043171888,898646.4174085271,0.0,20688,352,37364,15.51764820702374,436,0.9565388812234138,0.034318434959779896,0.9920751191231227,0.034318434959779896,1157765.2898690836
43,on,34000,483,0.9526332026864301,856080.4146985717,898646.4174085271,0.0,20866,355,37615,15.67958945594728,436,0.9587000075749246,0.03159220548487073,0.9934797091100368,0.03159220548487073,1148427.012444255
43,on,34250,499,0.9525959934780491,856046.9767767655,898646.4174085271,0.0,21039,359,37941,15.98445996083319,436,0.9591412367478459,0.03140918970748561,0.9925586105750487,0.03140918970748561,1145985.9106192116
43,on,34500,488,0.9508696879456029,854495.6384946802,898646.4174085271,0.0,21189,363,38351,16.130115911364555,436,0.9566569438783687,0.034396970892104736,0.9939595402666719,0.034396970892104736,1156484.6770548646
43,on,34750,445,0.9537345758118704,857070.1597119786,898646.4174085271,0.0,21358,368,38565,15.9642654042691,436,0.9599791830381911,0.03050102842321195,0.995874084368623,0.03050102842321195,1142840.373649526
43,on,35000,481,0.9541544416449866,857447.4706387008,898646.4174085271,0.0,21529,369,38780,15.298976548016071,436,0.9607943829738606,0.02983616601443536,0.9950180318650993,0.02983616601443536,1141887.9870844455
43,on,35250,468,0.9555915304035767,858738.9053031058,898646.4174085271,0.0,21691,374,39130,15.4877741150558,436,0.9611790585079857,0.02886408654806309,0.990816694418745,0.02886408654806309,1135383.5065394857
43,on,35500,482,0.9540120809012194,857319.5386663347,898646.4174085271,0.0,21871,377,39429,15.53627941571176,436,0.9606753447979679,0.02958573420887681,0.9953529854063852,0.02958573420887681,1136385.8565618156
43,on,35750,472,0.9534278082677684,856794.4841574942,898646.4174085271,0.0,22030,379,39653,15.487978424876928,436,0.9596940195931672,0.030189487876818046,0.9956881137112785,0.030189487876818046,1136327.709362321
43,on,36000,496,0.9531991957915237,856589.042374742,898646.4174085271,0.0,22184,385,39944,15.71307043172419,436,0.9592312822045376,0.030474038507299604,0.9966762536886168,0.030474038507299604,1137298.0658713144
43,on,36250,522,0.9507500764989284,854388.1500966451,898646.4174085271,0.0,22344,389,40197,15.229136867448688,436,0.9576342422791824,0.031857501099008576,0.9954983946798418,0.031857501099008576,1145567.7466638298
43,on,36500,567,0.9463721496002532,850453.9417734742,898646.4174085271,0.0,22553,393,40474,15.542010828852654,436,0.9538895001690451,0.036075947116591164,0.9937765224901283,0.036075947116591164,1161385.7508772758
43,on,36750,542,0.9453342753250166,849521.2597743124,898646.4174085271,0.0,22735,394,40832,16.02903468348086,436,0.9526301852312651,0.036771818988164645,0.9930884829852384,0.036771818988164645,1164072.3737489458
43,on,37000,526,0.9473825824479531,851361.9636320916,898646.4174085271,0.0,22958,396,41105,15.593711260706186,436,0.9544946655989492,0.03561789778231089,0.9919152092455188,0.03561789778231089,1160307.1434003443
43,on,37250,560,0.9479713465466921,851891.0543801222,898646.4174085271,0.0,23141,400,41297,15.788348719477655,436,0.9549654143160179,0.03514106041696346,0.9904831887158473,0.03514106041696346,1159436.2171932699
43,on,37500,554,0.9486971553932922,852543.2998998428,898646.4174085271,0.0,23333,403,41615,15.66395908407867,436,0.9554718702264421,0.034149823236906705,0.9973204699559567,0.034149823236906705,1158297.9920723066
43,on,37750,522,0.9469280424501629,850953.4928915086,898646.4174085271,0.0,23529,405,42024,15.766863947734237,436,0.9542196651171663,0.03618020799776956,0.9988905581682115,0.03618020799776956,1164134.398110035
43,on,38000,518,0.9469086586195843,850936.0736816034,898646.4174085271,0.0,23688,413,42341,15.412682751193643,436,0.954364431051322,0.034896625778237295,0.9956283514890559,0.034896625778237295,1157939.222591662
43,on,38250,566,0.9468927752350161,850921.800134965,898646.4174085271,0.0,23829,420,42540,15.557674488052726,436,0.9548675876004968,0.03478252529477975,0.9944672843009595,0.03478252529477975,1158834.9268883213
43,on,38500,559,0.9447829753763056,849025.8360504857,898646.4174085271,0.0,23992,422,42877,15.909919245168567,436,0.952277183355053,0.03736423642391948,0.9975402535490783,0.03736423642391948,1166593.0281810001
43,on,38750,538,0.9462875160754063,850377.8861595779,898646.4174085271,0.0,24182,422,43307,15.97949764318764,436,0.9534124354202964,0.035918168405003024,0.9967868820986557,0.035918168405003024,1161968.925458128
43,on,39000,521,0.949019295122234,852832.7896131614,898646.4174085271,0.0,24347,425,43549,15.468323210254312,436,0.9561011022321849,0.032159022249712725,0.9987541948659167,0.032159022249712725,1142849.8501241123
43,on,39250,550,0.9486236488586601,852477.2435158396,898646.4174085271,0.0,24520,427,43841,15.576266072690487,436,0.9550471150855676,0.034487441785072216,0.9982106489477766,0.034487441785072216,1155126.2042190176
43,on,39500,547,0.9489936318920932,852809.727443336,898646.4174085271,0.0,24688,429,44287,15.8563582804054,436,0.9547804130807241,0.03567169857102697,0.9985443919911066,0.03567169857102697,1161719.3321545946
43,on,39750,533,0.9488486361657849,852679.4275533495,898646.4174085271,0.0,24869,434,44590,15.72886886075139,436,0.9551709175197345,0.03476714889392292,0.9968056020442377,0.03476714889392292,1156409.5705586388
43,on,40000,516,0.9508672858551576,854493.4798647072,898646.4174085271,0.0,25053,435,44935,15.730486981570722,436,0.9570815336524416,0.032871397359235145,0.997159792229713,0.032871397359235145,1151411.4842862966
44,off,250,61,0.9988686442012511,917901.4664206345,918941.1157806818,0.0,1895,0,55,8.593698304146528,442,0.9989393142336228,3.356429299839787e-05,0.046558429983690086,3.356429299839787e-05,993926.3876876397
44,off,500,92,0.9971632211457055,916334.2830550935,918941.1157806818,0.0,1902,0,109,7.726976867765188,442,0.9974109651245667,0.00033027489236431415,0.3038790471593057,0.00033027489236431415,992340.1642398689
44,off,750,120,0.9954174803255369,914730.0500379438,918941.1157806818,0.0,1925,0,188,7.627614626660943,442,0.9956643011351105,0.000708530896880405,0.39381897522582865,0.000708530896880405,992886.4056291762
44,off,1000,220,0.9892325385137087,909046.4527083439,918941.1157806818,0.0,2003,0,307,8.020435139536858,442,0.9898748231339467,0.003715139232416461,0.9637492371177416,0.003715139232416461,999842.67758723
44,off,1250,263,0.9892080545435632,909023.9533814995,918941.1157806818,0.0,2103,0,475,8.360983468592167,442,0.9896167880615795,0.004216129828200977,0.9609734852257484,0.004216129828200977,1002161.875872387
44,off,1500,348,0.983659215327819,903924.896881296,918941.1157806818,0.0,2216,0,662,8.245851887390018,442,0.984260384371745,0.00843562977547195,0.9793897383492638,0.00843562977547195,1015364.6384762526
44,off,1750,464,0.9790135726782856,899655.8248414154,918941.1157806818,0.0,2348,0,891,8.909877363592386,442,0.9800350046991784,0.011933143076309199,0.9932130521785869,0.011933143076309199,1026978.3417274124
44,off,2000,482,0.9763363122472665,897195.5801536993,918941.1157806818,0.0,2550,0,1243,9.344138640910387,442,0.9775909809783536,0.015057964899264777,0.9826973499687298,0.015057964899264777,1044591.9970919967
44,off,2250,540,0.9757237486865694,896632.6703117457,918941.1157806818,0.0,2778,0,1484,9.312801748514175,442,0.9778856002774575,0.015051068139453139,0.9862132832676105,0.015051068139453139,1044591.8869365822
44,off,2500,510,0.9747017714324477,895693.5333935407,918941.1157806818,0.0,3033,0,1855,9.379874791949987,442,0.9765146271178965,0.015077806461576564,0.9936507066248044,0.015077806461576564,1043251.9992932653
44,off,2750,511,0.9757230009931979,896631.9832255646,918941.1157806818,0.0,3276,3,2161,9.437510147690773,442,0.9769169092299118,0.01598723413505697,0.9950432518333837,0.01598723413505697,1047124.3251224194
44,off,3000,518,0.9752808145983847,896225.6399665319,918941.1157806818,0.0,3510,5,2481,9.597835643216968,442,0.976138214819394,0.0164873492344335,0.9943744475501267,0.0164873492344335,1052825.2627420425
44,off,3250,532,0.9770707635824389,897870.4976831293,918941.1157806818,0.0,3739,7,2801,9.336665600538254,442,0.978809158923183,0.013748077349829345,0.9889212957958975,0.013748077349829345,1041908.4745942925
44,off,3500,561,0.973576830746231,894659.7791441616,918941.1157806818,0.0,4000,10,3221,9.503308920189738,442,0.9755041310380922,0.016668853418680383,0.9924012667242392,0.016668853418680383,1051629.6246198777
44,off,3750,561,0.9740547283541491,895098.9389052107,918941.1157806818,0.0,4237,11,3559,9.455602487549186,442,0.9762779881898058,0.01589241830493559,0.9851057985676143,0.01589241830493559,1042309.4581701461
44,off,4000,563,0.9732440599384102,894353.9823667235,918941.1157806818,0.0,4438,11,3979,9.584192475304008,442,0.9751332835333165,0.01740277914509414,0.9864213550277099,0.01740277914509414,1052663.1524731086
44,off,4250,621,0.973221728859799,894333.4614204279,918941.1157806818,0.0,4678,11,4282,10.129649387672544,442,0.9749321296931547,0.017360071451072875,0.9962319800932604,0.017360071451072875,1054884.991777398
44,off,4500,638,0.9708421883652844,892146.8038233533,918941.1157806818,0.0,4914,16,4692,10.576057178899646,442,0.9721153584077591,0.019793435066763676,0.9978127693581073,0.019793435066763676,1065881.843363175
44,off,4750,594,0.9726590779725831,893816.4183863348,918941.1157806818,0.0,5155,18,5068,10.031584376469254,442,0.9741597100227508,0.017092941771561784,0.9920552131058852,0.017092941771561784,1049634.0456014639
44,off,5000,639,0.9711982905804483,892474.040790288,918941.1157806818,0.0,5391,20,5415,10.37746574357152,442,0.9722757212403151,0.019110813763676716,1.0,0.019110813763676716,1056866.2800799794
44,off,5250,661,0.9694865586641163,890901.0599531764,918941.1157806818,0.0,5632,24,5758,10.050439959391952,442,0.9704209838924127,0.02070532949509623,0.9837739923899008,0.02070532949509623,1067339.5028987909
44,off,5500,640,0.9690204125529903,890472.6991257016,918941.1157806818,0.0,5820,29,6214,10.381574152037501,442,0.9704563404497379,0.020663895035695372,0.9879386022450237,0.020663895035695372,1061723.8170531914
44,off,5750,701,0.9692818422339687,890712.9376084381,918941.1157806818,0.0,5990,30,6668,9.95393325574696,442,0.9713395936880026,0.01866337866371864,0.9965960972149304,0.01866337866371864,1053162.6666846047
44,off,6000,661,0.9681077942244326,889634.0566205748,918941.1157806818,0.0,6223,39,7097,10.10571314394474,442,0.969854298891022,0.020343290968163445,0.9965960972149304,0.020343290968163445,1056763.0104113033
44,off,6250,693,0.9698555679684009,891240.1577749893,918941.1157806818,0.0,6415,48,7462,10.519825892522931,442,0.9712519804058615,0.020477617344458302,0.9974470729111978,0.020477617344458302,1061834.1297642316
44,off,6500,672,0.9692264617611482,890662.0462149519,918941.1157806818,0.0,6632,53,7850,10.585467306897044,442,0.9702165243741258,0.021196791875763524,0.9941632661074199,0.021196791875763524,1063783.2388296924
44,off,6750,712,0.966725307616375,888363.6328344145,918941.1157806818,0.0,6834,66,8302,10.355435336008668,442,0.9682899409023371,0.023004939552302053,0.9962102824147752,0.023004939552302053,1071227.0183755665
44,off,7000,740,0.9649336483228147,886717.2034440914,918941.1157806818,0.0,7038,75,8810,10.318142363801599,442,0.9671374826749245,0.0242972322024068,0.9992793307416598,0.0242972322024068,1075526.8759927012
44,off,7250,713,0.9652971776640562,887051.2655025509,918941.1157806818,0.0,7286,78,9296,10.25474895350635,442,0.9674431581700795,0.02336668604512173,0.9965960972149304,0.02336668604512173,1072175.7271863564
44,off,7500,683,0.9666775700630567,888319.7648339035,918941.1157806818,0.0,7497,81,9807,10.228138327598572,442,0.9685997554481598,0.02194972423523068,0.9942833620887116,0.02194972423523068,1066606.3267265507
44,off,7750,723,0.9668800260154865,888505.8099327259,918941.1157806818,0.0,7735,84,10174,10.04377331584692,442,0.9689184073784927,0.021265243088692737,0.9975071209018437,0.021265243088692737,1064911.6520993034
44,off,8000,755,0.9656584223100215,887383.228060584,918941.1157806818,0.0,7957,87,10672,10.472786156460643,442,0.9674925620468098,0.02273463711715197,0.9965960972149304,0.02273463711715197,1071202.32983605
44,off,8250,763,0.9652982687318121,887052.2681295719,918941.1157806818,0.0,8183,92,11113,10.308387871831656,442,0.967610055031317,0.022189411423108568,0.9965960972149304,0.022189411423108568,1067207.4017737457
44,off,8500,773,0.9655874827374981,887318.0387706563,918941.1157806818,0.0,8411,98,11561,10.4265760127455,442,0.9674604704829759,0.02319884773104101,0.9982980486074652,0.02319884773104101,1073645.031494542
44,off,8750,732,0.96636491302419,888032.4514257507,918941.1157806818,0.0,8641,102,12073,10.264084000140429,442,0.9676817858931743,0.023110521938189396,0.9981826809721566,0.023110521938189396,1073374.7228454975
44,off,9000,729,0.9678995734204084,889442.7139625961,918941.1157806818,0.0,8854,107,12554,10.197204291820526,442,0.9690470795142063,0.021670755256744435,0.9974470729111978,0.021670755256744435,1065256.795441626
44,off,9250,784,0.9657568666176514,887473.6925824797,918941.1157806818,0.0,9081,115,12910,10.075345050543547,442,0.9668780889386962,0.023987868272315926,0.9948941458223955,0.023987868272315926,1070973.5960240597
44,off,9500,765,0.9643838681549548,886211.9878432042,918941.1157806818,0.0,9324,119,13387,10.193349028006196,442,0.965677422455953,0.025545601547962902,0.9952078701498848,0.025545601547962902,1080742.1614285607
44,off,9750,774,0.9636799383857177,885565.1178356302,918941.1157806818,0.0,9583,123,13861,10.429271379485726,442,0.9652306585826074,0.02591765858962568,0.9978154250135469,0.02591765858962568,1081569.0310326
44,off,10000,801,0.9653669153806929,887115.350357689,918941.1157806818,0.0,9796,126,14289,10.425101915374398,442,0.9659308062901746,0.02491948859604624,0.9918031860875958,0.02491948859604624,1077595.206755727
44,off,10250,794,0.9661829465106297,887865.234914745,918941.1157806818,0.0,10044,132,14770,10.506260849535465,442,0.9665608564085104,0.02451932671905479,0.9986092700396043,0.02451932671905479,1078721.7066533351
44,off,10500,797,0.9661321584389332,887818.5636674718,918941.1157806818,0.0,10270,138,15255,10.551656384021044,442,0.9666525837771228,0.02486897031728543,0.9970543110867429,0.02486897031728543,1078559.2451140783
44,off,10750,783,0.9641136297452845,885963.6546574949,918941.1157806818,0.0,10471,140,15746,10.624920547008514,442,0.9648301471243974,0.025678333879073704,0.995204213425732,0.025678333879073704,1078762.098671883
44,off,11000,901,0.9621140598134356,884126.1676332401,918941.1157806818,0.0,10672,145,16183,10.784152928739786,442,0.9633743072171148,0.026685130165940606,0.9957617476097097,0.026685130165940606,1083303.2799970587
44,off,11250,833,0.9641630778673319,886009.0945699424,918941.1157806818,0.0,10885,153,16711,10.925580728799105,442,0.9654585362955067,0.024830946007705194,0.9937330994701733,0.024830946007705194,1078061.3730028744
44,off,11500,856,0.9605834939485246,882719.6677295631,918941.1157806818,0.0,11096,158,17246,10.992256082594395,442,0.9619869590784551,0.02836890267525564,0.9960852619249044,0.02836890267525564,1090596.7610902672
44,off,11750,791,0.9645383607700792,886353.9574593264,918941.1157806818,0.0,11293,171,17813,10.94722518324852,442,0.9658211828859684,0.02452855352450087,0.9974470729111978,0.02452855352450087,1079135.8560881403
44,off,12000,835,0.9650435683155948,886818.2134449034,918941.1157806818,0.0,11522,177,18288,10.545417470857501,442,0.9668095096672061,0.0235731211798759,0.9992778642249293,0.0235731211798759,1075857.834005207
44,off,12250,812,0.9629652179188561,884908.3318123411,918941.1157806818,0.0,11756,182,18762,10.99867126904428,442,0.9640364605118001,0.026642255749721865,0.9934808944038911,0.026642255749721865,1085752.2490507266
44,off,12500,847,0.961955133809931,883980.1239942531,918941.1157806818,0.0,11967,183,19349,11.068360360339284,442,0.9628434328278125,0.0280278636004833,0.9991490243037326,0.0280278636004833,1092393.7958054412
44,off,12750,814,0.961915966144721,883944.1312162825,918941.1157806818,0.0,12162,192,19906,11.130513992160559,442,0.9632684842234003,0.028899327756931666,0.9981657735109511,0.028899327756931666,1096308.2586243718
44,off,13000,841,0.9639651516966432,885827.2120738075,918941.1157806818,0.0,12383,197,20360,10.893136216327548,442,0.9652912372213591,0.02542211934660611,0.9962538869265646,0.02542211934660611,1080777.6554821897
44,off,13250,835,0.964552198603103,886366.6736130454,918941.1157806818,0.0,12618,203,20800,10.822836028411984,442,0.9656962549700795,0.025471460730317575,0.9929659113879523,0.025471460730317575,1082880.319490792
44,off,13500,840,0.9631003962894189,885032.5527750155,918941.1157806818,0.0,12840,208,21308,11.139808662235737,442,0.9639553227158759,0.026607506272711905,0.9974470729111978,0.026607506272711905,1084912.5791650582
44,off,13750,851,0.9616452651927845,883695.372981467,918941.1157806818,0.0,13062,213,21900,10.763870194554329,442,0.9632957218974993,0.027182162154345168,0.9973312177414423,0.027182162154345168,1089136.3210796046
44,off,14000,807,0.9638618926390373,885732.3230801967,918941.1157806818,0.0,13282,222,22438,10.712460648268461,442,0.9652331092481005,0.025048727950409702,0.9958639070243506,0.025048727950409702,1077655.0141211217
44,off,14250,800,0.9636860360664531,885570.7212451688,918941.1157806818,0.0,13514,228,22842,10.621132548898458,442,0.9652554875668972,0.025482377817141313,0.9982980486074652,0.025482377817141313,1079653.6699819143
44,off,14500,824,0.9632242095416691,885146.3298631867,918941.1157806818,0.0,13714,231,23270,11.278914749622345,442,0.9644715603693407,0.025890860975120004,1.0,0.025890860975120004,1081972.7350324292
44,off,14750,868,0.9620177124127433,884037.6300453454,918941.1157806818,0.0,13925,238,23849,10.966332875192165,442,0.9628145791189587,0.028086645860691865,0.9955828502762406,0.028086645860691865,1088379.2419586934
44,off,15000,846,0.961206676042516,883292.33537835,918941.1157806818,0.0,14168,245,24397,10.978109350427985,442,0.9626368550996852,0.028415474985229266,0.9970900548950244,0.028415474985229266,1091147.8109730885
44,off,15250,839,0.9642907466262891,886126.4146417489,918941.1157806818,0.0,14366,256,24879,10.95674636401236,442,0.965577877043597,0.024756842446678234,0.9961899701274428,0.024756842446678234,1076970.6810220322
44,off,15500,830,0.9647413070259897,886540.4531181763,918941.1157806818,0.0,14579,267,25288,11.152642548084259,442,0.9656423158642349,0.025351444090299796,0.9978399092084834,0.025351444090299796,1079343.5226784633
44,off,15750,866,0.9627780883600393,884736.3707667664,918941.1157806818,0.0,14780,275,25816,10.763957733288407,442,0.9643717679976859,0.025789853309004587,0.9963809451736395,0.025789853309004587,1080450.1081924648
44,off,16000,878,0.9608491338775824,882963.7751823673,918941.1157806818,0.0,15000,285,26332,10.768407663330436,442,0.962480068973397,0.027538775075847993,0.9970805150521942,0.027538775075847993,1088253.1827625262
44,off,16250,866,0.9614048220723537,883474.4199120966,918941.1157806818,0.0,15224,301,26854,10.780169107019901,442,0.9631506789772875,0.02718997088945656,0.9992786688930014,0.02718997088945656,1087309.956610468
44,off,16500,879,0.9603595564510864,882513.882355802,918941.1157806818,0.0,15422,315,27268,10.882241977378726,442,0.9623537905694702,0.027173196190850638,0.9976642547760997,0.027173196190850638,1086526.7706085038
44,off,16750,897,0.9605700582292949,882707.3210947427,918941.1157806818,0.0,15627,321,27835,11.20953661762178,442,0.961357881855768,0.02812049515231164,0.9991224538298414,0.02812049515231164,1088213.7103270083
44,off,17000,868,0.9611426276477584,883233.4786750075,918941.1157806818,0.0,15852,326,28404,11.40592247620225,442,0.9622898559020492,0.02794228366009559,0.9954536855773375,0.02794228366009559,1086926.2638458647
44,off,17250,863,0.9624572811563441,884441.5678370523,918941.1157806818,0.0,16075,333,28875,11.353150364011526,442,0.9636944891772519,0.026261547709408153,1.0,0.026261547709408153,1081225.6535228058
44,off,17500,858,0.9633203144271608,885234.6445938924,918941.1157806818,0.0,16308,338,29312,11.571926658973098,442,0.9647138600631749,0.02503059170678862,0.9984724749333761,0.02503059170678862,1076546.8026216882
44,off,17750,911,0.9619161714268507,883944.3198584719,918941.1157806818,0.0,16493,342,29758,11.281790550798178,442,0.9629872348759289,0.027706367007305555,0.9951328151329565,0.027706367007305555,1087482.5727933042
44,off,18000,907,0.9603718988286069,882525.2242739721,918941.1157806818,0.0,16738,347,30291,11.4633759111166,442,0.9613593946093969,0.029643066737745756,0.9974470729111978,0.029643066737745756,1093886.9306976781
44,off,18250,887,0.9611968657512918,883283.3202983864,918941.1157806818,0.0,16956,351,30817,11.488252155482769,442,0.9629072909912538,0.027590786107362146,0.9974470729111978,0.027590786107362146,1087586.02960972
44,off,18500,831,0.962837480952309,884790.9490617758,918941.1157806818,0.0,17176,356,31325,11.277399592101574,442,0.9647595390399242,0.025930778034980836,0.9913803509703862,0.025930778034980836,1082302.176806687
44,off,18750,856,0.9632173651970176,885140.0403134759,918941.1157806818,0.0,17356,364,31834,10.854556437581778,442,0.9643640012371985,0.026261654159444318,1.0,0.026261654159444318,1079927.975568858
44,off,19000,835,0.9634798955624484,885381.2902604111,918941.1157806818,0.0,17552,379,32333,10.72749943099916,442,0.9650137187114888,0.02550257376412987,0.9972606664584631,0.02550257376412987,1077132.9448992757
44,off,19250,862,0.9625745424167086,884549.3240304894,918941.1157806818,0.0,17757,389,32785,10.80611807666719,442,0.9646653575599373,0.025737895111744076,0.9974470729111978,0.025737895111744076,1078839.4038690852
44,off,19500,865,0.9640946991992531,885946.2586004024,918941.1157806818,0.0,17945,398,33293,11.018765831366181,442,0.9661203630953402,0.02446676951057437,0.996521514810849,0.02446676951057437,1079684.6795499763
44,off,19750,862,0.9636133971673442,885503.9703741726,918941.1157806818,0.0,18160,402,33776,11.001874731853604,442,0.9648094796466293,0.026043748715489395,0.9982980486074652,0.026043748715489395,1081123.5781396038
44,off,20000,893,0.9629670195865393,884909.9874388521,918941.1157806818,0.0,18368,408,34251,10.930599331855774,442,0.9644680967406158,0.02605921173226286,0.9983588303271405,0.02605921173226286,1080249.9168187147
44,off,20250,879,0.9625827869044761,884556.9002292776,918941.1157806818,0.0,18585,415,34718,11.25405577197671,442,0.9635622124671306,0.02735003861122326,1.0,0.02735003861122326,1085258.7743827647
44,off,20500,856,0.9636465990673511,885534.4809652109,918941.1157806818,0.0,18778,420,35216,11.150012083351612,442,0.9650699251330023,0.025128611854251158,0.9993085924417748,0.025128611854251158,1075434.341978426
44,off,20750,899,0.9618274125028813,883862.7556338438,918941.1157806818,0.0,18975,435,35719,11.209363071247935,442,0.9629232124260478,0.027297944759660017,0.9984668965151287,0.027297944759660017,1084861.1829863444
44,off,21000,905,0.963534392570835,885431.3698021045,918941.1157806818,0.0,19206,444,36240,11.236480824649334,442,0.9649676874703631,0.025879703292110364,0.9985188038090074,0.025879703292110364,1076539.0498311012
44,off,21250,889,0.960776649710292,882897.166500801,918941.1157806818,0.0,19418,457,36741,11.571565266698599,442,0.962140163391741,0.028021142244444085,0.9989598904458327,0.028021142244444085,1085699.7931830625
44,off,21500,929,0.9601094610620692,882284.059419967,918941.1157806818,0.0,19594,472,37239,11.494661208242178,442,0.9613259043366779,0.029015814328448988,0.9985032405625653,0.029015814328448988,1090456.0644471957
44,off,21750,884,0.9624484041458546,884433.4103871282,918941.1157806818,0.0,19815,483,37750,10.976755756884813,442,0.9637250952746473,0.026574648715673117,0.9985537304977917,0.026574648715673117,1081270.0195252153
44,off,22000,880,0.9643237570678943,886156.74929379,918941.1157806818,0.0,20047,489,38314,11.129624553024769,442,0.9654348051571653,0.024847376641203286,0.9947114346139904,0.024847376641203286,1077400.8974365229
44,off,22250,875,0.963449072780775,885352.9659390287,918941.1157806818,0.0,20290,495,38766,11.071492115035653,442,0.9653186250149078,0.02562759318997121,1.0,0.02562759318997121,1080429.2122944344
44,off,22500,885,0.9638397353761028,885711.961860273,918941.1157806818,0.0,20501,504,39255,10.840816676616669,442,0.9655291000390068,0.024668613340919573,0.9974470729111978,0.024668613340919573,1074231.1259773108
44,off,22750,873,0.9658581783534496,887566.7921020157,918941.1157806818,0.0,20735,510,39690,10.950028199702501,442,0.9671230396361317,0.0230556775800813,0.9963843286307216,0.0230556775800813,1067517.2615495005
44,off,23000,871,0.9653685953920907,887116.8941892375,918941.1157806818,0.0,20972,517,40231,11.075358713045716,442,0.9667940488514052,0.023994717818140093,1.0,0.023994717818140093,1073063.8624385123
44,off,23250,827,0.9670509816163031,888662.9080632892,918941.1157806818,0.0,21169,525,40782,11.130394970998168,442,0.9685846516236725,0.02209919779349185,0.9991490243037326,0.02209919779349185,1068275.810292278
44,off,23500,815,0.9683790188546779,889883.2960849197,918941.1157806818,0.0,21418,536,41146,10.88833418302238,442,0.9693178253637121,0.021025229872296478,0.9990444547545121,0.021025229872296478,1062660.7400522388
44,off,23750,820,0.9694951755484028,890908.9783624373,918941.1157806818,0.0,21660,549,41505,10.670648479834199,442,0.9699507135911377,0.020825822179711163,0.9991490243037326,0.020825822179711163,1061335.5587453514
44,off,24000,903,0.965476331285817,887215.8971316279,918941.1157806818,0.0,21882,562,41963,11.162133323028684,442,0.9667716026493275,0.02280173358292495,0.999142646493121,0.02280173358292495,1066476.8034672607
44,off,24250,880,0.9639060020549968,885772.8570361149,918941.1157806818,0.0,22076,574,42544,11.309843700379133,442,0.9648629301714909,0.02484637090234215,0.9994961163135763,0.02484637090234215,1076465.8113708673
44,off,24500,858,0.9653696242838223,887117.8396801533,918941.1157806818,0.0,22275,581,42987,11.166450049728155,442,0.9662834166090626,0.02412683298006669,0.9988383462918592,0.02412683298006669,1072205.3424332861
44,off,24750,853,0.9659910850171473,887688.9254998488,918941.1157806818,0.0,22493,592,43403,11.14835799112916,442,0.9665467299752498,0.024100926791437344,0.9993731633262717,0.024100926791437344,1068652.5076980088
44,off,25000,898,0.9641937923762652,886037.3193950523,918941.1157806818,0.0,22723,600,43839,11.344983575865626,442,0.9655061408975049,0.025085780801198703,0.9999668183588095,0.025085780801198703,1076058.377771792
44,off,25250,840,0.9645125869722042,886330.2728567492,918941.1157806818,0.0,22932,614,44450,11.46581656858325,442,0.9662866492707854,0.023467534978636472,0.9994961163135763,0.023467534978636472,1072652.3190294884
44,off,25500,863,0.9647019839719249,886504.317546998,918941.1157806818,0.0,23149,623,44858,11.11382564343512,442,0.9665623609863294,0.023423112787915007,0.9983411169238333,0.023423112787915007,1071882.390322721
44,off,25750,834,0.9644931072085652,886312.3721010156,918941.1157806818,0.0,23373,636,45309,11.086123311892152,442,0.9660716921429665,0.023866105076998698,0.9977298069005208,0.023866105076998698,1073964.3101251358
44,off,26000,887,0.962766179303029,884725.4270446295,918941.1157806818,0.0,23563,642,45708,11.215455956757069,442,0.9636624137672275,0.027578366050899805,0.9975174794551424,0.027578366050899805,1089055.8090546646
44,off,26250,903,0.9615229832576445,883583.0030835497,918941.1157806818,0.0,23759,652,46247,11.450917920097709,442,0.9632869817468963,0.027896494788750024,1.0,0.027896494788750024,1090878.2346421604
44,off,26500,887,0.963202223478638,885126.1259658933,918941.1157806818,0.0,23950,665,46660,11.190706023946404,442,0.9645483226994853,0.025745921797110372,0.9996791364050582,0.025745921797110372,1079931.2310075432
44,off,26750,884,0.9631441162692185,885072.7288620344,918941.1157806818,0.0,24151,680,47174,11.273764465004206,442,0.9640793720734661,0.026337328527395197,0.9982980486074652,0.026337328527395197,1084042.8101107823
44,off,27000,884,0.9625840442085907,884558.0556177235,918941.1157806818,0.0,24371,692,47640,11.239016145467758,442,0.9634276616652931,0.02827275623199834,0.9991490243037326,0.02827275623199834,1093115.815427492
44,off,27250,903,0.9644459808955423,886269.0657943438,918941.1157806818,0.0,24548,703,48077,10.900092627853155,442,0.9649434449175157,0.025825182020243323,0.9994961163135763,0.025825182020243323,1082000.7977444655
44,off,27500,854,0.9645766600426402,886389.1522355872,918941.1157806818,0.0,24768,710,48569,11.123100444674492,442,0.965606407952559,0.024571420364577556,0.9994685147962691,0.024571420364577556,1076593.6940143642
44,off,27750,843,0.9654968695683558,887234.7706039003,918941.1157806818,0.0,24982,717,49037,10.805234203115106,442,0.9665808844184667,0.024420792564386187,0.9968083464102067,0.024420792564386187,1075220.293756906
44,off,28000,868,0.963517741869354,885416.0687879071,918941.1157806818,0.0,25178,727,49541,11.198034085333347,442,0.9642694719448173,0.027158468808214063,0.9998722792034701,0.027158468808214063,1084678.1032251639
44,off,28250,843,0.9667042383741921,888344.2714414942,918941.1157806818,0.0,25373,737,49972,10.834697026759386,442,0.967604422477447,0.02318504353526667,0.9983410730447829,0.02318504353526667,1068400.3168150345
44,off,28500,813,0.9659084317319637,887612.9719977393,918941.1157806818,0.0,25592,757,50474,11.008211310952902,442,0.9676120636067892,0.02317900983637982,0.9994961163135763,0.02317900983637982,1069470.6560979227
44,off,28750,798,0.9678432471233053,889390.9534122883,918941.1157806818,0.0,25801,770,50893,10.754477575421333,442,0.9691181050815062,0.021875168019597647,0.9968220313952088,0.021875168019597647,1067957.263958161
44,off,29000,803,0.9670865299610449,888695.5748988704,918941.1157806818,0.0,25976,779,51401,10.998348573222756,442,0.9685399375964647,0.022884838494186002,0.9964501092595494,0.022884838494186002,1069240.0801366726
44,off,29250,827,0.968139525192588,889663.2155118563,918941.1157806818,0.0,26160,786,51724,10.706929622218013,442,0.969325203404533,0.02246884922593631,0.9988293003869745,0.02246884922593631,1067511.566347213
44,off,29500,879,0.9655001461486699,887237.7815882701,918941.1157806818,0.0,26349,792,52131,11.222447140142322,442,0.9662485855551696,0.02570105084937817,0.9984767352467304,0.02570105084937817,1078604.5253602143
44,off,29750,851,0.966219494412013,887898.8202840216,918941.1157806818,0.0,26542,804,52634,11.260024150833488,442,0.9671236916042972,0.023944417179606773,0.9991356623916163,0.023944417179606773,1067675.9689646077
44,off,30000,892,0.9645750698003911,886387.6908966005,918941.1157806818,0.0,26738,817,53061,11.278386179357767,442,0.9653982140434468,0.026400013785947196,0.9981063981446526,0.026400013785947196,1082681.4853702981
44,off,30250,886,0.9663488416182164,888017.6827500132,918941.1157806818,0.0,26934,827,53483,10.9727254640311,442,0.9667278790459842,0.025109190010810523,0.9974568780023325,0.025109190010810523,1076184.5206296176
44,off,30500,835,0.9668772315505122,888503.2419839643,918941.1157806818,0.0,27141,835,53915,10.996487479656935,442,0.9677004356557943,0.023675624403189276,0.9986843735147944,0.023675624403189276,1073667.8702053481
44,off,30750,884,0.9652920195886024,887046.5255349381,918941.1157806818,0.0,27341,842,54268,11.072659865021706,442,0.9667933033366294,0.02325066832247626,0.9985361275463176,0.02325066832247626,1066428.6327422345
44,off,31000,917,0.9638086126879379,885683.3619424847,918941.1157806818,0.0,27529,854,54798,11.404561266303062,442,0.9651009858476619,0.025813367677658156,0.9993592960666363,0.025813367677658156,1080380.32244032
44,off,31250,843,0.964236386053608,886076.4604764348,918941.1157806818,0.0,27726,872,55296,11.159832319244742,442,0.96566728171119,0.025066625935725517,0.9991835860080489,0.025066625935725517,1075371.350729459
44,off,31500,857,0.9660989132531655,887788.0132993681,918941.1157806818,0.0,27895,879,55734,11.741776691749692,442,0.96782833525199,0.022552034315448416,0.9988639026266324,0.022552034315448416,1064446.0261265733
44,off,31750,835,0.9669163547331169,888539.19388504,918941.1157806818,0.0,28098,887,56128,11.93651358783245,442,0.9684440306557319,0.02259806037735583,0.9994961163135763,0.02259806037735583,1065143.748713723
44,off,32000,867,0.9658713900210789,887578.9328466083,918941.1157806818,0.0,28268,896,56562,11.332019532099366,442,0.9666392637226806,0.024783127675103253,0.9994961163135763,0.024783127675103253,1075692.4197429672
44,off,32250,849,0.9676014267120078,889168.7346937121,918941.1157806818,0.0,28456,908,57019,11.229829603806138,442,0.9684714363538475,0.02331378287863091,0.9995599791100463,0.02331378287863091,1072237.790381983
44,off,32500,826,0.9681516454243283,889674.3532911353,918941.1157806818,0.0,28652,916,57395,10.917692331597209,442,0.9687904482103614,0.022646525709069346,0.9969987440492325,0.022646525709069346,1068314.246435227
44,off,32750,831,0.9672049332519516,888804.3805511283,918941.1157806818,0.0,28844,926,57818,11.063500439748168,442,0.9680672569648215,0.023798263129105678,0.9981437064131454,0.023798263129105678,1072168.641250367
44,off,33000,879,0.9671959878365632,888796.1602411302,918941.1157806818,0.0,29000,934,58233,10.735671384260058,442,0.9681699235692341,0.02427657509885221,0.9992302422374892,0.02427657509885221,1074752.0490564255
44,off,33250,869,0.9653726964452011,887120.6628155585,918941.1157806818,0.0,29199,940,58742,11.519437463954091,442,0.9660614235739649,0.025664028435066114,0.9987239148346964,0.025664028435066114,1079744.8833936355
44,off,33500,829,0.9670576089374885,888668.998181214,918941.1157806818,0.0,29371,949,59177,10.960466215386987,442,0.9677421240158407,0.022375799078012317,0.9979516836309598,0.022375799078012317,1062539.8434796412
44,off,33750,853,0.9673594823855611,888946.4021044103,918941.1157806818,0.0,29550,958,59518,10.944294575601816,442,0.9683817845510316,0.022415432023760784,0.999859526931171,0.022415432023760784,1064172.5060034993
44,off,34000,891,0.9664820587974019,888140.101493295,918941.1157806818,0.0,29711,971,59870,11.164726773276925,442,0.9675469215713838,0.024247846839910457,0.9989038486936869,0.024247846839910457,1072018.833139764
44,off,34250,926,0.9627038213914335,884668.1237957701,918941.1157806818,0.0,29908,982,60392,11.286768129095435,442,0.964138563616057,0.026789086961922063,0.9995899045860845,0.026789086961922063,1077372.5369331918
44,off,34500,891,0.9661577758934065,887842.1045996689,918941.1157806818,0.0,30088,990,60833,11.180770576000214,442,0.9673052866550922,0.024343889443477176,0.9990716730900784,0.024343889443477176,1070256.0927762447
44,off,34750,898,0.9644502727642849,886273.0097689949,918941.1157806818,0.0,30287,1001,61312,11.364545326679945,442,0.9653918194673091,0.026748952206641818,0.9990716730900784,0.026748952206641818,1078096.687921605
44,off,35000,876,0.9653025483600208,887056.2008558931,918941.1157806818,0.0,30480,1015,61724,11.314406488090754,442,0.9662168170488182,0.02601316219863832,0.9991741568517862,0.02601316219863832,1077673.3972490185
44,off,35250,890,0.964844216378534,886635.0207534276,918941.1157806818,0.0,30656,1026,62165,11.273683739826083,442,0.9666056489248069,0.024805795949998308,0.9989842518369236,0.024805795949998308,1069237.6112191826
44,off,35500,894,0.9649484175940001,886730.7755346338,918941.1157806818,0.0,30857,1032,62670,11.410109924152493,442,0.9658514279302386,0.025273107861468087,0.9989922326271524,0.025273107861468087,1073865.5937952225
44,off,35750,909,0.9654768154027745,887216.342006605,918941.1157806818,0.0,31068,1043,63014,11.298351388424635,442,0.9666832409404854,0.0245759456057724,0.9994181417217272,0.0245759456057724,1072828.977887264
44,off,36000,918,0.9645827348218707,886394.7345999915,918941.1157806818,0.0,31260,1053,63484,11.547266907989979,442,0.965672344982474,0.025151044015450427,0.9993298712291616,0.025151044015450427,1072893.40148851
44,off,36250,962,0.9618294466144948,883864.6248626396,918941.1157806818,0.0,31483,1064,63905,11.412194356322289,442,0.9635824526159297,0.027228823668922743,0.9989922326271524,0.027228823668922743,1079261.7824495675
44,off,36500,940,0.961694961989181,883741.0414109984,918941.1157806818,0.0,31664,1077,64401,11.524534178897738,442,0.9637437255361166,0.02682425355834853,0.9981621590690444,0.02682425355834853,1077762.8666519877
44,off,36750,910,0.962597930404184,884570.8162137959,918941.1157806818,0.0,31859,1088,64952,11.468804463744164,442,0.964805127208646,0.026009296427488802,1.0,0.026009296427488802,1076837.506135056
44,off,37000,932,0.9639314222431088,885796.216692142,918941.1157806818,0.0,32066,1099,65365,11.364583542570472,442,0.9658465269765174,0.02548525773186501,0.999926344320972,0.02548525773186501,1073050.5536288684
44,off,37250,919,0.9646520914008166,886458.4692120347,918941.1157806818,0.0,32270,1101,65748,11.169080875813961,442,0.9659045973006587,0.025166695128882397,0.9986954432908007,0.025166695128882397,1072893.0332385367
44,off,37500,922,0.9639207876888761,885786.4441630095,918941.1157806818,0.0,32467,1118,66135,11.291135100647807,442,0.965363757184524,0.025500434366536345,0.9994269759369244,0.025500434366536345,1073830.0575390412
44,off,37750,904,0.9634365862459071,885341.491548745,918941.1157806818,0.0,32662,1136,66620,11.254324505105615,442,0.9649340143343756,0.026355171617552676,0.9992565779166017,0.026355171617552676,1077570.772909194
44,off,38000,924,0.9620454715350188,884063.1390441424,918941.1157806818,0.0,32846,1151,67104,13.345641752704978,442,0.9640900667204709,0.027509329751407997,0.996904861078541,0.027509329751407997,1082811.099171341
44,off,38250,935,0.963609405550973,885500.3023137706,918941.1157806818,0.0,33046,1159,67553,11.761216817423701,442,0.9648760772494125,0.026466346952496625,0.997215019270235,0.026466346952496625,1078598.15047864
44,off,38500,874,0.9641873164816926,886031.368429268,918941.1157806818,0.0,33260,1180,67984,11.645624209195375,442,0.9656686050386707,0.02500083416046495,0.9970730223624852,0.02500083416046495,1069703.2798564194
44,off,38750,911,0.9638390412011145,885711.3239543347,918941.1157806818,0.0,33427,1189,68474,11.514679096639156,442,0.9653688644765663,0.025646587836576067,0.99911212770891,0.025646587836576067,1075060.345274016
44,off,39000,959,0.9612617295294125,883342.9262910263,918941.1157806818,0.0,33596,1201,68928,11.567440431565046,442,0.9633665109390445,0.027606323523006994,0.9997222377839168,0.027606323523006994,1083144.763180455
44,off,39250,925,0.9615484917655795,883606.4439002934,918941.1157806818,0.0,33809,1209,69418,11.323131244629622,442,0.963216220770405,0.027128002892461065,0.9980401079485781,0.027128002892461065,1081361.0243155186
44,off,39500,873,0.9640204329769672,885878.0123152302,918941.1157806818,0.0,34005,1219,69872,11.452693877741694,442,0.9654847343531725,0.024519930344805957,0.9986752461439143,0.024519930344805957,1070324.643084264
44,off,39750,932,0.9627457631771573,884706.665827141,918941.1157806818,0.0,34174,1229,70327,11.575573083013296,442,0.9644627224214275,0.025478799345307227,0.99830925706767,0.025478799345307227,1073154.1228486304
44,off,40000,919,0.9623166474194744,884312.3337139768,918941.1157806818,0.0,34355,1244,70867,11.336961295455694,442,0.963912512769118,0.027035317234992418,0.9993730096521919,0.027035317234992418,1079702.718026035
44,on,250,52,0.9972388946804667,916403.822577562,918941.1157806818,0.0,1898,0,57,14.792957212775946,442,0.9973003020064666,0.0001489757945015915,0.1084267309459872,0.0001489757945015915,992088.2457377042
44,on,500,76,0.9950042529697576,914350.3184305528,918941.1157806818,0.0,1906,0,96,14.372020695358515,442,0.9949280759274832,0.0009352993483688399,0.3675728378646812,0.0009352993483688399,996648.6563929211
44,on,750,98,0.9911404751785625,910799.7341559834,918941.1157806818,0.0,1920,0,170,14.736426427960396,442,0.9908935144982879,0.0030902949985486166,0.813273930303821,0.0030902949985486166,1004666.3687487128
44,on,1000,154,0.9873312536556799,907299.2838794899,918941.1157806818,0.0,1982,0,266,14.67117589712143,442,0.9873442778534451,0.004390061057389348,0.8898707850911243,0.004390061057389348,1006675.1659210015
44,on,1250,186,0.9845608245705991,904753.4226848545,918941.1157806818,0.0,2059,0,416,14.670834891498089,442,0.9850477454348182,0.0058754668021804655,0.9151407299561726,0.0058754668021804655,1009236.2514378674
44,on,1500,234,0.9800330707082677,900592.6834986234,918941.1157806818,0.0,2142,0,539,14.364247400313616,442,0.9806340069116719,0.011954807460041222,0.9731542598191565,0.011954807460041222,1034071.1348644843
44,on,1750,277,0.9775855728387652,898343.577075552,918941.1157806818,0.0,2231,0,689,14.578023239970207,442,0.9782864015076915,0.013583576659182684,0.9474083544838506,0.013583576659182684,1037108.3324411664
44,on,2000,294,0.9734225821023736,894518.0337232676,918941.1157806818,0.0,2346,0,923,15.102038683369756,442,0.974492948668735,0.016127747752412224,0.9850462927541327,0.016127747752412224,1047654.2002256188
44,on,2250,288,0.9734769326454908,894567.978672003,918941.1157806818,0.0,2475,0,1084,15.101346105337143,442,0.9759253148993393,0.016095202543271247,0.9803623590815912,0.016095202543271247,1043958.5297642483
44,on,2500,314,0.9709162405199921,892214.8533930264,918941.1157806818,0.0,2606,0,1261,14.626786531880498,442,0.9740627323297866,0.01761075493232316,0.9781594161094384,0.01761075493232316,1049539.7204069074
44,on,2750,339,0.9704291344466308,891767.2315944682,918941.1157806818,0.0,2733,2,1430,14.907535267993808,442,0.9735353174592748,0.017932222247758433,0.9987123753702533,0.017932222247758433,1050879.6247639812
44,on,3000,320,0.9689428865298698,890401.4572755132,918941.1157806818,0.0,2861,4,1673,15.045092822983861,442,0.9712395201867772,0.020248123710011442,0.9980969095521184,0.020248123710011442,1064514.4335371896
44,on,3250,316,0.9695910125067755,890997.0468838973,918941.1157806818,0.0,2973,6,1891,14.886466857045889,442,0.9720880374746688,0.019005622709032343,0.9987758466793929,0.019005622709032343,1057829.451747959
44,on,3500,382,0.9663654982772002,888032.9892388049,918941.1157806818,0.0,3103,6,2072,14.921361155807972,442,0.969150951220897,0.02168242145875042,0.9989922326271524,0.02168242145875042,1065190.5308690981
44,on,3750,350,0.96602400907497,887719.1807702804,918941.1157806818,0.0,3247,7,2309,15.231280591338873,442,0.9691744033237388,0.0216532583230422,0.9984722882992092,0.0216532583230422,1063857.3573807122
44,on,4000,349,0.9672092130786045,888808.3134598081,918941.1157806818,0.0,3387,7,2565,15.663986086845396,442,0.9697452423542154,0.02153936258353124,0.9944504337876037,0.02153936258353124,1063233.581751192
44,on,4250,374,0.9671536346179709,888757.24012718,918941.1157806818,0.0,3528,7,2770,15.824586879462005,442,0.9694213824901143,0.022026797915423738,0.9934311723211157,0.022026797915423738,1067971.7569837582
44,on,4500,391,0.9657054104656434,887426.4074087397,918941.1157806818,0.0,3672,11,2993,15.622029691934586,442,0.9678266713413614,0.024195644531726318,0.9983317158150309,0.024195644531726318,1075724.399737986
44,on,4750,361,0.9652872561228678,887042.1481904209,918941.1157806818,0.0,3813,13,3266,14.925623325631022,442,0.9682500172912482,0.02295055925006016,0.9981846048705082,0.02295055925006016,1072711.1165000715
44,on,5000,372,0.9660433316991929,887736.9371241436,918941.1157806818,0.0,3956,14,3512,16.92099123634398,442,0.9692060116235958,0.02114950805935546,0.9900656528912364,0.02114950805935546,1060667.8393675333
44,on,5250,379,0.9624974484811194,884478.4792432992,918941.1157806818,0.0,4091,14,3851,15.541601158678532,442,0.9651250897351794,0.025146099981711873,0.9971044985930501,0.025146099981711873,1076511.199192297
44,on,5500,362,0.9660887557482326,887778.6791504514,918941.1157806818,0.0,4226,19,4052,15.177813172340393,442,0.9685906209838022,0.022037842379505602,0.9973968353268191,0.022037842379505602,1065644.7443193838
44,on,5750,334,0.9681963663260562,889715.4491664679,918941.1157806818,0.0,4365,21,4268,15.265534752979875,442,0.971134642806485,0.01984968801196363,0.9956121062204436,0.01984968801196363,1060573.0718147787
44,on,6000,378,0.9650067094634451,886784.3423301826,918941.1157806818,0.0,4490,26,4501,15.257956309244037,442,0.9676358333847814,0.022885382946457783,0.99870364520124,0.022885382946457783,1068058.2967981067
44,on,6250,380,0.9649440471633051,886726.7593661745,918941.1157806818,0.0,4606,29,4759,15.419324081391096,442,0.9674192554912044,0.02324590507789938,0.9985929558022061,0.02324590507789938,1069561.1668995407
44,on,6500,350,0.9654387790241084,887181.3888143533,918941.1157806818,0.0,4727,33,4989,15.038783123716712,442,0.9684191400118273,0.022511466420065733,0.9887621163120197,0.022511466420065733,1066733.4086798264
44,on,6750,342,0.9662065447914269,887886.9203452312,918941.1157806818,0.0,4842,42,5193,15.175458448007703,442,0.969374127520408,0.02069582281915149,0.9870242483854212,0.02069582281915149,1057435.810353419
44,on,7000,412,0.9623798677157138,884370.4294435431,918941.1157806818,0.0,4949,45,5486,15.190294243395329,442,0.965479449978029,0.026172143273998562,0.9974805815678811,0.026172143273998562,1079662.945761619
44,on,7250,366,0.9630840311244218,885017.514152033,918941.1157806818,0.0,5069,48,5809,15.288958936929703,442,0.9654722265083115,0.025517056955086433,0.9983332939587766,0.025517056955086433,1077444.5101379496
44,on,7500,361,0.9659097982366047,887614.2277350388,918941.1157806818,0.0,5181,48,6028,15.27766989171505,442,0.9687293330215211,0.02180367351885395,0.9879155990155009,0.02180367351885395,1064254.7765211002
44,on,7750,377,0.96356495621487,885459.4559912565,918941.1157806818,0.0,5284,49,6266,15.83827279135585,442,0.9669033023840753,0.023964556828249134,0.9987235009137252,0.023964556828249134,1073975.2302763541
44,on,8000,365,0.9625475919127748,884524.5581043337,918941.1157806818,0.0,5413,53,6568,15.425176838412881,442,0.9651568860756153,0.025330277569937065,0.9982037119473065,0.025330277569937065,1078250.3291422913
44,on,8250,387,0.9644611960226092,886283.0476001874,918941.1157806818,0.0,5530,60,6815,15.034989399835467,442,0.9671714536708498,0.02278685708808105,0.9944851320130311,0.02278685708808105,1065962.492269505
44,on,8500,382,0.9633570322522182,885268.3861130198,918941.1157806818,0.0,5661,61,7091,14.977792227640748,442,0.9668095848934029,0.02368612489427654,0.9935649806582115,0.02368612489427654,1070350.7779062204
44,on,8750,387,0.9618648198658046,883897.1307976671,918941.1157806818,0.0,5787,64,7377,15.04604504443705,442,0.9649160461545089,0.02617969074110303,0.997519866685996,0.02617969074110303,1080039.5782877535
44,on,9000,388,0.9627117589635719,884675.4179571676,918941.1157806818,0.0,5915,64,7626,15.081308748573065,442,0.9661316391705879,0.025603898679884295,0.9899968030524181,0.025603898679884295,1075979.579191149
44,on,9250,382,0.9632513552298494,885171.2751521717,918941.1157806818,0.0,6058,65,7845,15.490890365093946,442,0.9669788147591575,0.02441877671961642,0.9941656740171018,0.02441877671961642,1068111.5442529104
44,on,9500,366,0.9611167055013048,883209.657748822,918941.1157806818,0.0,6201,67,8174,15.388313960283995,442,0.9649162421877245,0.026060089783859076,0.9942219409996403,0.026060089783859076,1080866.1271265233
44,on,9750,377,0.9629652654388415,884908.3754804095,918941.1157806818,0.0,6322,67,8424,15.204029591754079,442,0.9661978037783622,0.02438126784712123,0.9966356531628356,0.02438126784712123,1073993.6948844872
44,on,10000,388,0.9623147311330587,884310.5727595998,918941.1157806818,0.0,6445,67,8689,15.571709737181664,442,0.9655467973910535,0.025409021755526333,0.9891955290830968,0.025409021755526333,1078992.2866884999
44,on,10250,368,0.9639720652764221,885833.5652465236,918941.1157806818,0.0,6578,72,8954,14.807497035712004,442,0.9673550811570256,0.023203853190823895,0.9980129289377144,0.023203853190823895,1069097.8323847253
44,on,10500,392,0.9635834551686937,885476.455440524,918941.1157806818,0.0,6684,75,9215,14.90952924080193,442,0.9671884638841713,0.022264787448944907,0.9989060914084866,0.022264787448944907,1059279.6150002459
44,on,10750,385,0.9609189452774762,883027.92774808,918941.1157806818,0.0,6792,76,9524,15.42399975657463,442,0.9646039304121765,0.025291351524070325,0.9989564797771291,0.025291351524070325,1074394.4218445942
44,on,11000,408,0.959342611440442,881579.3697730328,918941.1157806818,0.0,6913,78,9816,14.861527916043997,442,0.9636263574277245,0.02664336250185641,0.9967690853078924,0.02664336250185641,1079950.2996890703
44,on,11250,378,0.9613580147807699,883431.4067673419,918941.1157806818,0.0,7029,81,10097,14.888430785387754,442,0.9657588766987267,0.02386823008083098,0.9831041073760085,0.02386823008083098,1068233.9671170444
44,on,11500,402,0.9616346825270298,883685.6481347905,918941.1157806818,0.0,7141,85,10359,15.006411649286747,442,0.9649189266166154,0.025565755270532155,0.9979988540441997,0.025565755270532155,1075650.2122897927
44,on,11750,381,0.960870949717846,882983.8226549609,918941.1157806818,0.0,7256,88,10703,15.608397921547294,442,0.9645669649074632,0.025720018290026556,0.9948677409397778,0.025720018290026556,1075220.5556355158
44,on,12000,383,0.9644755441056114,886296.2326435908,918941.1157806818,0.0,7360,95,10933,15.337608767673373,442,0.967091693999688,0.023605507579420565,0.9979487124042815,0.023605507579420565,1068856.8689649636
44,on,12250,380,0.961760781457519,883801.525626673,918941.1157806818,0.0,7476,99,11245,15.174153177067637,442,0.9647170347397597,0.025913071212611646,0.9976967705610696,0.025913071212611646,1077567.1096342693
44,on,12500,360,0.9621553661539197,884164.1257278535,918941.1157806818,0.0,7591,101,11557,15.14421678520739,442,0.9652196912518369,0.0250688840596827,0.9962531106457195,0.0250688840596827,1073530.369485718
44,on,12750,376,0.9633021065565842,885217.9126329888,918941.1157806818,0.0,7708,102,11829,15.024984212592244,442,0.9661813929849066,0.022934510646103117,0.9929702053820554,0.022934510646103117,1063463.5128286642
44,on,13000,403,0.9637897120154191,885665.9933373912,918941.1157806818,0.0,7837,103,12083,14.888606509193778,442,0.9665505026052365,0.023461989480610596,0.9978725607593315,0.023461989480610596,1068422.1652438901
44,on,13250,391,0.9630105506973686,884949.9899664088,918941.1157806818,0.0,7972,105,12362,16.224804939702153,442,0.9667204777486315,0.02330825985100881,0.9979799827580991,0.02330825985100881,1068658.944523149
44,on,13500,372,0.9633642657749599,885275.033294479,918941.1157806818,0.0,8100,105,12646,15.239083616062999,442,0.9674975832488856,0.022473389144004974,0.9921885082267506,0.022473389144004974,1062972.0352829364
44,on,13750,377,0.963450524723556,885354.3001889479,918941.1157806818,0.0,8210,113,12908,15.330499203875661,442,0.9674725554928442,0.02205081584734491,0.996336221641717,0.02205081584734491,1062524.5882597289
44,on,14000,373,0.9624113096778003,884399.3227552652,918941.1157806818,0.0,8349,114,13214,16.730682387948036,442,0.9663846107120078,0.02379057020006566,0.991276209753508,0.02379057020006566,1071354.827432572
44,on,14250,360,0.9641969108961979,886040.1851312388,918941.1157806818,0.0,8460,114,13484,15.694647874683142,442,0.9679437731795962,0.02234443224952271,0.9925098920669169,0.02234443224952271,1063985.1415446918
44,on,14500,360,0.965117378250652,886886.0404289805,918941.1157806818,0.0,8575,117,13719,15.251229528337717,442,0.9686099539410683,0.021448653989614486,0.9969964514119148,0.021448653989614486,1060216.1139658072
44,on,14750,399,0.9628350634510349,884788.7275204576,918941.1157806818,0.0,8687,123,14003,15.68448143452406,442,0.9660377631069038,0.024419042554717777,0.9982364070975168,0.024419042554717777,1072393.652698658
44,on,15000,409,0.9615178263405938,883578.2641804412,918941.1157806818,0.0,8815,125,14289,15.775045881047843,442,0.9653829635385333,0.024382366215448332,0.9952768372409553,0.024382366215448332,1074205.910942622
44,on,15250,357,0.9634678826157991,885370.2510698134,918941.1157806818,0.0,8941,126,14608,15.22273362800479,442,0.9671602229585767,0.02264023386571655,0.9961007454680791,0.02264023386571655,1066984.8821894932
44,on,15500,367,0.9650985374668802,886868.7268581191,918941.1157806818,0.0,9059,131,14846,14.971813132986426,442,0.9683524366911735,0.022590943139209892,0.9957795354793784,0.022590943139209892,1064953.8040202751
44,on,15750,354,0.9656112564144618,887339.8853798916,918941.1157806818,0.0,9190,132,15045,15.665815141052006,442,0.9695034019060074,0.02137126244067808,0.9966679194280718,0.02137126244067808,1060928.8911465758
44,on,16000,361,0.9640066733601363,885865.368037587,918941.1157806818,0.0,9309,135,15352,15.340338788926601,442,0.9683778790579838,0.02154891480538824,0.995191029583488,0.02154891480538824,1062913.4069975694
44,on,16250,377,0.9636329674452886,885521.954307223,918941.1157806818,0.0,9434,140,15611,15.638244971632957,442,0.9680763897205644,0.022203260511326706,0.9963573897370654,0.022203260511326706,1065434.1718730005
44,on,16500,376,0.9652478122812624,887005.9016226054,918941.1157806818,0.0,9550,146,15865,15.428530439734459,442,0.9683245888803687,0.022588646800313247,0.9922213002057848,0.022588646800313247,1064726.0802892873
44,on,16750,392,0.9645369704553968,886352.6798420008,918941.1157806818,0.0,9667,151,16088,15.070460427552462,442,0.9672616467462479,0.024706800876797032,0.998553310809835,0.024706800876797032,1078657.9797965996
44,on,17000,385,0.9645047161639432,886323.0400474238,918941.1157806818,0.0,9807,152,16262,15.398489613085985,442,0.9669772204920501,0.02459677920684821,0.9951773521289508,0.02459677920684821,1076562.439289678
44,on,17250,400,0.961515176739921,883575.8293534425,918941.1157806818,0.0,9927,153,16520,15.452160177752376,442,0.964689696185877,0.026611401021947225,0.994712478363726,0.026611401021947225,1085102.9392335825
44,on,17500,395,0.9618913255283655,883921.4879407953,918941.1157806818,0.0,10047,154,16882,15.32833088748157,442,0.965561865804442,0.025497551185039543,0.9976033421208459,0.025497551185039543,1080404.3251825883
44,on,17750,389,0.9642368265697145,886076.8652847973,918941.1157806818,0.0,10184,156,17114,15.201670059934258,442,0.967583414832012,0.02238262617581009,0.9989021686146191,0.02238262617581009,1064954.191186436
44,on,18000,369,0.9666409473339351,888286.1107023417,918941.1157806818,0.0,10327,159,17349,15.38190926797688,442,0.9694518567191476,0.02153045601134174,0.9986979743410909,0.02153045601134174,1065330.687381909
44,on,18250,380,0.9649262905541087,886710.4420879071,918941.1157806818,0.0,10446,162,17569,15.306449985131621,442,0.967778591973379,0.023330801405616466,0.9925483033418282,0.023330801405616466,1074510.0068171963
44,on,18500,401,0.9629350740061137,884880.6313315316,918941.1157806818,0.0,10567,164,17884,15.413900323212147,442,0.9667265595966095,0.024501099841674544,0.9989145051041434,0.024501099841674544,1077753.0251624058
44,on,18750,360,0.963917521091173,885783.4423520714,918941.1157806818,0.0,10701,166,18168,15.190627636387944,442,0.967505061098981,0.02274559965973693,0.9985124646320943,0.02274559965973693,1066013.9777072212
44,on,19000,341,0.9684290021464328,889929.2277868153,918941.1157806818,0.0,10837,169,18364,14.84393504448235,442,0.9710540171733623,0.019635323857588666,0.997198020280483,0.019635323857588666,1057429.2249005574
44,on,19250,380,0.9663793989058986,888045.7630980511,918941.1157806818,0.0,10961,173,18555,14.75804591551423,442,0.9689569847705455,0.021792739039115876,0.9976886814977417,0.021792739039115876,1063522.897394773
44,on,19500,395,0.9641317393903133,885980.2963549041,918941.1157806818,0.0,11068,179,18818,15.279154561460018,442,0.9666582541017166,0.02359100570951508,0.9978340531311883,0.02359100570951508,1070500.2166607345
44,on,19750,382,0.9617804878386865,883819.6346305711,918941.1157806818,0.0,11196,181,19100,15.63506165891886,442,0.9650343816813073,0.025714178181082296,0.9961833043004259,0.025714178181082296,1079485.9163765272
44,on,20000,364,0.9637463941215237,885626.1867436417,918941.1157806818,0.0,11314,185,19319,15.078191507607698,442,0.9664238535362603,0.0242582811756842,0.9958826708305675,0.0242582811756842,1073242.6724486158
44,on,20250,376,0.9643700368006888,886199.2776430822,918941.1157806818,0.0,11441,188,19532,15.19416424818337,442,0.9672103524223975,0.023702386863902716,0.9972690970104666,0.023702386863902716,1073267.2781771189
44,on,20500,404,0.9627232640665462,884685.990469332,918941.1157806818,0.0,11552,192,19780,15.237998995929956,442,0.9659341078443875,0.026216811682286335,0.9925439087814518,0.026216811682286335,1085331.5922002345
44,on,20750,392,0.9631819853440808,885107.528311942,918941.1157806818,0.0,11681,195,20005,15.25328515470028,442,0.9663985206590461,0.026216906218663464,0.9966310667672713,0.026216906218663464,1087752.823214439
44,on,21000,396,0.961555200043002,883612.608412233,918941.1157806818,0.0,11780,199,20277,15.239482508972287,442,0.9653194924674686,0.027014119134293812,0.997869829224103,0.027014119134293812,1087882.3713128625
44,on,21250,376,0.9620352446306353,884053.7411212171,918941.1157806818,0.0,11905,205,20527,15.596546296030283,442,0.9654646123619737,0.027221962599743393,0.9980457336694435,0.027221962599743393,1086473.686509182
44,on,21500,388,0.9637422771360812,885622.4034764456,918941.1157806818,0.0,12004,214,20758,15.47230020724237,442,0.9667795926025065,0.024733941086226764,0.9974613434270897,0.024733941086226764,1078225.751192273
44,on,21750,363,0.9641545719347547,886001.2781187692,918941.1157806818,0.0,12131,220,20999,15.563798360526562,442,0.9680990994692452,0.023330994102789878,0.9950700383759005,0.023330994102789878,1074821.724976708
44,on,22000,398,0.9633979788318486,885306.0136085927,918941.1157806818,0.0,12260,223,21196,15.980774791911244,442,0.9664899965972874,0.02468766647742492,0.9969975512773359,0.02468766647742492,1076696.163300721
44,on,22250,366,0.9653494307700905,887099.2830301131,918941.1157806818,0.0,12385,224,21481,15.47515682131052,442,0.9680620359033683,0.022235856558370723,0.9986947670276624,0.022235856558370723,1064419.2836208204
44,on,22500,417,0.9643727223353166,886201.7454912695,918941.1157806818,0.0,12508,231,21676,15.239593395963311,442,0.9673717538932456,0.023852249595785854,0.9989922326271524,0.023852249595785854,1072674.690958473
44,on,22750,352,0.9653216646327533,887073.7675848874,918941.1157806818,0.0,12657,235,21925,15.199557788670063,442,0.9689969171072569,0.02170586476802096,0.9971042500280207,0.02170586476802096,1066234.414536312
44,on,23000,374,0.9639510648279055,885814.2670709318,918941.1157806818,0.0,12786,235,22102,14.878256505355239,442,0.9669983816321689,0.02440826440592727,0.9939811513585903,0.02440826440592727,1073690.1032689754
44,on,23250,398,0.9643921970452077,886219.6416029064,918941.1157806818,0.0,12903,239,22331,16.921380488201976,442,0.9674008982231794,0.025469520160256255,0.9970215850630642,0.025469520160256255,1079723.6272626643
44,on,23500,374,0.9648480422310485,886638.5364866061,918941.1157806818,0.0,13027,243,22605,15.457042368128896,442,0.9677422220458951,0.02474796168367498,0.9961706093667967,0.02474796168367498,1076945.4629721434
44,on,23750,378,0.9649477262355352,886730.1402169146,918941.1157806818,0.0,13155,246,22776,15.320451579988003,442,0.9683058468482824,0.023439153536388754,0.99779058538329,0.023439153536388754,1070862.733486804
44,on,24000,370,0.96497429656274,886754.5567830428,918941.1157806818,0.0,13277,248,22944,15.160768918693066,442,0.9684460624935223,0.023245685068727137,0.9929902638196241,0.023245685068727137,1070151.8694647315
44,on,24250,372,0.9644740764924896,886294.8839935511,918941.1157806818,0.0,13397,250,23191,16.195236392319202,442,0.9687284440467623,0.023251305266609998,0.9967818426524091,0.023251305266609998,1071701.9458491926
44,on,24500,378,0.9665809169563302,888230.9463201646,918941.1157806818,0.0,13505,258,23432,16.7126152087003,442,0.9694578273125126,0.02155574983992171,0.9977027223581683,0.02155574983992171,1065704.7625049253
44,on,24750,355,0.9679088150151095,889451.2064439423,918941.1157806818,0.0,13623,262,23667,15.13016507588327,442,0.9709444185069974,0.02039596172748303,0.9968368864396787,0.02039596172748303,1060975.35289675
44,on,25000,355,0.9657542967699267,887471.3310437442,918941.1157806818,0.0,13748,269,23850,15.16912836022675,442,0.969726241294549,0.021586924329443796,0.9921169354969661,0.021586924329443796,1064480.9462713366
44,on,25250,382,0.9653430179740689,887093.3900481816,918941.1157806818,0.0,13851,273,24019,15.956909539178014,442,0.9685490101108372,0.024177716463929196,0.9911311469133616,0.024177716463929196,1077324.3046649594
44,on,25500,386,0.965095336532443,886865.7853878557,918941.1157806818,0.0,13970,276,24242,15.525941887870431,442,0.9686237070712196,0.02247895838013191,0.9962713276032291,0.02247895838013191,1066079.5230885602
44,on,25750,400,0.9641599539895319,886006.2239101913,918941.1157806818,0.0,14107,283,24494,15.785855706781149,442,0.9683566479469876,0.02285675951322391,0.9928073947528531,0.02285675951322391,1069638.6246004119
44,on,26000,364,0.9643498804216779,886180.7551176638,918941.1157806818,0.0,14219,289,24737,16.08572682365775,442,0.9685169024319664,0.023200231624513117,0.9891396699384022,0.023200231624513117,1073082.8495062722
44,on,26250,374,0.9642236845812027,886064.7885712106,918941.1157806818,0.0,14318,293,24947,15.590550160035491,442,0.9680184791505946,0.02390737503286127,0.9967144116102256,0.02390737503286127,1073476.828340858
44,on,26500,367,0.9637008481171112,885584.3326475276,918941.1157806818,0.0,14453,297,25121,15.40264088474214,442,0.9671318500773801,0.025575912667077125,0.9989922326271524,0.025575912667077125,1082174.6793479435
44,on,26750,391,0.962622457349938,884593.3550326938,918941.1157806818,0.0,14573,302,25391,16.070564452558756,442,0.9663036541155935,0.02586619364184218,0.9910008135326861,0.02586619364184218,1082748.1739598871
44,on,27000,366,0.9624060273888678,884394.4686427796,918941.1157806818,0.0,14689,308,25613,15.50283731520176,442,0.9657780036431546,0.02721543024793093,0.9987402907839406,0.02721543024793093,1088305.818300326
44,on,27250,370,0.963706893318215,885589.887831375,918941.1157806818,0.0,14777,315,25847,15.765076899901032,442,0.9670062730843729,0.02623477945102604,0.9980408689956322,0.02623477945102604,1085626.2176039196
44,on,27500,366,0.965513383329836,887249.9457783008,918941.1157806818,0.0,14904,322,26054,15.21921420097351,442,0.9685700786712914,0.023337802344756395,0.9979988540441997,0.023337802344756395,1072335.837397319
44,on,27750,382,0.9636629698395787,885549.524740908,918941.1157806818,0.0,15021,326,26298,15.521604327484965,442,0.9668069112400715,0.025896171766885093,0.9962960443898232,0.025896171766885093,1081850.3291228812
44,on,28000,376,0.9631003741929949,885032.5324697029,918941.1157806818,0.0,15123,329,26535,15.606397217139602,442,0.9665590434068836,0.026804788369667994,0.9971937918110513,0.026804788369667994,1083981.6737873955
44,on,28250,361,0.9632672078967334,885185.8428195661,918941.1157806818,0.0,15232,331,26703,15.476071821525693,442,0.966851287596537,0.02678103315098558,0.9950208374168508,0.02678103315098558,1086374.9341824618
44,on,28500,407,0.9621897547418043,884195.7268151743,918941.1157806818,0.0,15350,333,26879,15.17340498790145,442,0.9660100249643414,0.02694487295722888,0.9974470729111978,0.02694487295722888,1084961.0009167125
44,on,28750,374,0.9628621191820681,884813.5901441216,918941.1157806818,0.0,15451,340,27117,15.611372511833906,442,0.9661312466965742,0.026081705965544624,0.9961706093667967,0.026081705965544624,1080312.7163532027
44,on,29000,394,0.9609044939291177,883014.6478098949,918941.1157806818,0.0,15549,347,27378,15.87245921045542,442,0.9648912930090944,0.02684495279750234,0.9924342318609205,0.02684495279750234,1085175.0078940606
44,on,29250,396,0.9627349452892715,884696.7248251769,918941.1157806818,0.0,15646,352,27539,16.12697617150843,442,0.9659304276872795,0.02627461049220059,0.998679139530681,0.02627461049220059,1083172.275846867
44,on,29500,408,0.9638669533067864,885736.9735358646,918941.1157806818,0.0,15759,352,27734,16.285587787628174,442,0.9667235884377819,0.02500428860185939,0.9987235364555989,0.02500428860185939,1075447.4075344414
44,on,29750,401,0.9604842998516171,882628.514195472,918941.1157806818,0.0,15881,355,27973,15.914111740887165,442,0.9638994216414729,0.028356107286854886,0.9954262351523959,0.028356107286854886,1089163.3456499574
44,on,30000,410,0.959897543914189,882089.3200396409,918941.1157806818,0.0,15991,359,28216,15.812581863254307,442,0.9637844199006861,0.02853742510693702,0.9986118557580018,0.02853742510693702,1092331.1032704078
44,on,30250,392,0.9621155245045143,884127.5135980943,918941.1157806818,0.0,16107,362,28466,15.95550987124443,442,0.9658959779140922,0.02597394847335709,0.9927017023183664,0.02597394847335709,1080683.1175669462
44,on,30500,380,0.9629367288590709,884882.1520439545,918941.1157806818,0.0,16236,367,28668,15.26671047322452,442,0.9662567424087964,0.02577618745730863,0.9930260554727626,0.02577618745730863,1080673.1167853365
44,on,30750,394,0.961743929314059,883786.0394991586,918941.1157806818,0.0,16345,374,28909,15.284061592072248,442,0.9656249918619517,0.026956127087593994,0.9991247729281867,0.026956127087593994,1085971.1534964235
44,on,31000,382,0.9614756453781279,883539.502359728,918941.1157806818,0.0,16444,377,29130,15.148742793127894,442,0.9655174340576286,0.026469841398229468,0.9976858537476336,0.026469841398229468,1083296.578615428
44,on,31250,401,0.9619955218289313,884017.2382054974,918941.1157806818,0.0,16548,381,29317,15.20575451105833,442,0.9654205037064343,0.026271681164838797,0.996899636758384,0.026271681164838797,1081272.2086910806
44,on,31500,377,0.9624785881269246,884461.1476883714,918941.1157806818,0.0,16647,385,29564,15.919478077441454,442,0.9655488846484994,0.02628046501757591,0.9930240535857068,0.02628046501757591,1083293.0313355213
44,on,31750,434,0.9617005872572221,883746.2107010887,918941.1157806818,0.0,16767,386,29760,16.44049345701933,442,0.9648262869823038,0.027146411208882178,0.9977325234110931,0.027146411208882178,1084764.8930137698
44,on,32000,404,0.9609306315111673,883038.6667087073,918941.1157806818,0.0,16867,391,30038,16.175581978634,442,0.9641948616283321,0.028466211813398493,0.9982980486074652,0.028466211813398493,1091781.4041818439
44,on,32250,412,0.9610927340353043,883187.6293831086,918941.1157806818,0.0,16988,395,30272,15.845689948648214,442,0.9645919883734656,0.027289073239475062,0.9973922744966095,0.027289073239475062,1083104.1807877265
44,on,32500,383,0.9633051011921775,885220.6645267622,918941.1157806818,0.0,17112,399,30491,15.297809720039368,442,0.9665983126996349,0.025131916389207056,0.9933047269793583,0.025131916389207056,1078232.5384796902
44,on,32750,397,0.961531376496379,883590.7159757174,918941.1157806818,0.0,17221,402,30727,15.60201771184802,442,0.9648048622625368,0.027502278279233117,0.9982980486074652,0.027502278279233117,1088728.0441165727
44,on,33000,433,0.9620528625797931,884069.930979074,918941.1157806818,0.0,17323,408,30958,15.63498762436211,442,0.9658083864228139,0.027052687765184456,0.9984883489407287,0.027052687765184456,1086950.1086406412
44,on,33250,383,0.9631916398084828,885116.4001962318,918941.1157806818,0.0,17446,410,31206,15.40198808722198,442,0.9671072132071152,0.025279881400498243,0.9958934634288239,0.025279881400498243,1079403.6522421236
44,on,33500,387,0.9630722597845396,885006.6969838275,918941.1157806818,0.0,17551,417,31466,15.563753532245755,442,0.9667799496010514,0.025982872693550468,0.9945287059649077,0.025982872693550468,1082386.927899234
44,on,33750,421,0.9610735571503716,883170.0069550714,918941.1157806818,0.0,17674,420,31710,15.303391424939036,442,0.9651088821435209,0.028278147821346834,0.9984883489407287,0.028278147821346834,1096407.295001951
44,on,34000,376,0.9633701261783175,885280.4186600794,918941.1157806818,0.0,17766,422,31920,15.7179875317961,442,0.9669567805220061,0.025243218143530984,0.9988953382393009,0.025243218143530984,1081127.194226636
44,on,34250,403,0.963150846557069,885078.9136002612,918941.1157806818,0.0,17879,428,32135,15.754958651959896,442,0.966561041114109,0.02579915013710691,0.9936637127257272,0.02579915013710691,1081927.519567438
44,on,34500,398,0.9621113762392328,884123.701586568,918941.1157806818,0.0,17983,432,32393,15.336836023256183,442,0.9653067362552291,0.0267593033894938,0.9977385244769004,0.0267593033894938,1083871.310738575
44,on,34750,417,0.9615906246064103,883645.1615000574,918941.1157806818,0.0,18088,436,32643,16.037342792376876,442,0.9645326646796567,0.027965985938552623,0.9989548467878423,0.027965985938552623,1088709.3988413739
44,on,35000,413,0.9602198620177246,882385.5113973402,918941.1157806818,0.0,18195,439,32884,15.7715288605541,442,0.9641609230849123,0.02854382522740181,0.9955354578265327,0.02854382522740181,1092619.621309903
44,on,35250,389,0.9636262219890069,885515.7556301011,918941.1157806818,0.0,18314,445,33122,15.477659652009606,442,0.9669814608215199,0.02568623687518599,0.9968602564581514,0.02568623687518599,1080917.1489631403
44,on,35500,393,0.9634427698061157,885347.1738764625,918941.1157806818,0.0,18410,446,33338,15.270972156897187,442,0.9668270473423752,0.026148670093771947,0.9967802563209589,0.026148670093771947,1082872.2532751772
44,on,35750,395,0.9632115225180734,885134.6712355678,918941.1157806818,0.0,18521,450,33545,15.921460507437587,442,0.967011590065909,0.02539803628050344,0.9986929614416097,0.02539803628050344,1080262.3311535208
44,on,36000,416,0.962375472234204,884366.39025486,918941.1157806818,0.0,18618,454,33774,16.001056998968124,442,0.9661730702614061,0.026353442845328885,0.9985876986157763,0.026353442845328885,1085591.6796868667
44,on,36250,386,0.9647236163428331,886524.1964220575,918941.1157806818,0.0,18733,456,33982,15.62915730290115,442,0.9676183169430937,0.024426648317593735,0.9987402907839406,0.024426648317593735,1077057.659443761
44,on,36500,373,0.9657078181817651,887428.6199580791,918941.1157806818,0.0,18831,458,34208,15.551768902689219,442,0.9682961659716143,0.023995961242322752,0.9941572440131345,0.023995961242322752,1076261.496541104
44,on,36750,398,0.9639822176534547,885842.8946832018,918941.1157806818,0.0,18919,462,34393,15.343963699415326,442,0.9670171382710618,0.025184130321131076,0.9981245110694255,0.025184130321131076,1080062.2050809194
44,on,37000,420,0.9618974342247023,883927.101473023,918941.1157806818,0.0,19033,468,34611,15.62172275595367,442,0.9651938080107828,0.028018420159517717,0.9977325234110931,0.028018420159517717,1092171.6604528483
44,on,37250,384,0.9609408489623296,883048.0559446788,918941.1157806818,0.0,19134,469,34926,15.878168715164065,442,0.9646151228023884,0.027956515572668074,0.9989830883185659,0.027956515572668074,1091443.6479924214
44,on,37500,351,0.9647246701745918,886525.1648313897,918941.1157806818,0.0,19246,474,35166,15.251005629077554,442,0.9683213909117284,0.024068850422422947,0.9984883489407287,0.024068850422422947,1075919.9069011214
44,on,37750,386,0.9651329520411973,886900.3518254411,918941.1157806818,0.0,19347,477,35333,15.021664287894964,442,0.9688761990291394,0.023449573430208055,0.9964719742502607,0.023449573430208055,1071356.181002842
44,on,38000,400,0.9639711000200236,885832.6782327318,918941.1157806818,0.0,19468,481,35608,15.242813244462013,442,0.9671952415366492,0.025148194676094027,0.9985351143565081,0.025148194676094027,1077748.4424965717
44,on,38250,386,0.9642773277289227,886114.0834652304,918941.1157806818,0.0,19595,483,35878,15.400392962619662,442,0.9671754210491386,0.024756169257363198,0.9966128990754811,0.024756169257363198,1074393.3932652758
44,on,38500,370,0.9666363853704103,888281.91852649,918941.1157806818,0.0,19727,483,36067,14.936405083164573,442,0.9692230937056403,0.022533322172163268,0.997984465254305,0.022533322172163268,1066635.923777575
44,on,38750,396,0.9653702967306627,887118.457619203,918941.1157806818,0.0,19834,485,36318,15.643410079181193,442,0.9687472403319851,0.022937055823273003,0.9982980486074652,0.022937055823273003,1068317.4369436842
44,on,39000,374,0.9658038413818977,887516.8596247497,918941.1157806818,0.0,19954,488,36540,15.300385063514113,442,0.9697853911504181,0.021443406654998554,0.9982618286982078,0.021443406654998554,1064764.909236798
44,on,39250,385,0.9650512071029623,886825.2330406901,918941.1157806818,0.0,20059,490,36709,15.326750384643674,442,0.9684087358603639,0.02334932760025623,0.9948946319553854,0.02334932760025623,1072031.5757444254
44,on,39500,378,0.9630064382971896,884946.2109127997,918941.1157806818,0.0,20165,498,36917,15.736694570630789,442,0.9673957989038526,0.02444475746124805,0.9906718552088996,0.02444475746124805,1078165.9892075872
44,on,39750,400,0.9647991606406393,886593.6171833744,918941.1157806818,0.0,20245,505,37158,15.55653921328485,442,0.9686955128546769,0.023309545495930176,0.9929559615722502,0.023309545495930176,1074907.6109878928
44,on,40000,362,0.966470835522381,888129.7879644246,918941.1157806818,0.0,20394,508,37319,15.238790487870574,442,0.9701908621648087,0.021660633958815158,0.9909378487868574,0.021660633958815158,1064720.0931552672
