seed,arm,tick,pop,global_sat,abs_food,abs_cap,cap_lost_frac,d_starv,d_old,d_pred,ms_per_tick,n_patches,patch_sat_mean,patch_sat_var,patch_sat_range,patch_sat_init_var,patch_abs_food_var,l1_visited_patch_n,l1_visited_patch_frac,l1_first_visit_median,l1_first_visit_p25,l1_first_visit_p75,l2_visited_gini,l2_visited_var,l2_total_var,l2_between_share,l2_visited_frac,l2_visited_mean,l2_unvisited_mean,l2_total_gini,l3_forage_sum,l3_intake_per_capita,l3_net_sum,l3_net_per_capita,l3_pop_mean,l0_peak_dead,l0_peak_rest,l0_peak_demoted,l0_any_dead,l0_any_rest,l0_any_demoted
42,off,250,475,0.9930964341051832,908059.8978478266,914372.3274628634,0.0,17019,0,2607,36.28113047592342,442,0.9914664108565914,0.00042236642937806183,0.14232073397066602,0.00042236642937806183,1217015.7750041944,364,0.8235294117647058,1.0,1.0,1.0,0.28703362857774106,1226949.9220806852,1217015.7750041944,0.0052594741463142585,0.8235294117647058,2091.4694587669906,1881.6027545723343,0.29262486542706534,nan,nan,nan,nan,nan,0,0,0,0,0,0
42,off,500,716,0.9799435299112835,896033.2462271544,914372.3274628634,0.0,17085,0,2852,12.827895844355226,442,0.9797113592586936,0.004931081737929001,0.9643328109097594,0.004931081737929001,1214864.282202601,364,0.8235294117647058,1.0,1.0,1.0,0.29223298350965177,1226592.0608537046,1214864.2822026007,0.003740400894993856,0.8235294117647058,2058.429207061847,1881.6027545723343,0.29683636682740744,nan,nan,nan,nan,nan,0,0,0,0,0,0
42,off,750,1292,0.9525475573500237,870983.1270332065,914372.3274628634,0.0,17292,0,3388,14.306285360828042,442,0.9539725050502571,0.018598149268651054,0.9957537134076947,0.018598149268651054,1224501.0316294183,364,0.8235294117647058,1.0,1.0,1.0,0.30552203637051,1241753.0020858152,1224501.0316294183,0.0013845213820105156,0.8235294117647058,1989.6101982872651,1881.6027545723343,0.30770414897136256,nan,nan,nan,nan,nan,0,0,0,0,0,0
42,off,1000,2058,0.9141152345182054,835841.6745556727,914372.3274628634,0.0,17798,0,4142,16.517993619665504,442,0.9215534459316276,0.03565393958560381,0.9983677975184154,0.03565393958560381,1227083.5430359514,364,0.8235294117647058,1.0,1.0,1.0,0.32237248919431427,1246924.349121918,1227083.5430359514,1.556771301601408e-05,0.8235294117647058,1893.0677464259086,1881.6027545723343,0.3216323377118897,nan,nan,nan,nan,nan,0,0,0,0,0,0
42,off,1250,2604,0.882292154632002,806743.5309330882,914372.3274628634,0.0,18625,8,5276,19.52601009234786,442,0.8936319851270111,0.04890608416010993,0.9987918167164034,0.04890608416010993,1194648.300341797,364,0.8235294117647058,1.0,1.0,1.0,0.3355045682427553,1206734.4547130151,1194648.3003417968,0.0005703940578536152,0.8235294117647058,1813.1277914188079,1881.6027545723343,0.33254854385773047,nan,nan,nan,nan,nan,0,0,0,0,0,0
42,off,1500,3091,0.8500391551702065,777252.2807475477,914372.3274628634,0.0,19624,33,6440,20.930285995826125,442,0.8672887922846216,0.06704526514645721,0.9996002803767523,0.06704526514645721,1238431.488216371,364,0.8235294117647058,1.0,1.0,1.0,0.3589289220636993,1256783.3015209187,1238431.4882163708,0.0026226003020778385,0.8235294117647058,1732.1078733266638,1881.6027545723343,0.3519270422008618,nan,nan,nan,nan,nan,0,0,0,0,0,0
42,off,1750,3583,0.8154354809285128,745611.6385924036,914372.3274628634,0.0,20827,78,7842,23.068393923342228,442,0.8396373987184194,0.08243522682845637,0.9998762173363883,0.08243522682845637,1257966.501023019,364,0.8235294117647058,1.0,1.0,1.0,0.3810697351469363,1274584.5828083279,1257966.5010230185,0.006457282358363786,0.8235294117647058,1645.183032241103,1881.6027545723343,0.3704627706001691,nan,nan,nan,nan,nan,0,0,0,0,0,0
42,off,2000,4074,0.7805293446573602,713694.433527414,914372.3274628634,0.0,22214,106,9831,25.288004986941814,442,0.8103618911866038,0.10011334603951658,0.9987298474701459,0.10011334603951658,1289992.3227965774,364,0.8235294117647058,1.0,1.0,1.0,0.40623075305032397,1304799.6667399704,1289992.3227965774,0.011834067615445488,0.8235294117647058,1557.498402941681,1881.6027545723343,0.39140647635633474,nan,nan,nan,nan,nan,0,0,0,0,0,0
42,off,2250,4414,0.7644417388707584,698984.3719810138,914372.3274628634,0.0,23716,135,11817,27.002047318965197,442,0.7931115566750502,0.10990487206992146,0.9992433493378096,0.10990487206992146,1298917.9008699332,365,0.8257918552036199,1.0,1.0,1.0,0.4183866161164853,1313132.6790084667,1298917.900869933,0.013255239702908116,0.8257918552036199,1521.1450511038986,1867.0964717933853,0.40186770501551794,nan,nan,nan,nan,nan,0,0,0,0,0,0
42,off,2500,4615,0.747476087942098,683471.4502544521,914372.3274628634,0.0,25392,173,14381,29.274789655581117,442,0.776638511743428,0.1197323037928925,1.0,0.1197323037928925,1303180.504915093,365,0.8257918552036199,1.0,1.0,1.0,0.43144225153718696,1312856.95530176,1303180.5049150928,0.01665752555766496,0.8257918552036199,1478.6438956886614,1867.0964717933853,0.4127275985214707,nan,nan,nan,nan,nan,0,0,0,0,0,0
42,off,2750,4478,0.7466943422823852,682756.6436560965,914372.3274628634,0.0,27035,245,16860,28.784070532768965,442,0.7772462665463538,0.1185585077928651,0.9994912916260414,0.1185585077928651,1303626.9054038138,365,0.8257918552036199,1.0,1.0,1.0,0.4312639641869269,1313131.8071731299,1303626.9054038136,0.0168201442666892,0.8257918552036199,1476.6855214465913,1867.0964717933853,0.4126465325069453,nan,nan,nan,nan,nan,0,0,0,0,0,0
42,off,3000,4810,0.7276173240971098,665313.1461369749,914372.3274628634,0.0,28671,290,19507,29.57089472003281,442,0.7627437623827988,0.12590975627214546,0.9996718803911334,0.12590975627214546,1302731.29139061,365,0.8257918552036199,1.0,1.0,1.0,0.4438269047841621,1305148.662186157,1302731.2913906097,0.021204675820207044,0.8257918552036199,1428.8951172846143,1867.0964717933853,0.42319243880004964,nan,nan,nan,nan,nan,0,0,0,0,0,0
42,off,3250,4799,0.7252801133422484,663176.065299281,914372.3274628634,0.0,30366,343,22202,30.28887170366943,442,0.7584333302961624,0.12411878901391225,0.9999896215677639,0.12411878901391225,1297957.294903779,365,0.8257918552036199,1.0,1.0,1.0,0.4433464361253563,1298467.6532748481,1297957.2949037787,0.021855203620972177,0.8257918552036199,1423.0401012909324,1867.0964717933853,0.42306361036203555,nan,nan,nan,nan,nan,0,0,0,0,0,0
42,off,3500,4959,0.7153980794791187,654140.2069957843,914372.3274628634,0.0,31988,408,24891,29.940054619684815,442,0.7494745430878083,0.13029360334456122,0.9998943328514353,0.13029360334456122,1312547.3465305534,366,0.8280542986425339,1.0,1.0,1.0,0.45264842038093267,1315596.0172065925,1312547.3465305532,0.021921924990195567,0.8280542986425339,1402.6581397793466,1852.2016820597844,0.43120310554016616,nan,nan,nan,nan,nan,0,0,0,0,0,0
42,off,3750,5082,0.7046538673439758,644315.9967390189,914372.3274628634,0.0,33639,457,28164,31.591762684285637,442,0.7398793678720399,0.13880292037741843,0.9994979816024239,0.13880292037741843,1332363.0020678712,366,0.8280542986425339,1.0,1.0,1.0,0.4646851913849146,1335252.8798133514,1332363.0020678707,0.024251852073750527,0.8280542986425339,1375.8160352526652,1852.2016820597844,0.4410268644803126,nan,nan,nan,nan,nan,0,0,0,0,0,0
42,off,4000,5175,0.7087805687345498,648089.3382942623,914372.3274628634,0.0,35305,493,31519,32.08687541261315,442,0.7413104444855404,0.13460286064602323,0.9994979816024239,0.13460286064602323,1342041.6152672071,366,0.8280542986425339,1.0,1.0,1.0,0.46302404388636864,1348611.9656718397,1342041.6152672067,0.023046107371871766,0.8280542986425339,1386.1257116331115,1852.2016820597844,0.4397252148991422,nan,nan,nan,nan,nan,0,0,0,0,0,0
42,off,4250,5095,0.701139222782639,641102.3030112647,914372.3274628634,0.0,36932,550,34584,32.76028699055314,442,0.7374465491381423,0.13827712906587658,1.0,0.13827712906587658,1336084.9420184675,366,0.8280542986425339,1.0,1.0,1.0,0.46717773508452565,1338295.9462922916,1336084.9420184668,0.025084023517031335,0.8280542986425339,1367.035451297052,1852.2016820597844,0.4432360125566499,nan,nan,nan,nan,nan,0,0,0,0,0,0
42,off,4500,5202,0.6959371092057319,636345.634312222,914372.3274628634,0.0,38498,616,37480,31.794558648020026,442,0.7339815763204964,0.1346924074522254,0.9998169160882848,0.1346924074522254,1325068.428429654,366,0.8280542986425339,1.0,1.0,1.0,0.46725646604517057,1322794.4365249348,1325068.4284296536,0.02666576575046258,0.8280542986425339,1354.0390887313615,1852.2016820597844,0.44364617384677096,nan,nan,nan,nan,nan,0,0,0,0,0,0
42,off,4750,5375,0.6823279142115511,623901.763010497,914372.3274628634,0.0,40073,665,40686,32.347783075645566,442,0.721757118475249,0.14341068707780574,1.0,0.14341068707780574,1341883.3107734881,366,0.8280542986425339,1.0,1.0,1.0,0.47969119915311076,1337077.5585802086,1341883.310773488,0.030048548722560055,0.8280542986425339,1320.0394403659927,1852.2016820597844,0.45411190622250186,nan,nan,nan,nan,nan,0,0,0,0,0,0
42,off,5000,5267,0.6864004060688087,627625.5368685912,914372.3274628634,0.0,41575,717,44396,33.24312227591872,442,0.7252670947940112,0.1440501987762787,1.0,0.1440501987762787,1334746.6194583063,366,0.8280542986425339,1.0,1.0,1.0,0.477071072042456,1330303.0805331515,1334746.619458306,0.02906513478360049,0.8280542986425339,1330.2136858799115,1852.2016820597844,0.451727657626003,nan,nan,nan,nan,nan,0,0,0,0,0,0
42,off,5250,5283,0.6906588117509328,631519.305183436,914372.3274628634,0.0,42966,765,47517,33.03126700408757,442,0.7283393115830991,0.14066227836560496,0.9998794045686759,0.14066227836560496,1342039.813597957,366,0.8280542986425339,1.0,1.0,1.0,0.4744263925778416,1341000.9723385596,1342039.8135979567,0.027740867940772684,0.8280542986425339,1340.8523971226566,1852.2016820597844,0.44951890701849817,nan,nan,nan,nan,nan,0,0,0,0,0,0
42,off,5500,5272,0.6838352711004111,625280.048437281,914372.3274628634,0.0,44497,820,50707,33.16968054883182,442,0.7228819848632642,0.14319067578524122,0.9999107425715325,0.14319067578524122,1341350.9792845955,366,0.8280542986425339,1.0,1.0,1.0,0.47914917284717196,1337121.4152806695,1341350.9792845952,0.02963653766945918,0.8280542986425339,1323.8052475429988,1852.2016820597844,0.45359025764741956,nan,nan,nan,nan,nan,0,0,0,0,0,0
42,off,5750,5315,0.6753867901183154,617554.9912181564,914372.3274628634,0.0,45945,892,54229,33.64163871854544,442,0.7151306513982433,0.14653156479801954,0.9989959632048477,0.14653156479801954,1341349.1621768607,366,0.8280542986425339,1.0,1.0,1.0,0.48516359433246836,1333207.298314334,1341349.1621768607,0.03205152268287201,0.8280542986425339,1302.698533829543,1852.2016820597844,0.45877332128733905,nan,nan,nan,nan,nan,0,0,0,0,0,0
42,off,6000,5326,0.6801878722417065,621944.967853662,914372.3274628634,0.0,47417,948,57813,34.33485591970384,442,0.7236758774201016,0.14256676578231287,0.999515543836688,0.14256676578231287,1320454.2678247998,366,0.8280542986425339,1.0,1.0,1.0,0.4782426947771139,1310215.4242867797,1320454.2678247993,0.031152846311920696,0.8280542986425339,1314.6930055112523,1852.2016820597844,0.45297298328588,nan,nan,nan,nan,nan,0,0,0,0,0,0
42,off,6250,5317,0.6828937549720931,624419.1521436871,914372.3274628634,0.0,48908,994,61219,33.54484050348401,442,0.7195722980920722,0.14430429642892423,0.9998565810697326,0.14430429642892423,1349040.7972056272,366,0.8280542986425339,1.0,1.0,1.0,0.4811739474466912,1345979.6584935186,1349040.7972056267,0.029730539253388585,0.8280542986425339,1321.4530718774415,1852.2016820597844,0.455232039562371,nan,nan,nan,nan,nan,0,0,0,0,0,0
42,off,6500,5327,0.6790290618819451,620885.3837279188,914372.3274628634,0.0,50400,1042,64752,33.64606197178364,442,0.7171075888326895,0.14518836457569248,0.9999564282188955,0.14518836457569248,1350477.3805714722,366,0.8280542986425339,1.0,1.0,1.0,0.48342955584156133,1345936.2711907146,1350477.3805714715,0.03078927598667958,0.8280542986425339,1311.7979669163255,1852.2016820597844,0.4572405809819988,nan,nan,nan,nan,nan,0,0,0,0,0,0
42,off,6750,5200,0.6816187474969229,623253.3205910831,914372.3274628634,0.0,51840,1106,68365,32.96315218694508,442,0.7225582378605817,0.14380041393045492,0.9993718355769883,0.14380041393045492,1331167.2070299825,366,0.8280542986425339,1.0,1.0,1.0,0.47839688267927705,1323811.481367214,1331167.2070299818,0.030492468826037795,0.8280542986425339,1318.2677397665016,1852.2016820597844,0.45309217225943765,nan,nan,nan,nan,nan,0,0,0,0,0,0
42,off,7000,5446,0.6789347741292898,620799.1696160722,914372.3274628634,0.0,53282,1165,71445,32.72595985233784,442,0.7187455370254057,0.14526800238676466,0.9993929320174348,0.14526800238676466,1316943.3953998522,366,0.8280542986425339,1.0,1.0,1.0,0.4801730310149914,1305395.1592102104,1316943.395399852,0.031600809727385715,0.8280542986425339,1311.5624092336845,1852.2016820597844,0.45444866340967893,nan,nan,nan,nan,nan,0,0,0,0,0,0
42,off,7250,5376,0.6798730718082725,621657.1230486566,914372.3274628634,0.0,54807,1215,75079,34.41260961256921,442,0.7190738806440828,0.1444984258690921,1.0,0.1444984258690921,1316177.7899963856,366,0.8280542986425339,1.0,1.0,1.0,0.47901132245866074,1304905.455197901,1316177.789996385,0.031345593340296254,0.8280542986425339,1313.9065442953906,1852.2016820597844,0.45345345588569197,nan,nan,nan,nan,nan,0,0,0,0,0,0
42,off,7500,5441,0.6755000802972009,617658.5806227027,914372.3274628634,0.0,56300,1279,78553,33.838063249364495,442,0.7099287626084675,0.1500834661947924,0.999252026155239,0.1500834661947924,1355975.0896357629,366,0.8280542986425339,1.0,1.0,1.0,0.4886626509473406,1350923.774063109,1355975.0896357626,0.031673153130735245,0.8280542986425339,1302.9815649895058,1852.2016820597844,0.46137838761489003,nan,nan,nan,nan,nan,0,0,0,0,0,0
42,off,7750,5301,0.6789214749072284,620787.0091754425,914372.3274628634,0.0,57734,1350,82213,34.0833195745945,442,0.7158545049411873,0.1463385738639646,1.0,0.1463385738639646,1346692.2952688334,366,0.8280542986425339,1.0,1.0,1.0,0.4831855228467683,1341315.2487974481,1346692.2952688332,0.030906535282511055,0.8280542986425339,1311.5291839860627,1852.2016820597844,0.45696269264988687,nan,nan,nan,nan,nan,0,0,0,0,0,0
42,off,8000,5313,0.6830107364554117,624526.1167748591,914372.3274628634,0.0,59134,1405,85739,33.80851721204817,442,0.7212830707259069,0.14518123767005187,0.9991700395683715,0.14518123767005187,1341837.668280608,366,0.8280542986425339,1.0,1.0,1.0,0.47943463540918074,1337334.1251931617,1341837.6682806073,0.02985722745097727,0.8280542986425339,1321.7453249680755,1852.2016820597844,0.4537985898621655,nan,nan,nan,nan,nan,0,0,0,0,0,0
42,off,8250,5305,0.6822579166801552,623837.7592047979,914372.3274628634,0.0,60552,1462,89247,33.69539535231888,442,0.7186651891859834,0.1461678233848091,1.0,0.1461678233848091,1316935.0443036573,366,0.8280542986425339,1.0,1.0,1.0,0.47897031450270444,1306916.7695476578,1316935.0443036573,0.030637920038133117,0.8280542986425339,1319.86456657993,1852.2016820597844,0.4532241706956688,nan,nan,nan,nan,nan,0,0,0,0,0,0
42,off,8500,5357,0.6813491728041264,623006.8289518058,914372.3274628634,0.0,61885,1517,92709,33.696061505004764,442,0.7168880335970415,0.14705138727947498,0.9999815371508026,0.14705138727947498,1345650.7694126917,366,0.8280542986425339,1.0,1.0,1.0,0.4829206934840322,1341178.8212436023,1345650.7694126917,0.030240414102721706,0.8280542986425339,1317.5942653422464,1852.2016820597844,0.4565717491340726,nan,nan,nan,nan,nan,0,0,0,0,0,0
42,off,8750,5341,0.677852078330731,619809.1825388097,914372.3274628634,0.0,63209,1581,96307,33.612266367301345,442,0.7150762572829519,0.14646459604793471,1.0,0.14646459604793471,1352967.5956605487,366,0.8280542986425339,1.0,1.0,1.0,0.4859362065617314,1348395.64143946,1352967.5956605484,0.03106796046087905,0.8280542986425339,1308.8575265089237,1852.2016820597844,0.45916051624512066,nan,nan,nan,nan,nan,0,0,0,0,0,0
42,off,9000,5289,0.684749816534737,626116.2834746361,914372.3274628634,0.0,64525,1638,99649,33.1505431085825,442,0.7216333507444712,0.1427711697491525,1.0,0.1427711697491525,1339989.7707335048,366,0.8280542986425339,1.0,1.0,1.0,0.47794948557033123,1335891.8261930195,1339989.7707335043,0.029410640039783713,0.8280542986425339,1326.0900427270287,1852.2016820597844,0.452509467813482,nan,nan,nan,nan,nan,0,0,0,0,0,0
42,off,9250,5324,0.6837921805183276,625240.6476014496,914372.3274628634,0.0,65934,1693,103293,34.68634819239378,442,0.7194806956717487,0.14330287268043373,0.99972092968682,0.14330287268043373,1338937.2212340394,366,0.8280542986425339,1.0,1.0,1.0,0.47752913062379654,1334186.8760659203,1338937.221234039,0.029702063663322748,0.8280542986425339,1323.6975949860819,1852.2016820597844,0.45232471032599686,nan,nan,nan,nan,nan,0,0,0,0,0,0
42,off,9500,5303,0.6821199677392259,623711.6225106093,914372.3274628634,0.0,67271,1751,106842,34.13361410051584,442,0.7198834022600858,0.14224146209445343,0.9996867760111577,0.14224146209445343,1314711.5340823089,366,0.8280542986425339,1.0,1.0,1.0,0.47669022100686576,1304168.4352513952,1314711.5340823086,0.03072948653924267,0.8280542986425339,1319.519930803458,1852.2016820597844,0.4516239346343942,nan,nan,nan,nan,nan,0,0,0,0,0,0
42,off,9750,5373,0.6778950183078071,619848.44566559,914372.3274628634,0.0,68668,1809,110585,34.683822739869356,442,0.7169100073854736,0.14469678262668595,1.0,0.14469678262668595,1326603.9573471656,366,0.8280542986425339,1.0,1.0,1.0,0.48169343707063117,1316577.629173942,1326603.9573471653,0.03167286442307567,0.8280542986425339,1308.964802811602,1852.2016820597844,0.455711891111924,nan,nan,nan,nan,nan,0,0,0,0,0,0
42,off,10000,5241,0.6910508542790627,631877.7780223466,914372.3274628634,0.0,70073,1859,114028,34.26027647219598,442,0.7272047915249679,0.13842604144868767,1.0,0.13842604144868767,1337728.9173735676,366,0.8280542986425339,1.0,1.0,1.0,0.4725865894117134,1335966.9845070345,1337728.9173735671,0.027723754639254014,0.8280542986425339,1341.8318311087514,1852.2016820597844,0.44810688151453437,nan,nan,nan,nan,nan,0,0,0,0,0,0
42,off,10250,5241,0.686302547460639,627536.0576652768,914372.3274628634,0.0,71519,1908,117490,34.42321646772325,442,0.7237772029552755,0.14330358640226487,0.999887539694164,0.14330358640226487,1354282.9307936807,366,0.8280542986425339,1.0,1.0,1.0,0.4794365564334895,1353852.216295339,1354282.9307936803,0.028672692944547443,0.8280542986425339,1329.969207182331,1852.2016820597844,0.45375373105514094,nan,nan,nan,nan,nan,0,0,0,0,0,0
42,off,10500,5273,0.6901558792655337,631059.437636205,914372.3274628634,0.0,72940,1963,120861,33.972111800685525,442,0.7239373760558617,0.1406731324607522,0.9996150481612603,0.1406731324607522,1337067.7028439227,366,0.8280542986425339,1.0,1.0,1.0,0.47324800559448565,1334775.1816828945,1337067.7028439222,0.02798102977249559,0.8280542986425339,1339.5959284143753,1852.2016820597844,0.4486379024874887,nan,nan,nan,nan,nan,0,0,0,0,0,0
42,off,10750,5381,0.6760303730767826,618143.4656658056,914372.3274628634,0.0,74323,2046,124646,34.65243129618466,442,0.7145925151534417,0.14423894855888453,1.0,0.14423894855888453,1311037.8944808228,366,0.8280542986425339,1.0,1.0,1.0,0.47963613694231877,1296905.2782457103,1311037.8944808228,0.03260093346522387,0.8280542986425339,1304.306387511645,1852.2016820597844,0.45424620493270784,nan,nan,nan,nan,nan,0,0,0,0,0,0
42,off,11000,5246,0.6840495454831884,625475.9750033768,914372.3274628634,0.0,75640,2106,128428,34.726854836568236,442,0.7224187823022158,0.14129798986007433,0.9997760479359288,0.14129798986007433,1322957.053956243,366,0.8280542986425339,1.0,1.0,1.0,0.47487702716219626,1315005.210311181,1322957.0539562427,0.029987739944533395,0.8280542986425339,1324.340566029599,1852.2016820597844,0.45025074463498616,nan,nan,nan,nan,nan,0,0,0,0,0,0
42,off,11250,5270,0.6843728405051571,625771.5870250715,914372.3274628634,0.0,76987,2165,131898,34.323699839413166,442,0.7189190716531593,0.1398327538873081,0.9996948118087889,0.1398327538873081,1323551.5665907778,366,0.8280542986425339,1.0,1.0,1.0,0.4753475272006873,1315869.6777001317,1323551.5665907774,0.029882612651640113,0.8280542986425339,1325.148249148983,1852.2016820597844,0.4505610963700104,nan,nan,nan,nan,nan,0,0,0,0,0,0
42,off,11500,5380,0.6802928612260234,622040.9668756097,914372.3274628634,0.0,78354,2215,135630,34.93354325555265,442,0.7184115134868253,0.14337220525231031,0.9988382311220232,0.14337220525231031,1345174.3516691844,366,0.8280542986425339,1.0,1.0,1.0,0.48056319801110225,1340117.111805068,1345174.3516691842,0.03055051694575637,0.8280542986425339,1314.9552979209457,1852.2016820597844,0.45499198452411527,nan,nan,nan,nan,nan,0,0,0,0,0,0
42,off,11750,5327,0.6784641503859111,620368.8442884798,914372.3274628634,0.0,79719,2268,139272,35.1413609161973,442,0.7160204583719108,0.14457057233545226,1.0,0.14457057233545226,1318861.9963857078,366,0.8280542986425339,1.0,1.0,1.0,0.4791671925892247,1307493.323249561,1318861.9963857075,0.031692235433371414,0.8280542986425339,1310.3866569725033,1852.2016820597844,0.4537325369072889,nan,nan,nan,nan,nan,0,0,0,0,0,0
42,off,12000,5446,0.6780896367380097,620026.3993725815,914372.3274628634,0.0,81141,2317,142708,35.1579030957073,442,0.7177640835487015,0.14507825219324733,1.0,0.14507825219324733,1331840.4473209563,366,0.8280542986425339,1.0,1.0,1.0,0.4814740630127403,1322992.2685798246,1331840.4473209558,0.03149188598983331,0.8280542986425339,1309.4510151257864,1852.2016820597844,0.455643861903819,nan,nan,nan,nan,nan,0,0,0,0,0,0
42,off,12250,5475,0.6764121925376826,618492.5908149394,914372.3274628634,0.0,82631,2356,146405,36.037985088303685,442,0.7146632795201454,0.1438484387581851,0.9999985725734982,0.1438484387581851,1325707.5480377506,366,0.8280542986425339,1.0,1.0,1.0,0.48178838586639383,1314800.6622389727,1325707.5480377502,0.03212802336899111,0.8280542986425339,1305.260281361737,1852.2016820597844,0.45598464169126895,nan,nan,nan,nan,nan,0,0,0,0,0,0
42,off,12500,5396,0.6741445577572558,616419.1283229247,914372.3274628634,0.0,84127,2407,150220,35.80750968679786,442,0.7139483838304576,0.14480513742202317,0.9999287342351412,0.14480513742202317,1328999.0592951498,366,0.8280542986425339,1.0,1.0,1.0,0.4822741949842677,1317704.579904739,1328999.0592951495,0.032715804071540386,0.8280542986425339,1299.595083296123,1852.2016820597844,0.45654658816875493,nan,nan,nan,nan,nan,0,0,0,0,0,0
42,off,12750,5337,0.6821568565994686,623745.3526636069,914372.3274628634,0.0,85591,2462,153839,35.63994034379721,442,0.7213077343473474,0.14071882357046211,0.9998959251093007,0.14071882357046211,1315937.9373759024,366,0.8280542986425339,1.0,1.0,1.0,0.47176922503984664,1305666.3821595148,1315937.937375902,0.030690225701137733,0.8280542986425339,1319.6120896914297,1852.2016820597844,0.44799406368687067,nan,nan,nan,nan,nan,0,0,0,0,0,0
42,off,13000,5410,0.6754571697076879,617619.3443670969,914372.3274628634,0.0,87004,2507,157617,35.75661834701896,442,0.7131883490644709,0.14462921251277,0.9998118681189614,0.14462921251277,1343071.0711867146,366,0.8280542986425339,1.0,1.0,1.0,0.4834925345095056,1335319.983050013,1343071.071186714,0.03198994852297585,0.8280542986425339,1302.8743621053372,1852.2016820597844,0.4575105858087747,nan,nan,nan,nan,nan,0,0,0,0,0,0
42,off,13250,5450,0.6740131781367813,616298.9984335703,914372.3274628634,0.0,88447,2550,161280,36.185671927407384,442,0.7123463093027756,0.14881913004335287,1.0,0.14881913004335287,1355899.6227338589,366,0.8280542986425339,1.0,1.0,1.0,0.4885625319139111,1350128.659624501,1355899.6227338584,0.0321048379633173,0.8280542986425339,1299.266859554718,1852.2016820597844,0.46151039332476085,nan,nan,nan,nan,nan,0,0,0,0,0,0
42,off,13500,5387,0.6807519516695621,622460.7464729842,914372.3274628634,0.0,89941,2599,165134,35.70928761176765,442,0.7162375997641189,0.14440950883174739,1.0,0.14440950883174739,1321005.0002198801,366,0.8280542986425339,1.0,1.0,1.0,0.4778586513100289,1311140.6637371029,1321005.0002198797,0.03097678869619814,0.8280542986425339,1316.1022367115866,1852.2016820597844,0.45261692399830333,nan,nan,nan,nan,nan,0,0,0,0,0,0
42,off,13750,5520,0.6766526401532704,618712.4494608373,914372.3274628634,0.0,91284,2655,168888,35.64167647249997,442,0.7135269656424245,0.1456663201524044,0.9994691910295173,0.1456663201524044,1325541.209124102,366,0.8280542986425339,1.0,1.0,1.0,0.4808831195708023,1314712.7069442642,1325541.2091241018,0.032061512412812965,0.8280542986425339,1305.8609880445183,1852.2016820597844,0.4552191690523708,nan,nan,nan,nan,nan,0,0,0,0,0,0
42,off,14000,5374,0.6753119979239834,617486.6033053491,914372.3274628634,0.0,92675,2723,172952,36.50942362472415,442,0.7140466737626977,0.14080030710444838,0.9994979816024239,0.14080030710444838,1302424.3705381672,366,0.8280542986425339,1.0,1.0,1.0,0.476269535422271,1286164.4476997796,1302424.3705381672,0.033031880471088876,0.8280542986425339,1302.5116816087582,1852.2016820597844,0.4517613269758245,nan,nan,nan,nan,nan,0,0,0,0,0,0
42,off,14250,5518,0.6776645074372283,619637.6729043534,914372.3274628634,0.0,94058,2779,176337,35.75655278004706,442,0.7146807387773974,0.1384437331399535,1.0,0.1384437331399535,1288357.5011415035,366,0.8280542986425339,1.0,1.0,1.0,0.47194516046917223,1270281.6457856565,1288357.5011415028,0.032682294390925355,0.8280542986425339,1308.3889209502997,1852.2016820597844,0.44818591792205287,nan,nan,nan,nan,nan,0,0,0,0,0,0
42,off,14500,5525,0.6675991695186592,610434.2064450511,914372.3274628634,0.0,95457,2836,180420,37.469549590721726,442,0.704778868448409,0.149065033075721,1.0,0.149065033075721,1352363.0816874315,366,0.8280542986425339,1.0,1.0,1.0,0.4904335828166171,1342766.644243743,1352363.081687431,0.03408148724465734,0.8280542986425339,1283.2428377281624,1852.2016820597844,0.46332788651514845,nan,nan,nan,nan,nan,0,0,0,0,0,0
42,off,14750,5525,0.6672171872035932,610084.9323865746,914372.3274628634,0.0,96831,2889,184484,37.18044550716877,442,0.706329903737915,0.1453118439364596,0.9997535670198423,0.1453118439364596,1302826.1338449728,366,0.8280542986425339,1.0,1.0,1.0,0.482353453950948,1282756.460529182,1302826.1338449721,0.035496131572756426,0.8280542986425339,1282.2885370219426,1852.2016820597844,0.45691102236482184,nan,nan,nan,nan,nan,0,0,0,0,0,0
42,off,15000,5483,0.6745025730890074,616746.4876350858,914372.3274628634,0.0,98202,2954,188408,36.779194947332144,442,0.7096197165688675,0.14250290288424014,1.0,0.14250290288424014,1312230.4311048756,366,0.8280542986425339,1.0,1.0,1.0,0.4784689453193238,1297623.7773481708,1312230.431104875,0.03302669904214575,0.8280542986425339,1300.4895076462901,1852.2016820597844,0.45350590908970934,nan,nan,nan,nan,nan,0,0,0,0,0,0
42,off,15250,5560,0.6786047053361067,620497.3638454265,914372.3274628634,0.0,99505,3022,192237,36.44751041941345,442,0.7137792309985637,0.14095526964916966,0.9999397022843379,0.14095526964916966,1306584.1549431896,366,0.8280542986425339,1.0,1.0,1.0,0.47481506962333864,1292731.3910011281,1306584.1549431891,0.031948592631956055,0.8280542986425339,1310.7378033029588,1852.2016820597844,0.4503533928584371,nan,nan,nan,nan,nan,0,0,0,0,0,0
42,off,15500,5556,0.6652423970955832,608279.2389592628,914372.3274628634,0.0,100826,3075,196384,36.94637478888035,442,0.7032861055287887,0.14906312936229504,1.0,0.14906312936229504,1344698.8551724704,366,0.8280542986425339,1.0,1.0,1.0,0.49086359976158667,1332352.9533702084,1344698.8551724702,0.034988815462510765,0.8280542986425339,1277.3549484227303,1852.2016820597844,0.4637141374946412,nan,nan,nan,nan,nan,0,0,0,0,0,0
42,off,15750,5502,0.6694637667222264,612139.1425298576,914372.3274628634,0.0,102144,3141,200303,36.78270115144551,442,0.7096328494942161,0.14604956644272807,0.999223123790875,0.14604956644272807,1325966.0761983464,366,0.8280542986425339,1.0,1.0,1.0,0.48517756435751447,1311796.0044973784,1325966.0761983462,0.03419311535727024,0.8280542986425339,1287.9011330418414,1852.2016820597844,0.45893927104461074,nan,nan,nan,nan,nan,0,0,0,0,0,0
42,off,16000,5664,0.6636842280597702,606854.492311406,914372.3274628634,0.0,103486,3197,204220,37.907210774719715,442,0.7011292435416394,0.14840480624557056,0.9999083757467314,0.14840480624557056,1333901.6047089342,366,0.8280542986425339,1.0,1.0,1.0,0.4907194111313977,1318541.507539634,1333901.604708934,0.03575136018643962,0.8280542986425339,1273.4621980187492,1852.2016820597844,0.4636269468938672,nan,nan,nan,nan,nan,0,0,0,0,0,0
42,off,16250,5622,0.6629528794250801,606185.7673581175,914372.3274628634,0.0,104918,3242,208355,38.101335568353534,442,0.7024861748833648,0.1494412495032998,0.999807561486875,0.1494412495032998,1335684.523418259,366,0.8280542986425339,1.0,1.0,1.0,0.491551984925797,1320330.4364379176,1335684.5234182586,0.03592943118449686,0.8280542986425339,1271.6350806600376,1852.2016820597844,0.4643753443148748,nan,nan,nan,nan,nan,0,0,0,0,0,0
42,off,16500,5465,0.6713549809517444,613868.4164866329,914372.3274628634,0.0,106370,3312,212303,37.55545909516513,442,0.7107586107373739,0.143703472114219,1.0,0.143703472114219,1314167.536624414,366,0.8280542986425339,1.0,1.0,1.0,0.4814294201639977,1298460.540737731,1314167.5366244134,0.03392479138118748,0.8280542986425339,1292.6259252734678,1852.2016820597844,0.4560321228962627,nan,nan,nan,nan,nan,0,0,0,0,0,0
42,off,16750,5608,0.6692503592623599,611944.0086540815,914372.3274628634,0.0,107740,3376,215940,36.82548671029508,442,0.7108646996518674,0.1430595860397486,1.0,0.1430595860397486,1308496.6487517606,366,0.8280542986425339,1.0,1.0,1.0,0.47999182154457154,1290595.5341952662,1308496.64875176,0.03471512454153476,0.8280542986425339,1287.3679803757868,1852.2016820597844,0.45502877024993005,nan,nan,nan,nan,nan,0,0,0,0,0,0
42,off,17000,5683,0.6660634278544616,609029.9667651771,914372.3274628634,0.0,109176,3448,219727,37.28983158431947,442,0.7043447520615127,0.1470895125522237,1.0,0.1470895125522237,1320401.1354100946,366,0.8280542986425339,1.0,1.0,1.0,0.4868391574935538,1303414.5670436325,1320401.1354100942,0.03537883622986623,0.8280542986425339,1279.4061172913482,1852.2016820597844,0.4603891476728903,nan,nan,nan,nan,nan,0,0,0,0,0,0
42,off,17250,5720,0.6561798465726946,599992.6935448993,914372.3274628634,0.0,110560,3511,224109,38.298985907807946,442,0.6923036468762102,0.15389244790620407,0.9999829367220624,0.15389244790620407,1355512.625531249,366,0.8280542986425339,1.0,1.0,1.0,0.5009697696330202,1340848.3155065896,1355512.6255312487,0.03749767310325243,0.8280542986425339,1254.7141139572564,1852.2016820597844,0.4720587886896006,nan,nan,nan,nan,nan,0,0,0,0,0,0
42,off,17500,5496,0.6707419428911685,613307.8714483607,914372.3274628634,0.0,111974,3591,227973,37.691824436187744,442,0.7073846204317873,0.14409320207302304,0.9994979816024239,0.14409320207302304,1315867.034354596,366,0.8280542986425339,1.0,1.0,1.0,0.4835658426760947,1300217.8162964473,1315867.0343545955,0.034066692530059804,0.8280542986425339,1291.0943814530522,1852.2016820597844,0.45756107880719843,nan,nan,nan,nan,nan,0,0,0,0,0,0
42,off,17750,5711,0.6717873834172835,614263.7933354485,914372.3274628634,0.0,113332,3658,231624,37.309165650978684,442,0.7080537233834591,0.14184000768629854,0.9997044618863196,0.14184000768629854,1297159.1776314487,366,0.8280542986425339,1.0,1.0,1.0,0.4780853921178789,1278128.0695728993,1297159.1776314485,0.034237040020102597,0.8280542986425339,1293.7061898877184,1852.2016820597844,0.4533081597097359,nan,nan,nan,nan,nan,0,0,0,0,0,0
42,off,18000,5698,0.6632831897995564,606487.7940240125,914372.3274628634,0.0,114808,3715,235566,38.69066018052399,442,0.700928374827542,0.14766656915333715,0.9997444219052407,0.14766656915333715,1337587.451040825,366,0.8280542986425339,1.0,1.0,1.0,0.49134805578633434,1322793.1450191764,1337587.4510408246,0.03577639452782523,0.8280542986425339,1272.4602901296964,1852.2016820597844,0.4642424123194968,nan,nan,nan,nan,nan,0,0,0,0,0,0
42,off,18250,5728,0.6527338256870501,596841.7474072069,914372.3274628634,0.0,116179,3764,239896,39.32611654140055,442,0.69086523993324,0.1535707380307983,0.9990185313362121,0.1535707380307983,1339582.4365314075,366,0.8280542986425339,1.0,1.0,1.0,0.50041026588452,1319828.5465381276,1339582.4365314073,0.03904492097246342,0.8280542986425339,1246.1049715045444,1852.2016820597844,0.4718552483815426,nan,nan,nan,nan,nan,0,0,0,0,0,0
42,off,18500,5708,0.6577865556720629,601461.8238836445,914372.3274628634,0.0,117575,3827,243790,38.8523125089705,442,0.696645798279505,0.14956481842398955,1.0,0.14956481842398955,1311498.3294143814,366,0.8280542986425339,1.0,1.0,1.0,0.4917611831474391,1288516.4318304157,1311498.3294143812,0.038237116519351015,0.8280542986425339,1258.7281312762323,1852.2016820597844,0.46478188618322913,nan,nan,nan,nan,nan,0,0,0,0,0,0
42,off,18750,5692,0.6621140432560931,605418.7587779209,914372.3274628634,0.0,118984,3885,248103,39.15068385191262,442,0.7016963260978255,0.14757370375941714,1.0,0.14757370375941714,1301813.150959643,366,0.8280542986425339,1.0,1.0,1.0,0.4879542769413412,1279006.5082925253,1301813.1509596426,0.03713088088846914,0.8280542986425339,1269.5394288015773,1852.2016820597844,0.4614508909054418,nan,nan,nan,nan,nan,0,0,0,0,0,0
42,off,19000,5570,0.6719592858147553,614420.9761307213,914372.3274628634,0.0,120499,3940,252038,37.74271300435066,442,0.7090527246706377,0.14421678329166787,0.9999803648577703,0.14421678329166787,1304421.02911267,366,0.8280542986425339,1.0,1.0,1.0,0.4797439421173886,1286980.2978734483,1304421.0291126699,0.03399409812609511,0.8280542986425339,1294.135651076988,1852.2016820597844,0.45468044238129646,nan,nan,nan,nan,nan,0,0,0,0,0,0
42,off,19250,5669,0.6625758759595974,605841.0458219226,914372.3274628634,0.0,122002,3997,256054,38.091099351644516,442,0.7030609131960258,0.14813936043397052,0.9999476986399438,0.14813936043397052,1318684.5265822152,366,0.8280542986425339,1.0,1.0,1.0,0.48818333844152817,1299612.1885532723,1318684.5265822152,0.0365107966181407,0.8280542986425339,1270.6932185392866,1852.2016820597844,0.4618460848619508,nan,nan,nan,nan,nan,0,0,0,0,0,0
42,off,19500,5685,0.6621999228581579,605497.2847095424,914372.3274628634,0.0,123444,4046,260022,38.24347238056362,442,0.7008087690340693,0.1501881941685916,1.0,0.1501881941685916,1328139.653648877,366,0.8280542986425339,1.0,1.0,1.0,0.4916351673521475,1310842.6988172901,1328139.6536488766,0.03636807107401869,0.8280542986425339,1269.7539805273193,1852.2016820597844,0.4644625272140295,nan,nan,nan,nan,nan,0,0,0,0,0,0
42,off,19750,5697,0.660092725229184,603570.5215091134,914372.3274628634,0.0,124888,4099,264054,38.945103887468576,442,0.6973999444635913,0.14821967556471183,0.9998803923430752,0.14821967556471183,1324530.358206404,366,0.8280542986425339,1.0,1.0,1.0,0.49184772537111665,1305424.718101669,1324530.3582064037,0.03712935969680566,0.8280542986425339,1264.4896001982781,1852.2016820597844,0.4648357807703474,nan,nan,nan,nan,nan,0,0,0,0,0,0
42,off,20000,5648,0.6596033940065107,603123.0905801373,914372.3274628634,0.0,126306,4167,268210,39.30889628082514,442,0.6998324109807754,0.14646532208609872,1.0,0.14646532208609872,1296907.8429432493,366,0.8280542986425339,1.0,1.0,1.0,0.4876631163889309,1271819.046861655,1296907.842943249,0.038078086761367376,0.8280542986425339,1263.2671113212946,1852.2016820597844,0.46149723282113975,332369811.28,3.288673737495671,92858651.23399998,0.9188012787216147,5053.25,0,0,0,0,0,0
42,on,250,448,0.9783337339502206,894561.293347497,914372.3274628634,0.0,17004,0,2655,45.21516274660826,442,0.9776837596970689,0.0015163553410631285,0.3795466528766044,0.0015163553410631285,1180011.9761866417,366,0.8280542986425339,1.0,1.0,1.0,0.2866995616135162,1183114.82942795,1180011.9761866415,0.005280543988150397,0.8280542986425339,2059.8650208858257,1850.667048727431,0.29301827183228624,nan,nan,nan,nan,nan,1386,430,0,250,250,0
42,on,500,654,0.9567422681295106,874818.6544916795,914372.3274628634,0.0,17056,0,2920,21.716878227889538,442,0.9599348276169883,0.010158551599465986,0.9524318975699056,0.010158551599465986,1185250.2691053837,366,0.8280542986425339,1.0,1.0,1.0,0.2966008021540545,1192821.1808446313,1185250.2691053837,0.002895601157224371,0.8280542986425339,2005.923384667745,1850.667048727431,0.3011003675345334,nan,nan,nan,nan,nan,1947,430,0,500,500,0
42,on,750,961,0.9242732651238752,845129.896643018,914372.3274628634,0.0,17287,0,3440,22.97300380282104,442,0.9322516651166441,0.024243331798140092,0.9865715289220526,0.024243331798140092,1186874.7087482505,366,0.8280542986425339,1.0,1.0,1.0,0.31117082116382755,1197982.4778303758,1186874.7087482505,0.0006593935588177747,0.8280542986425339,1924.806559944626,1850.667048727431,0.3130989768897341,nan,nan,nan,nan,nan,2622,435,0,750,750,0
42,on,1000,1402,0.8814537554509038,805976.9219225245,914372.3274628634,0.0,17688,0,4189,24.783918203786016,442,0.8959201578637631,0.04131346981285889,0.989380445887413,0.04131346981285889,1177407.2768750861,366,0.8280542986425339,1.0,1.0,1.0,0.32906902668464766,1187308.8689972723,1177407.2768750861,0.00013038253134953147,0.8280542986425339,1817.8312191782506,1850.667048727431,0.3280854482173323,nan,nan,nan,nan,nan,2761,469,0,1000,1000,0
42,on,1250,1756,0.8401014290076205,768165.4989465754,914372.3274628634,0.0,18312,3,5118,26.90712903253734,442,0.8593183171848532,0.05634189608185238,0.9989322151138676,0.05634189608185238,1114254.284391817,366,0.8280542986425339,1.0,1.0,1.0,0.34218932756683484,1108040.4038497594,1114254.2843918167,0.0023685026004215104,0.8280542986425339,1714.5213203368596,1850.667048727431,0.33925307132624627,nan,nan,nan,nan,nan,3340,509,0,1250,1250,0
42,on,1500,1858,0.8194541436543213,749286.1925822895,914372.3274628634,0.0,19173,12,6137,27.255100667476654,442,0.8432044637306135,0.06932300903860346,0.9958242119505035,0.06932300903860346,1146844.8352807534,366,0.8280542986425339,1.0,1.0,1.0,0.35908965810353877,1144525.8077368392,1146844.8352807532,0.00437528197213822,0.8280542986425339,1662.9385160628542,1850.667048727431,0.35327244241169,nan,nan,nan,nan,nan,3648,509,0,1500,1500,0
42,on,1750,2076,0.7956598329773208,727529.333348186,914372.3274628634,0.0,20023,24,7199,27.937783908098936,442,0.8236188893153865,0.08323296655465265,0.999085113186966,0.08323296655465265,1183833.4635109208,366,0.8280542986425339,1.0,1.0,1.0,0.37860842768825753,1184749.867431853,1183833.4635109205,0.007347901957175015,0.8280542986425339,1603.4935454778717,1850.667048727431,0.3695754348942528,nan,nan,nan,nan,nan,3784,509,0,1750,1750,0
42,on,2000,2285,0.7698580792380708,703936.9237290043,914372.3274628634,0.0,20993,34,8536,29.177348932251334,442,0.804513497858366,0.09111284222407214,0.9994000211351033,0.09111284222407214,1162135.410458298,366,0.8280542986425339,1.0,1.0,1.0,0.38817296233837184,1152352.5887426757,1162135.4104582977,0.011898221953600756,0.8280542986425339,1539.0334099063375,1850.667048727431,0.37790273326551005,nan,nan,nan,nan,nan,3784,509,0,2000,2000,0
42,on,2250,2401,0.7468973890131606,682942.3039678994,914372.3274628634,0.0,22014,41,9957,30.26065581664443,442,0.783177210003816,0.10471489196435069,0.9978640389720789,0.10471489196435069,1205072.4631789858,366,0.8280542986425339,1.0,1.0,1.0,0.4101990615484208,1197492.3396988648,1205072.4631789855,0.01608719271901107,0.8280542986425339,1481.6710608322803,1850.667048727431,0.3962616644937187,nan,nan,nan,nan,nan,3946,509,0,2250,2250,0
42,on,2500,2465,0.7303460406763845,667808.2090665528,914372.3274628634,0.0,23047,57,11596,30.3392362203449,442,0.7689975879140293,0.11362230163074775,0.9984682601305364,0.11362230163074775,1231478.4071409511,366,0.8280542986425339,1.0,1.0,1.0,0.425809850665263,1223840.4009215748,1231478.407140951,0.01946810550807612,0.8280542986425339,1440.3210747630276,1850.667048727431,0.40931357135576496,nan,nan,nan,nan,nan,4070,509,0,2500,2500,0
42,on,2750,2437,0.7314626368790618,668829.1937352311,914372.3274628634,0.0,23989,82,13074,30.464853724464774,442,0.7676487494476043,0.11275071983853946,0.999708489869879,0.11275071983853946,1240017.0518704965,366,0.8280542986425339,1.0,1.0,1.0,0.4261488794707482,1234544.4089601873,1240017.0518704962,0.019072073554094415,0.8280542986425339,1443.1106503605088,1850.667048727431,0.40956376101830627,nan,nan,nan,nan,nan,4165,509,0,2750,2750,0
42,on,3000,2572,0.7254787642703519,663357.7062107637,914372.3274628634,0.0,24956,94,14799,31.05465274862945,442,0.7635465691784208,0.1151427348012706,0.9988543255090877,0.1151427348012706,1244771.0276004316,366,0.8280542986425339,1.0,1.0,1.0,0.4295384239374376,1238151.8837389345,1244771.0276004313,0.02041860437798769,0.8280542986425339,1428.161230894751,1850.667048727431,0.4125517841433828,nan,nan,nan,nan,nan,4183,509,0,3000,3000,0
42,on,3250,2532,0.7238645589441641,661881.7215296545,914372.3274628634,0.0,25965,109,16444,31.122162975370884,442,0.7605394575123708,0.11881064205178207,0.9992469724036358,0.11881064205178207,1265118.1105999395,366,0.8280542986425339,1.0,1.0,1.0,0.4348257801705506,1262135.305524872,1265118.110599939,0.020475554361462308,0.8280542986425339,1424.1284858643983,1850.667048727431,0.41674295610151124,nan,nan,nan,nan,nan,4245,509,0,3250,3250,0
42,on,3500,2557,0.7197703243631316,658138.0667266168,914372.3274628634,0.0,26966,129,18117,31.112041011452675,442,0.7566136361761875,0.11802542262500006,0.9987449540060597,0.11802542262500006,1254714.7255015592,366,0.8280542986425339,1.0,1.0,1.0,0.43559333226641606,1248053.3090605033,1254714.725501559,0.021647364697829272,0.8280542986425339,1413.8999208287762,1850.667048727431,0.41758015936371384,nan,nan,nan,nan,nan,4287,509,0,3500,3500,0
42,on,3750,2534,0.7153239992448762,654072.470079581,914372.3274628634,0.0,27959,156,19952,31.327963745221496,442,0.7507083207858979,0.1222581347716719,0.9994950483544159,0.1222581347716719,1267652.3562115997,366,0.8280542986425339,1.0,1.0,1.0,0.44247818502149494,1261987.770743114,1267652.3562115997,0.022530157364679337,0.8280542986425339,1402.7917332685693,1850.667048727431,0.42323116048583875,nan,nan,nan,nan,nan,4321,509,0,3750,3750,0
42,on,4000,2556,0.7120582014354514,651086.3149355542,914372.3274628634,0.0,28932,178,21868,31.293989541009065,442,0.7481161632532535,0.12315110583376943,0.9988733746754738,0.12315110583376943,1273112.0864038565,366,0.8280542986425339,1.0,1.0,1.0,0.44500920607796046,1267313.132730492,1273112.0864038565,0.023258320058507365,0.8280542986425339,1394.63283943243,1850.667048727431,0.4253553331198101,nan,nan,nan,nan,nan,4322,509,0,4000,4000,0
42,on,4250,2492,0.7178208935459525,656355.5611330848,914372.3274628634,0.0,29929,193,23535,31.542561279609796,442,0.7532457939655921,0.12219056005662665,0.9991514491875707,0.12219056005662665,1274063.2687522643,366,0.8280542986425339,1.0,1.0,1.0,0.4411685162364052,1270683.9928253042,1274063.2687522639,0.021796700535843195,0.8280542986425339,1409.0296869666668,1850.667048727431,0.42201499408348986,nan,nan,nan,nan,nan,4341,509,0,4250,4250,0
42,on,4500,2500,0.7207681621900461,659050.4620228431,914372.3274628634,0.0,30916,213,25312,31.01126053929329,442,0.7574978988961046,0.12002578482666348,0.9989511602643942,0.12002578482666348,1270576.8247254947,366,0.8280542986425339,1.0,1.0,1.0,0.43784634103862885,1267582.5411937886,1270576.8247254947,0.021133788480087543,0.8280542986425339,1416.3928041517986,1850.667048727431,0.4193208730739253,nan,nan,nan,nan,nan,4369,509,0,4500,4500,0
42,on,4750,2597,0.7145249053631799,653341.8007471131,914372.3274628634,0.0,31895,240,27051,31.08315913937986,442,0.7551364111963657,0.119618576802389,0.997692535406278,0.119618576802389,1232756.0600462859,366,0.8280542986425339,1.0,1.0,1.0,0.4370477847211858,1219537.0828918978,1232756.0600462859,0.023374929066088054,0.8280542986425339,1400.7953689722083,1850.667048727431,0.41886865756457814,nan,nan,nan,nan,nan,4412,509,0,4750,4750,0
42,on,5000,2581,0.7107292928839243,649871.197730309,914372.3274628634,0.0,32859,260,28940,31.84061431698501,442,0.7532382762008816,0.12149746721337984,0.9995150006247043,0.12149746721337984,1238121.6184903083,366,0.8280542986425339,1.0,1.0,1.0,0.4406718368265756,1224534.3274165778,1238121.618490308,0.024265107437505304,0.8280542986425339,1391.3128470683723,1850.667048727431,0.42192893976711976,nan,nan,nan,nan,nan,4433,509,0,5000,5000,0
42,on,5250,2479,0.7124625084847017,651456.0021131868,914372.3274628634,0.0,33855,289,30588,31.287265840917822,442,0.7528800809646844,0.11804207255918181,0.9987892870695086,0.11804207255918181,1238039.3794660082,366,0.8280542986425339,1.0,1.0,1.0,0.43626735005640405,1225115.7993383124,1238039.3794660082,0.02381137888961825,0.8280542986425339,1395.642913688257,1850.667048727431,0.41855229802906946,nan,nan,nan,nan,nan,4435,509,0,5250,5250,0
42,on,5500,2573,0.7105326287632256,649691.3735005374,914372.3274628634,0.0,34801,313,32415,31.505406515672803,442,0.750476723990804,0.12135867201547566,0.9989959632048477,0.12135867201547566,1257461.3573911495,367,0.830316742081448,1.0,1.0,1.0,0.4414128129804049,1251436.4352395353,1257461.3573911493,0.021707385170322648,0.830316742081448,1395.2023551111824,1835.3614556631112,0.42303766517445096,nan,nan,nan,nan,nan,4447,509,0,5500,5500,0
42,on,5750,2467,0.7197048983137176,658078.2429575374,914372.3274628634,0.0,35709,337,34352,31.475109044462442,442,0.7592478180003044,0.11769242704373363,0.9984994417336323,0.11769242704373363,1250671.1167513372,367,0.830316742081448,1.0,1.0,1.0,0.4342351676774785,1246583.5273013518,1250671.116751337,0.01961779380854286,0.830316742081448,1418.0548604436078,1835.3614556631112,0.4169323574375574,nan,nan,nan,nan,nan,4476,509,0,5750,5750,0
42,on,6000,2543,0.7054838287114039,645074.8904462585,914372.3274628634,0.0,36595,353,36164,31.403232015669342,442,0.7463313851293328,0.12419499317683391,0.998994010187489,0.12419499317683391,1247658.0361970912,367,0.830316742081448,1.0,1.0,1.0,0.4454778772374721,1237723.87410282,1247658.0361970912,0.0231462829384577,0.830316742081448,1382.62338221124,1835.3614556631112,0.4262971103945721,nan,nan,nan,nan,nan,4476,509,0,6000,6000,0
42,on,6250,2584,0.7029743127558125,642780.2585011391,914372.3274628634,0.0,37439,376,37925,31.59223911166191,442,0.7431668667525306,0.1252254405690675,0.9980905425151462,0.1252254405690675,1256589.656563069,367,0.830316742081448,1.0,1.0,1.0,0.4474905362439001,1247513.4790195765,1256589.656563069,0.02362091178012236,0.830316742081448,1376.3709790910239,1835.3614556631112,0.4281469427028586,nan,nan,nan,nan,nan,4476,509,0,6250,6250,0
42,on,6500,2536,0.7072688361872065,646707.0518864467,914372.3274628634,0.0,38299,394,39696,31.09640904329717,442,0.7468596981214666,0.12439151745154317,0.9990094946242553,0.12439151745154317,1275402.9287411429,367,0.830316742081448,1.0,1.0,1.0,0.4470796726355062,1271818.6503041743,1275402.9287411422,0.022200101885254286,0.830316742081448,1387.0706885877746,1835.3614556631112,0.4277267928428723,nan,nan,nan,nan,nan,4476,509,0,6500,6500,0
42,on,6750,2597,0.7074611000250532,646882.8526193455,914372.3274628634,0.0,39165,412,41373,31.63835419528186,442,0.7454374221709987,0.12585544614678437,0.9989929625345597,0.12585544614678437,1292190.1806799453,367,0.830316742081448,1.0,1.0,1.0,0.4506704072365735,1292109.3764354803,1292190.180679945,0.021864890871503173,0.830316742081448,1387.5497096583438,1835.3614556631112,0.43051097947843076,nan,nan,nan,nan,nan,4476,509,0,6750,6750,0
42,on,7000,2617,0.6981170833869819,638338.9423781405,914372.3274628634,0.0,40042,429,43247,31.858997335657474,442,0.7389950603432972,0.12861685125787128,0.9984939448072716,0.12861685125787128,1272261.8973208587,367,0.830316742081448,1.0,1.0,1.0,0.4548916827002909,1264478.6134668414,1272261.8973208587,0.024576385634040458,0.830316742081448,1364.2693002817632,1835.3614556631112,0.4342100872907544,nan,nan,nan,nan,nan,4476,509,0,7000,7000,0
42,on,7250,2505,0.7062295297323901,645756.738824409,914372.3274628634,0.0,40912,458,45219,31.595095720142123,442,0.7476337330440387,0.1247837203268091,0.9982298620174649,0.1247837203268091,1246625.1282731195,367,0.830316742081448,1.0,1.0,1.0,0.4444164838289808,1236764.75081,1246625.1282731192,0.022975723391450955,0.830316742081448,1384.481279699388,1835.3614556631112,0.42549971333121195,nan,nan,nan,nan,nan,4476,509,0,7250,7250,0
42,on,7500,2593,0.7024557628598371,642306.1108258505,914372.3274628634,0.0,41724,486,47070,31.587851336225867,442,0.7424098719416953,0.12620669107406762,0.9984724340121169,0.12620669107406762,1265510.863989816,367,0.830316742081448,1.0,1.0,1.0,0.44928180299455045,1258056.295510595,1265510.8639898158,0.023586619962270322,0.830316742081448,1375.0790235725262,1835.3614556631112,0.42963441067757535,nan,nan,nan,nan,nan,4476,509,0,7500,7500,0
42,on,7750,2548,0.7067240991441827,646208.9594085617,914372.3274628634,0.0,42574,514,48896,31.73607467673719,442,0.7453015272541099,0.12405627729958241,0.9988543255090877,0.12405627729958241,1270340.6718531032,367,0.830316742081448,1.0,1.0,1.0,0.4472654474543589,1265515.082212863,1270340.671853103,0.022423729970227985,0.830316742081448,1385.7134883755543,1835.3614556631112,0.4277929246682388,nan,nan,nan,nan,nan,4476,509,0,7750,7750,0
42,on,8000,2500,0.7097784845774894,649001.8049261831,914372.3274628634,0.0,43456,535,50607,31.732911145314574,442,0.7504310803639476,0.11949272432261412,0.9986426680234938,0.11949272432261412,1249958.4079632608,367,0.830316742081448,1.0,1.0,1.0,0.4387504968432243,1242118.9202990378,1249958.4079632603,0.022024522630592836,0.830316742081448,1393.3234216660755,1835.3614556631112,0.4210351556088936,nan,nan,nan,nan,nan,4476,509,0,8000,8000,0
42,on,8250,2640,0.7001921966383351,640236.3685115294,914372.3274628634,0.0,44240,564,52638,32.37367871589959,442,0.7422687585445701,0.12553418205717864,0.9987369503284491,0.12553418205717864,1247878.5201177245,367,0.830316742081448,1.0,1.0,1.0,0.4464462609603346,1235934.2803027553,1247878.5201177245,0.024509644999519027,0.830316742081448,1369.4393987378637,1835.3614556631112,0.42737996478770635,nan,nan,nan,nan,nan,4476,509,0,8250,8250,0
42,on,8500,2543,0.6994968951058903,639600.6040310194,914372.3274628634,0.0,45054,589,54568,32.46708654798567,442,0.7413753819835067,0.12463416545035964,0.9979801934176635,0.12463416545035964,1223534.1632664052,368,0.832579185520362,1.0,1.0,1.0,0.44291985185274596,1206801.3937524075,1223534.1632664052,0.023575894567422668,0.832579185520362,1370.8989352727851,1825.8080520356004,0.42522273426576085,nan,nan,nan,nan,nan,4478,509,0,8500,8500,0
42,on,8750,2589,0.7000987596659166,640150.932329588,914372.3274628634,0.0,45929,624,56348,32.10731800459325,442,0.7401634945961013,0.12708264495923127,0.9990193107274713,0.12708264495923127,1257846.4748711914,368,0.832579185520362,1.0,1.0,1.0,0.4495633859667445,1248240.8810644492,1257846.4748711912,0.022782247289668735,0.832579185520362,1372.394392605852,1825.8080520356004,0.43048655317714846,nan,nan,nan,nan,nan,4478,509,0,8750,8750,0
42,on,9000,2629,0.700451350597425,640473.3317202737,914372.3274628634,0.0,46765,645,58130,32.182369692251086,442,0.742710361135086,0.12738530074650928,0.9982429356084835,0.12738530074650928,1265994.902101799,368,0.832579185520362,1.0,1.0,1.0,0.4509290058510165,1258160.731047121,1265994.902101799,0.02254822354111542,0.832579185520362,1373.2704779066285,1825.8080520356004,0.43162582793338355,nan,nan,nan,nan,nan,4478,509,0,9000,9000,0
42,on,9250,2701,0.693641794056718,634246.8616571574,914372.3274628634,0.0,47669,673,59941,32.11806580796838,442,0.7379756852906446,0.13095132170426796,0.9975769208638883,0.13095132170426796,1259145.2306172508,368,0.832579185520362,1.0,1.0,1.0,0.4556652922883728,1247321.9272447145,1259145.2306172505,0.02439784249249694,0.832579185520362,1356.3507223003342,1825.8080520356004,0.43546797031505147,nan,nan,nan,nan,nan,4478,509,0,9250,9250,0
42,on,9500,2650,0.691485453988509,632275.1639701878,914372.3274628634,0.0,48487,694,61912,32.39847853220999,442,0.7341634325959618,0.12925081158189808,1.0,0.12925081158189808,1231397.9519052603,368,0.832579185520362,1.0,1.0,1.0,0.4499709009823005,1213148.0016834105,1231397.9519052603,0.025520301833399178,0.832579185520362,1350.9928481509603,1825.8080520356004,0.4311297067614144,nan,nan,nan,nan,nan,4478,509,0,9500,9500,0
42,on,9750,2646,0.6961254976112276,636517.891457022,914372.3274628634,0.0,49332,717,63863,32.684155996888876,442,0.7378093222978156,0.12551464452308592,0.9992425725316239,0.12551464452308592,1258000.128460195,368,0.832579185520362,1.0,1.0,1.0,0.4499409814607176,1246910.270592179,1258000.1284601947,0.023782240508850097,0.832579185520362,1362.521998930401,1825.8080520356004,0.4311407598191659,nan,nan,nan,nan,nan,4478,509,0,9750,9750,0
42,on,10000,2558,0.7062360329068573,645762.6851471826,914372.3274628634,0.0,50220,754,65557,32.37057403475046,442,0.7471568660436618,0.12365953331720252,0.9984051668850749,0.12365953331720252,1268757.3000162959,368,0.832579185520362,1.0,1.0,1.0,0.4451397692963974,1263621.978447214,1268757.3000162959,0.02109261799428657,0.832579185520362,1387.643720914533,1825.8080520356004,0.4268685703440207,nan,nan,nan,nan,nan,4478,509,0,10000,10000,0
42,on,10250,2590,0.7039553302203775,643677.2737234952,914372.3274628634,0.0,51062,786,67382,31.902347704395652,442,0.743417707182489,0.1256332091164546,0.9983624310550895,0.1256332091164546,1276756.064746039,368,0.832579185520362,1.0,1.0,1.0,0.4490987489240921,1272392.3940971626,1276756.0647460388,0.021506153779971796,0.832579185520362,1381.9768420458172,1825.8080520356004,0.43003350888777647,nan,nan,nan,nan,nan,4478,509,0,10250,10250,0
42,on,10500,2656,0.7009648611611355,640942.8715695904,914372.3274628634,0.0,51911,803,69234,32.55270759947598,442,0.7395601326500304,0.12788400334104444,0.9991541181889729,0.12788400334104444,1273483.8157057632,368,0.832579185520362,1.0,1.0,1.0,0.45217169679627367,1267348.6336080984,1273483.8157057627,0.02228940240742523,0.832579185520362,1374.5464014102065,1825.8080520356004,0.4324993885619548,nan,nan,nan,nan,nan,4478,509,0,10500,10500,0
42,on,10750,2611,0.7033281989834484,643103.8422747597,914372.3274628634,0.0,52765,816,70996,32.49741397239268,442,0.741641151833993,0.12594583423424355,0.9987449540060597,0.12594583423424355,1250871.155466843,368,0.832579185520362,1.0,1.0,1.0,0.4469078531161619,1241070.3860490343,1250871.155466843,0.02210559802060285,0.832579185520362,1380.418604413384,1825.8080520356004,0.4281424187419851,nan,nan,nan,nan,nan,4478,509,0,10750,10750,0
42,on,11000,2741,0.694778686028878,635286.4042158152,914372.3274628634,0.0,53614,832,72861,32.60368532501161,442,0.734068668439609,0.13264898641280337,0.9985138458936064,0.13264898641280337,1295493.8927018861,368,0.832579185520362,1.0,1.0,1.0,0.4606190363500495,1291422.5432960798,1295493.892701886,0.0234287743650571,0.832579185520362,1359.1755662097305,1825.8080520356004,0.4395343498559514,nan,nan,nan,nan,nan,4483,509,0,11000,11000,0
42,on,11250,2646,0.6937991528500527,634390.7461832656,914372.3274628634,0.0,54496,849,74777,32.78201952762902,442,0.7334993294793597,0.1309860033133622,0.9988569000015027,0.1309860033133622,1275148.384571091,368,0.832579185520362,1.0,1.0,1.0,0.4559205670215405,1266604.5424418505,1275148.3845710906,0.02405153571237152,0.832579185520362,1356.7417128604106,1825.8080520356004,0.43596625265486866,nan,nan,nan,nan,nan,4483,509,0,11250,11250,0
42,on,11500,2621,0.6936199700428969,634226.9063828452,914372.3274628634,0.0,55354,879,76557,32.2894231826067,442,0.7357455590937442,0.1299957350652278,0.9987449540060597,0.1299957350652278,1278344.2917965273,368,0.832579185520362,1.0,1.0,1.0,0.4575811008562425,1270373.1446728043,1278344.291796527,0.024036970757181413,0.832579185520362,1356.2964960114425,1825.8080520356004,0.43725254779977685,nan,nan,nan,nan,nan,4483,509,0,11500,11500,0
42,on,11750,2764,0.6899824244648616,630900.8353664048,914372.3274628634,0.0,56258,911,78317,32.62881129235029,442,0.7340229457619073,0.13567236000585067,0.999270410286999,0.13567236000585067,1278666.0855612843,368,0.832579185520362,1.0,1.0,1.0,0.4611692161854237,1269325.051048533,1278666.085561284,0.024965031465828038,0.832579185520362,1347.258259553724,1825.8080520356004,0.44011476899681834,nan,nan,nan,nan,nan,4483,509,0,11750,11750,0
42,on,12000,2744,0.6911021481027914,631924.6796753339,914372.3274628634,0.0,57187,934,80386,33.35390897653997,442,0.7342864606027271,0.13196516789351484,0.9994979816024239,0.13196516789351484,1271269.4471875946,368,0.832579185520362,1.0,1.0,1.0,0.45783605685408046,1260885.5621959325,1271269.4471875944,0.02481916285453343,0.832579185520362,1350.0404451758134,1825.8080520356004,0.4375143557091754,nan,nan,nan,nan,nan,4483,509,0,12000,12000,0
42,on,12250,2630,0.6984886931457439,638678.7320581677,914372.3274628634,0.0,58125,950,82133,32.77840976417065,442,0.7388859718079108,0.12579495063562424,0.9992362170060585,0.12579495063562424,1258719.268416785,368,0.832579185520362,1.0,1.0,1.0,0.44832654187854293,1248679.132848741,1258719.2684167845,0.023169966812068687,0.832579185520362,1368.3938483900363,1825.8080520356004,0.4297283912629384,nan,nan,nan,nan,nan,4483,509,0,12250,12250,0
42,on,12500,2625,0.6999845281990679,640046.482237376,914372.3274628634,0.0,59021,967,84178,32.66786875575781,442,0.7393138881978673,0.1289875834683008,0.9989044746899353,0.1289875834683008,1294140.793135023,368,0.832579185520362,1.0,1.0,1.0,0.4538891152109843,1291790.4079979085,1294140.7931350227,0.022171048308601497,0.832579185520362,1372.110560833537,1825.8080520356004,0.434128834518025,nan,nan,nan,nan,nan,4483,509,0,12500,12500,0
42,on,12750,2643,0.6987250400731853,638894.8411483009,914372.3274628634,0.0,59901,985,86013,32.90198088437319,442,0.7399027451029699,0.12852258288986557,0.9984382374926288,0.12852258288986557,1287325.362682685,368,0.832579185520362,1.0,1.0,1.0,0.45360906788630384,1283127.426247946,1287325.3626826846,0.022596964779231274,0.832579185520362,1368.9811013523545,1825.8080520356004,0.4339427030228966,nan,nan,nan,nan,nan,4483,509,0,12750,12750,0
42,on,13000,2646,0.6990569055219196,639198.2897310646,914372.3274628634,0.0,60804,1017,88052,32.94446281529963,442,0.7413879764849198,0.12590214013539427,0.9993467948042145,0.12590214013539427,1267444.5779390251,368,0.832579185520362,1.0,1.0,1.0,0.4491436827206057,1259374.8940921975,1267444.577939025,0.02286863308824368,0.832579185520362,1369.805689892473,1825.8080520356004,0.43032708889077353,nan,nan,nan,nan,nan,4483,509,0,13000,13000,0
42,on,13250,2612,0.7003393006612637,640370.8763593538,914372.3274628634,0.0,61636,1048,89844,32.387152295559645,442,0.7409739809252889,0.12858710989159966,0.9982493486892376,0.12858710989159966,1274006.3573734008,368,0.832579185520362,1.0,1.0,1.0,0.4521800314016091,1267740.9852743188,1274006.3573734008,0.022434009767009985,0.832579185520362,1372.9920665997809,1825.8080520356004,0.4326155876445841,nan,nan,nan,nan,nan,4483,509,0,13250,13250,0
42,on,13500,2723,0.697166575178642,637469.8239754082,914372.3274628634,0.0,62472,1071,91617,32.62603189237416,442,0.7399265203133052,0.12987197784346696,0.9993473266445156,0.12987197784346696,1273526.79596997,368,0.832579185520362,1.0,1.0,1.0,0.4536050917572856,1265959.3076770313,1273526.7959699698,0.023230683042984857,0.832579185520362,1365.1087720781893,1825.8080520356004,0.4339335478686359,nan,nan,nan,nan,nan,4483,509,0,13500,13500,0
42,on,13750,2694,0.6949039173850681,635400.9123024461,914372.3274628634,0.0,63366,1106,93477,32.936871791258454,442,0.7382497126120121,0.13249840013547015,0.9982344310273714,0.13249840013547015,1291745.9307883056,368,0.832579185520362,1.0,1.0,1.0,0.45766110519871095,1286969.5175523204,1291745.9307883054,0.023465426144740162,0.832579185520362,1359.4867294886185,1825.8080520356004,0.4373054071657707,nan,nan,nan,nan,nan,4483,509,0,13750,13750,0
42,on,14000,2684,0.6953056528005549,635768.248049329,914372.3274628634,0.0,64281,1136,95131,35.11754368804395,442,0.737914714185727,0.1293851736386926,0.9992119533502639,0.1293851736386926,1274656.3074438465,368,0.832579185520362,1.0,1.0,1.0,0.45335794140525176,1266599.0889906136,1274656.3074438462,0.023678335906370418,0.832579185520362,1360.4849244529744,1825.8080520356004,0.4338569034668147,nan,nan,nan,nan,nan,4483,509,0,14000,14000,0
42,on,14250,2791,0.6856628668124425,626951.1513821523,914372.3274628634,0.0,65074,1158,97261,33.334785075858235,442,0.7308460408489189,0.1329011987662383,0.9984724340121169,0.1329011987662383,1258080.0632781766,368,0.832579185520362,1.0,1.0,1.0,0.45795065530282697,1242860.3498305606,1258080.0632781764,0.02652444557094803,0.832579185520362,1336.5254226399943,1825.8080520356004,0.4378165175451889,nan,nan,nan,nan,nan,4483,509,0,14250,14250,0
42,on,14500,2656,0.6937925321494917,634384.6923978842,914372.3274628634,0.0,65970,1186,99119,32.9795478079468,442,0.7395683489074059,0.1260225565505395,0.9994262986687742,0.1260225565505395,1215765.3346472676,368,0.832579185520362,1.0,1.0,1.0,0.4435381325451211,1195277.7519301234,1215765.3346472674,0.02522808247793565,0.832579185520362,1356.725262356657,1825.8080520356004,0.42598320921480215,nan,nan,nan,nan,nan,4514,509,0,14500,14500,0
42,on,14750,2718,0.6938119248995417,634402.4245918833,914372.3274628634,0.0,66856,1216,100915,33.047965755686164,442,0.7382676107398868,0.13114670309982032,0.9976240286039881,0.13114670309982032,1253091.455424746,368,0.832579185520362,1.0,1.0,1.0,0.4529282067470324,1240117.2367364853,1253091.4554247458,0.024471579501870653,0.832579185520362,1356.7734476664373,1825.8080520356004,0.43339887769247154,nan,nan,nan,nan,nan,4529,509,0,14750,14750,0
42,on,15000,2625,0.697860641201369,638104.458740022,914372.3274628634,0.0,67726,1241,102809,33.163369815796614,442,0.7412102611151989,0.12812147848794841,0.9972261032533146,0.12812147848794841,1261452.201063044,368,0.832579185520362,1.0,1.0,1.0,0.45040245985446403,1251722.2027799983,1261452.2010630437,0.023277790162476598,0.832579185520362,1366.8333230689882,1825.8080520356004,0.4313079440841676,nan,nan,nan,nan,nan,4529,509,0,15000,15000,0
42,on,15250,2785,0.6775940249353919,619573.2256551038,914372.3274628634,0.0,68564,1267,104837,33.234617004171014,442,0.723226035326916,0.13825642398933774,0.9988544003246296,0.13825642398933774,1284010.5089277127,368,0.832579185520362,1.0,1.0,1.0,0.46810860302979673,1270653.1506250242,1284010.5089277124,0.028162241750861006,0.832579185520362,1316.4767114251886,1825.8080520356004,0.446319364341931,nan,nan,nan,nan,nan,4529,509,0,15250,15250,0
42,on,15500,2798,0.6787919565177399,620668.5811441967,914372.3274628634,0.0,69436,1288,106810,33.87847423180938,442,0.7259297716853431,0.13577957745137248,0.9983624310550895,0.13577957745137248,1248139.1786367898,368,0.832579185520362,1.0,1.0,1.0,0.4606890240602364,1228074.71022551,1248139.1786367898,0.028633992035835942,0.832579185520362,1319.4532209064193,1825.8080520356004,0.4402120650499419,nan,nan,nan,nan,nan,4536,509,0,15500,15500,0
42,on,15750,2637,0.6931884811837719,633832.3649104527,914372.3274628634,0.0,70293,1317,108754,33.2511383574456,442,0.7377219308456527,0.1284277454425379,0.9998350063399124,0.1284277454425379,1240032.7777215075,368,0.832579185520362,1.0,1.0,1.0,0.4499124034178641,1224188.9416856577,1240032.7777215072,0.024892903595796257,0.832579185520362,1355.2243724451585,1825.8080520356004,0.43106256463889814,nan,nan,nan,nan,nan,4544,509,0,15750,15750,0
42,on,16000,2718,0.6921251429870855,632860.0778886685,914372.3274628634,0.0,71177,1346,110455,33.01264884322882,442,0.7375411111223467,0.128677155925446,0.9988130014927094,0.128677155925446,1248180.4419189843,368,0.832579185520362,1.0,1.0,1.0,0.4517397018042302,1233557.5102996582,1248180.4419189843,0.025008888390205684,0.832579185520362,1352.582288146832,1825.8080520356004,0.43263324523955093,nan,nan,nan,nan,nan,4544,509,0,16000,16000,0
42,on,16250,2719,0.6905231007409917,631395.2147914139,914372.3274628634,0.0,72056,1373,112459,33.14676425606012,442,0.7368609306176478,0.12995986112805638,0.9995295468336304,0.12995986112805638,1251613.0551160737,368,0.832579185520362,1.0,1.0,1.0,0.45350123282496413,1237046.9747253659,1251613.0551160737,0.02536164270632111,0.832579185520362,1348.6016819042923,1825.8080520356004,0.4341006947889232,nan,nan,nan,nan,nan,4544,509,0,16250,16250,0
42,on,16500,2763,0.6866317775942287,627837.0965887981,914372.3274628634,0.0,72938,1388,114392,33.13444438017905,442,0.7333254771082458,0.1290921680502462,0.9992469724036358,0.1290921680502462,1233421.176936071,368,0.832579185520362,1.0,1.0,1.0,0.45225061426395796,1213636.3321525082,1233421.1769360702,0.02678914491991784,0.832579185520362,1338.9328824406623,1825.8080520356004,0.4332283721940995,nan,nan,nan,nan,nan,4544,509,0,16500,16500,0
42,on,16750,2736,0.6881112758235393,629189.90882821,914372.3274628634,0.0,73806,1418,116302,33.61836487241089,442,0.733270400770884,0.13049491370196237,0.9986776696850633,0.13049491370196237,1249033.5343367348,368,0.832579185520362,1.0,1.0,1.0,0.454425242843433,1232985.171935174,1249033.5343367348,0.026056317861126777,0.832579185520362,1342.6090026564552,1825.8080520356004,0.43491169653299755,nan,nan,nan,nan,nan,4544,509,0,16750,16750,0
42,on,17000,2858,0.6804547252834946,622188.9708905723,914372.3274628634,0.0,74608,1444,118117,33.27901040390134,442,0.7273945327160865,0.1360158865237515,0.9984986709218931,0.1360158865237515,1288088.1543828042,368,0.832579185520362,1.0,1.0,1.0,0.46630678337957754,1276754.5354927038,1288088.154382804,0.02729500590068489,0.832579185520362,1323.5847147824402,1825.8080520356004,0.4447605079354022,nan,nan,nan,nan,nan,4544,509,0,17000,17000,0
42,on,17250,2771,0.679366187593829,621193.6421497418,914372.3274628634,0.0,75395,1475,120165,33.44282586313784,442,0.7258638832548713,0.13566747085263464,0.9986928471338381,0.13566747085263464,1273304.9813883458,368,0.832579185520362,1.0,1.0,1.0,0.46412619529889665,1258542.5982434542,1273304.9813883458,0.02791010887509611,0.832579185520362,1320.8800171171395,1825.8080520356004,0.4430590801771632,nan,nan,nan,nan,nan,4544,509,0,17250,17250,0
42,on,17500,2741,0.683867357818354,625309.3876442472,914372.3274628634,0.0,76233,1493,122145,33.33912653662264,442,0.7305303387067065,0.13344835647470032,0.9992119533502639,0.13344835647470032,1254530.438154151,368,0.832579185520362,1.0,1.0,1.0,0.4587739053343036,1237862.702224838,1254530.4381541505,0.02708677874837321,0.832579185520362,1332.0641081348172,1825.8080520356004,0.4384520126884983,nan,nan,nan,nan,nan,4544,509,0,17500,17500,0
42,on,17750,2795,0.6842881164704827,625694.1177122942,914372.3274628634,0.0,77094,1517,123915,33.544781463220716,442,0.7286122965581903,0.13609287526921446,0.9992469724036358,0.13609287526921446,1284502.310947696,368,0.832579185520362,1.0,1.0,1.0,0.4641538545447388,1274034.1868118972,1284502.3109476955,0.026342837797936672,0.832579185520362,1333.1095702762493,1825.8080520356004,0.4428099323042738,nan,nan,nan,nan,nan,4544,509,0,17750,17750,0
42,on,18000,2834,0.6823304918302654,623904.1199137201,914372.3274628634,0.0,77926,1536,125880,34.06587355211377,442,0.7264421288143897,0.13368480112236558,0.9987449540060597,0.13368480112236558,1277250.265889831,368,0.832579185520362,1.0,1.0,1.0,0.46216605761639373,1264517.4253454998,1277250.265889831,0.02701807891732839,0.832579185520362,1328.2454458236025,1825.8080520356004,0.44142056691296405,nan,nan,nan,nan,nan,4559,509,0,18000,18000,0
42,on,18250,2866,0.6817191883059723,623345.160887426,914372.3274628634,0.0,78822,1558,127766,33.76940332353115,442,0.7259346843618043,0.13402847210325333,0.9984939448072716,0.13402847210325333,1262116.405204777,368,0.832579185520362,1.0,1.0,1.0,0.46051413152778964,1246086.8988492098,1262116.4052047767,0.02750923796866045,0.832579185520362,1326.7265354260637,1825.8080520356004,0.44008158739904557,nan,nan,nan,nan,nan,4566,509,0,18250,18250,0
42,on,18500,2816,0.6831521683438115,624655.4381798329,914372.3274628634,0.0,79699,1580,129795,34.43636420927942,442,0.7258515149264901,0.1367470815459722,0.9989046334067183,0.1367470815459722,1269433.459575082,368,0.832579185520362,1.0,1.0,1.0,0.46433247080802165,1255468.207776961,1269433.459575082,0.02696181678597638,0.832579185520362,1330.2870715467348,1825.8080520356004,0.44287860693208825,nan,nan,nan,nan,nan,4574,509,0,18500,18500,0
42,on,18750,2820,0.6808790745168531,622576.9840867354,914372.3274628634,0.0,80577,1604,131809,34.172260623425245,442,0.7252377539585471,0.13416992904829067,0.9980464447488938,0.13416992904829067,1239194.7977498504,368,0.832579185520362,1.0,1.0,1.0,0.4582415747985773,1218206.4871824193,1239194.79774985,0.02825294584925956,0.832579185520362,1324.6390984676657,1825.8080520356004,0.43816771895857265,nan,nan,nan,nan,nan,4574,509,0,18750,18750,0
42,on,19000,2824,0.6822151932616988,623798.6940932267,914372.3274628634,0.0,81431,1636,133797,34.28979291766882,442,0.7283642508023631,0.13733141025573967,0.9996198478866911,0.13733141025573967,1286123.7180189153,368,0.832579185520362,1.0,1.0,1.0,0.4665319338915306,1275127.4697750662,1286123.718018915,0.026862577819331376,0.832579185520362,1327.9589626157397,1825.8080520356004,0.44481350021452326,nan,nan,nan,nan,nan,4574,509,0,19000,19000,0
42,on,19250,2676,0.690588879240516,631455.360831121,914372.3274628634,0.0,82305,1667,135679,33.629319524392486,442,0.7332163884144449,0.1328229652941939,0.9994843392740438,0.1328229652941939,1289170.367702501,368,0.832579185520362,1.0,1.0,1.0,0.45964290038358424,1282182.6844166152,1289170.367702501,0.024605920271621267,0.832579185520362,1348.7651222295829,1825.8080520356004,0.43908050222246753,nan,nan,nan,nan,nan,4574,509,0,19250,19250,0
42,on,19500,2800,0.6878226545100109,628926.0014860036,914372.3274628634,0.0,83137,1705,137425,33.73348753154278,442,0.7324551449636048,0.1315873168866196,0.9984226902527831,0.1315873168866196,1275517.9491451094,368,0.832579185520362,1.0,1.0,1.0,0.4591642664035751,1264679.141309343,1275517.949145109,0.02559108667399269,0.832579185520362,1341.8918631395902,1825.8080520356004,0.438822408322427,nan,nan,nan,nan,nan,4574,509,0,19500,19500,0
42,on,19750,2776,0.6841513453110385,625569.0579489034,914372.3274628634,0.0,83991,1735,139448,34.7854277677834,442,0.7283862790514666,0.1358464077655902,0.9993877693647377,0.1358464077655902,1292862.962602481,368,0.832579185520362,1.0,1.0,1.0,0.4652307217567797,1284019.9723044394,1292862.9626024808,0.026208601770744418,0.832579185520362,1332.7697339626873,1825.8080520356004,0.4437760324594364,nan,nan,nan,nan,nan,4574,509,0,19750,19750,0
42,on,20000,2786,0.6812102591587653,622879.8101585807,914372.3274628634,0.0,84849,1750,141341,35.26526684500277,442,0.7264531042384246,0.13867990318799195,0.9994663047861869,0.13867990318799195,1302255.5552811364,368,0.832579185520362,1.0,1.0,1.0,0.4690099240987782,1294085.9193196795,1302255.5552811364,0.02679660309429459,0.832579185520362,1325.4619954020277,1825.8080520356004,0.4468569218311953,163940763.867,3.244729395045052,42277608.79000002,0.8367619910836666,2526.2625,4574,509,0,20000,20000,0
43,off,250,462,0.9943669912466353,893584.334273085,898646.4174085271,0.0,16901,0,2728,36.870891170576215,436,0.9941686828500332,0.0002708103258530224,0.14353224966801437,0.0002708103258530224,1044956.1641751372,341,0.7821100917431193,1.0,1.0,1.0,0.2602972508794821,1062648.4194701386,1044956.1641751372,0.020259752920856237,0.7821100917431193,2126.3034973234885,1773.840438797636,0.27114265591326947,nan,nan,nan,nan,nan,0,0,0,0,0,0
43,off,500,733,0.97671609301861,877722.4178164275,898646.4174085271,0.0,16978,0,3027,13.094092747196555,436,0.97912542145755,0.004371605175333751,0.9537174367127346,0.004371605175333751,1026777.3864498695,341,0.7821100917431193,1.0,1.0,1.0,0.26508867735777564,1046078.3855710201,1026777.3864498695,0.015535370098308285,0.7821100917431193,2079.78761328637,1773.840438797636,0.27438457790391557,nan,nan,nan,nan,nan,0,0,0,0,0,0
43,off,750,1209,0.9498153428909583,853548.1550886114,898646.4174085271,0.0,17183,0,3517,14.149409975856543,436,0.9557215702214528,0.015807258195759982,0.9892830468150857,0.015807258195759982,1003037.404958166,341,0.7821100917431193,1.0,1.0,1.0,0.27469047742848307,1024081.328176246,1003037.4049581658,0.00938699369129425,0.7821100917431193,2008.895347222393,1773.840438797636,0.28147780036937964,nan,nan,nan,nan,nan,0,0,0,0,0,0
43,off,1000,1947,0.9153003012913183,822531.3366083887,898646.4174085271,0.0,17572,1,4453,16.365810563787818,436,0.9294833176415777,0.028076971949116916,0.9927902937716321,0.028076971949116916,973440.6176097131,341,0.7821100917431193,1.0,1.0,1.0,0.2872715442686129,993753.4729129919,973440.6176097129,0.003634983010084196,0.7821100917431193,1917.9369352569306,1773.840438797636,0.2907620559655728,nan,nan,nan,nan,nan,0,0,0,0,0,0
43,off,1250,2491,0.8801284825690251,790924.3077198577,898646.4174085271,0.0,18269,3,5632,19.14596486836672,436,0.9011566967877813,0.04524744354544112,0.9998924727594977,0.04524744354544112,972675.2388035513,341,0.7821100917431193,1.0,1.0,1.0,0.30540955533730463,996723.2688480947,972675.2388035514,0.0004630054420505867,0.7821100917431193,1825.2477009797133,1773.840438797636,0.30472504084686114,nan,nan,nan,nan,nan,0,0,0,0,0,0
43,off,1500,3068,0.8450609890528357,759411.0303040373,898646.4174085271,0.0,19098,12,7100,20.818629942834377,436,0.8688289412151328,0.06462206917662311,0.9999578866077131,0.06462206917662311,999971.5947840891,341,0.7821100917431193,1.0,1.0,1.0,0.3298976819332746,1031833.6018302821,999971.5947840891,0.0002865722997696961,0.7821100917431193,1732.833397707513,1773.840438797636,0.32373027392704823,nan,nan,nan,nan,nan,0,0,0,0,0,0
43,off,1750,3560,0.8191096910969952,736089.98936892,898646.4174085271,0.0,20085,20,8787,22.801365623250604,436,0.8450235909265013,0.07786704114253112,0.9987360217696449,0.07786704114253112,1024626.7709558395,341,0.7821100917431193,1.0,1.0,1.0,0.3486217676525998,1061116.26992513,1024626.7709558395,0.001990451703037979,0.7821100917431193,1664.443248337668,1773.840438797636,0.33830079469637386,nan,nan,nan,nan,nan,0,0,0,0,0,0
43,off,2000,3890,0.7966583800639352,715914.1991429362,898646.4174085271,0.0,21396,47,10625,24.444896606728435,436,0.8286666286130003,0.08918153283371619,0.9976329802275496,0.08918153283371619,1022620.1146458386,341,0.7821100917431193,1.0,1.0,1.0,0.3609644562955767,1054967.1600796815,1022620.1146458387,0.0047349886700260415,0.7821100917431193,1605.2767080855156,1773.840438797636,0.3479970080622483,nan,nan,nan,nan,nan,0,0,0,0,0,0
43,off,2250,4311,0.7622044789234161,684952.3243172611,898646.4174085271,0.0,22859,61,13032,26.18424692749977,436,0.8025305019057193,0.10024106901865927,0.9985277483740502,0.10024106901865927,1009606.1780708858,341,0.7821100917431193,1.0,1.0,1.0,0.3793182753169009,1029861.6570134825,1009606.1780708857,0.011354353446907049,0.7821100917431193,1514.4794212067027,1773.840438797636,0.3624698894767888,nan,nan,nan,nan,nan,0,0,0,0,0,0
43,off,2500,4371,0.7534891891291093,677120.3603669303,898646.4174085271,0.0,24318,88,16046,27.88083546794951,436,0.7917450910300562,0.1050461928246858,0.9989917474883435,0.1050461928246858,1019397.2322590181,341,0.7821100917431193,1.0,1.0,1.0,0.38813342398075035,1039669.5837062476,1019397.2322590181,0.013325130479842628,0.7821100917431193,1491.5117849887238,1773.840438797636,0.3693934622880013,nan,nan,nan,nan,nan,0,0,0,0,0,0
43,off,2750,4385,0.752942616721742,676629.1850311952,898646.4174085271,0.0,25768,115,18680,26.996235083788633,436,0.7924349164719767,0.10826657231882723,0.99890800655294,0.10826657231882723,1046302.9141387169,341,0.7821100917431193,1.0,1.0,1.0,0.39324908658270097,1073893.3148111135,1046302.9141387169,0.013115281770402136,0.7821100917431193,1490.0713881097354,1773.840438797636,0.37335186379441976,nan,nan,nan,nan,nan,0,0,0,0,0,0
43,off,3000,4794,0.7272946933700742,653580.7705972504,898646.4174085271,0.0,27422,136,21521,28.34995294548571,436,0.7731892681851508,0.11984559515126042,0.9994262621621991,0.11984559515126042,1063726.5340758292,341,0.7821100917431193,1.0,1.0,1.0,0.41373460933646333,1086817.2764661892,1063726.5340758292,0.019777843236538823,0.7821100917431193,1422.4807299456743,1773.840438797636,0.38955273198556206,nan,nan,nan,nan,nan,0,0,0,0,0,0
43,off,3250,4776,0.7182941864079181,645492.4972608483,898646.4174085271,0.0,29014,181,24724,29.436963591724634,436,0.763664638364489,0.12079206177863848,0.9992802237794098,0.12079206177863848,1057248.9761471604,341,0.7821100917431193,1.0,1.0,1.0,0.41907130561699435,1074780.7463564044,1057248.9761471606,0.022676352418548457,0.7821100917431193,1398.7614532993337,1773.840438797636,0.39388297126510374,nan,nan,nan,nan,nan,0,0,0,0,0,0
43,off,3500,4755,0.71849234714908,645670.5737009645,898646.4174085271,0.0,30597,236,28203,29.407230785116553,436,0.7634959096277811,0.12187364473013311,1.0,0.12187364473013311,1060874.5425393814,341,0.7821100917431193,1.0,1.0,1.0,0.41851241231751524,1079501.6660286242,1060874.5425393814,0.022535970930459365,0.7821100917431193,1399.2836715987949,1773.840438797636,0.39352763449748296,nan,nan,nan,nan,nan,0,0,0,0,0,0
43,off,3750,4839,0.7217194677679708,648570.6140836759,898646.4174085271,0.0,32072,288,31188,29.332274297252297,436,0.7651935522440098,0.11970654474062128,0.9996099917562882,0.11970654474062128,1054287.6882799866,341,0.7821100917431193,1.0,1.0,1.0,0.4143133631313829,1072452.1488111236,1054287.6882799866,0.021658682353688678,0.7821100917431193,1407.788188850148,1773.840438797636,0.39023619567480394,nan,nan,nan,nan,nan,0,0,0,0,0,0
43,off,4000,4890,0.7123517102822866,640152.3123800139,898646.4174085271,0.0,33588,335,34527,30.704711632803082,436,0.7585163826117085,0.12332381420842266,1.0,0.12332381420842266,1056051.0646946814,341,0.7821100917431193,1.0,1.0,1.0,0.4222199556490007,1070635.953191887,1056051.0646946812,0.02463737252560114,0.7821100917431193,1383.1010870798782,1773.840438797636,0.3965341719890989,nan,nan,nan,nan,nan,0,0,0,0,0,0
43,off,4250,4882,0.7106129906729327,638589.8182321901,898646.4174085271,0.0,34955,391,37940,30.89735361561179,436,0.757154935568458,0.12437244883870845,0.9993468542825181,0.12437244883870845,1059426.041773842,341,0.7821100917431193,1.0,1.0,1.0,0.4243367686331081,1074166.3762608133,1059426.0417738422,0.025138254116521076,0.7821100917431193,1378.5189928047353,1773.840438797636,0.39808255577465235,nan,nan,nan,nan,nan,0,0,0,0,0,0
43,off,4500,5029,0.7058390868241368,634299.7666414168,898646.4174085271,0.0,36340,455,41350,31.046983163803816,436,0.7510321123715599,0.12751749359988593,0.9994808844292554,0.12751749359988593,1064623.1152443835,341,0.7821100917431193,1.0,1.0,1.0,0.4286639299944459,1078609.4950394596,1064623.1152443835,0.02663307426329105,0.7821100917431193,1365.9381963508542,1773.840438797636,0.40156900422700903,nan,nan,nan,nan,nan,0,0,0,0,0,0
43,off,4750,5133,0.6973480606912535,626669.3364269792,898646.4174085271,0.0,37782,539,45094,31.61996146850288,436,0.747322877941466,0.12732183014055432,1.0,0.12732183014055432,1049255.718869589,341,0.7821100917431193,1.0,1.0,1.0,0.42992573582781546,1054874.1886157019,1049255.718869589,0.030069326507509778,0.7821100917431193,1343.5615681560228,1773.840438797636,0.40289022224523996,nan,nan,nan,nan,nan,0,0,0,0,0,0
43,off,5000,4994,0.6976727832755183,626961.1472139803,898646.4174085271,0.0,39323,608,48643,31.37387698329985,436,0.7491033493593549,0.1276628564159878,1.0,0.1276628564159878,1040905.0400827143,341,0.7821100917431193,1.0,1.0,1.0,0.4287730278881303,1044357.3738320125,1040905.0400827143,0.030190113198516458,0.7821100917431193,1344.4173182645302,1773.840438797636,0.40196232160435685,nan,nan,nan,nan,nan,0,0,0,0,0,0
43,off,5250,5030,0.6997136938772021,628795.2042144345,898646.4174085271,0.0,40786,675,51949,30.654187947511673,436,0.7510026807141983,0.12497365364578306,1.0,0.12497365364578306,1042732.719692219,341,0.7821100917431193,1.0,1.0,1.0,0.42589267166512945,1047694.421472619,1042732.7196922192,0.02938699571181315,0.7821100917431193,1349.7957845415222,1773.840438797636,0.39974396749216434,nan,nan,nan,nan,nan,0,0,0,0,0,0
43,off,5500,5197,0.6973352228012684,626657.7997031369,898646.4174085271,0.0,42183,730,55414,31.60601396672428,436,0.747446677223366,0.12743789910759176,1.0,0.12743789910759176,1057832.849541165,341,0.7821100917431193,1.0,1.0,1.0,0.4317385422585911,1065834.4985073337,1057832.849541165,0.02983020853525901,0.7821100917431193,1343.5277361212945,1773.840438797636,0.4041704694179675,nan,nan,nan,nan,nan,0,0,0,0,0,0
43,off,5750,5176,0.6888211499362933,619006.6586254719,898646.4174085271,0.0,43592,796,59442,33.07446759194136,436,0.741506369343543,0.12971777010596058,1.0,0.12971777010596058,1047630.877153001,341,0.7821100917431193,1.0,1.0,1.0,0.43568323062004155,1048473.150766387,1047630.877153001,0.03334369780936749,0.7821100917431193,1321.0903722571743,1773.840438797636,0.4075973627625127,nan,nan,nan,nan,nan,0,0,0,0,0,0
43,off,6000,5183,0.6920875766459651,621942.0212858459,898646.4174085271,0.0,45047,854,62913,31.876381792128086,436,0.7426614916363736,0.13152722615873907,0.9999959686745931,0.13152722615873907,1074592.0172107986,341,0.7821100917431193,1.0,1.0,1.0,0.4397620097414934,1084627.6861418115,1074592.0172107986,0.03128275654717832,0.7821100917431193,1329.6984739004995,1773.840438797636,0.41045770915905866,nan,nan,nan,nan,nan,0,0,0,0,0,0
43,off,6250,5136,0.6952039168834353,624742.5092756746,898646.4174085271,0.0,46438,890,66569,31.651514539495114,436,0.7445723382550565,0.13117016981892116,0.9994848558686067,0.13117016981892116,1072765.0863971615,341,0.7821100917431193,1.0,1.0,1.0,0.4365851872754447,1083866.6187183554,1072765.0863971615,0.030187884161530478,0.7821100917431193,1337.9110486507307,1773.840438797636,0.40797121247010804,nan,nan,nan,nan,nan,0,0,0,0,0,0
43,off,6500,5200,0.6888272325340736,619012.1247301757,898646.4174085271,0.0,47848,943,70276,33.88561908714473,436,0.7392444295677001,0.133296394859106,1.0,0.133296394859106,1072072.5944652648,341,0.7821100917431193,1.0,1.0,1.0,0.44029091611152915,1079727.3067426656,1072072.5944652648,0.03258120212957894,0.7821100917431193,1321.1064018897368,1773.840438797636,0.4111089665280936,nan,nan,nan,nan,nan,0,0,0,0,0,0
43,off,6750,5145,0.6897443309856307,619836.2719680783,898646.4174085271,0.0,49257,993,74200,32.75849984027445,436,0.7423892402553325,0.13099836671330625,0.9999231531404249,0.13099836671330625,1061256.7035409687,341,0.7821100917431193,1.0,1.0,1.0,0.4371228393145534,1066373.7451715763,1061256.7035409687,0.03256278911946333,0.7821100917431193,1323.5232559598328,1773.840438797636,0.40861304483723093,nan,nan,nan,nan,nan,0,0,0,0,0,0
43,off,7000,5109,0.6914969697510571,621411.2745156401,898646.4174085271,0.0,50722,1029,77839,32.11045357957482,436,0.7425658292352599,0.12994533095629768,0.9998060161527961,0.12994533095629768,1060030.6366574527,341,0.7821100917431193,1.0,1.0,1.0,0.4354551491632137,1065707.841725146,1060030.6366574527,0.031935134693681415,0.7821100917431193,1328.142031759134,1773.840438797636,0.40732089273927574,nan,nan,nan,nan,nan,0,0,0,0,0,0
43,off,7250,5002,0.7047207774243941,633294.8019057838,898646.4174085271,0.0,52168,1078,81351,31.158582136034966,436,0.7542935772338137,0.12504920172861567,1.0,0.12504920172861567,1052689.1052263912,341,0.7821100917431193,1.0,1.0,1.0,0.42539389752332735,1062825.0030296259,1052689.1052263912,0.027325624273912035,0.7821100917431193,1362.9910856891743,1773.840438797636,0.3990942364065033,nan,nan,nan,nan,nan,0,0,0,0,0,0
43,off,7500,5035,0.6981119787552033,627355.8286583412,898646.4174085271,0.0,53520,1145,85140,32.03753577545285,436,0.7487385286608471,0.12644330579014554,0.9996495359620574,0.12644330579014554,1049423.465788518,341,0.7821100917431193,1.0,1.0,1.0,0.42838741709677364,1055465.2693214891,1049423.4657885183,0.029783848516265907,0.7821100917431193,1345.5747418550318,1773.840438797636,0.4016879740714474,nan,nan,nan,nan,nan,0,0,0,0,0,0
43,off,7750,5181,0.6914285123812622,621349.7555455287,898646.4174085271,0.0,54850,1221,88674,31.969056062400345,436,0.7435682505483564,0.12786081908858044,0.9998430266089294,0.12786081908858044,1057143.693129417,341,0.7821100917431193,1.0,1.0,1.0,0.4353106350890612,1061981.5707494135,1057143.693129417,0.03204827497711947,0.7821100917431193,1327.9616242221505,1773.840438797636,0.4071821986598727,nan,nan,nan,nan,nan,0,0,0,0,0,0
43,off,8000,5038,0.6973263427785128,626649.8197025011,898646.4174085271,0.0,56177,1313,92549,32.41037450544536,436,0.7473303930461949,0.12892052653883418,1.0,0.12892052653883418,1063575.1654147515,341,0.7821100917431193,1.0,1.0,1.0,0.4329224250109376,1073172.191345402,1063575.1654147515,0.029672380268277156,0.7821100917431193,1343.5043343598993,1773.840438797636,0.4050952791204354,nan,nan,nan,nan,nan,0,0,0,0,0,0
43,off,8250,5181,0.6930743089279016,622828.7447159495,898646.4174085271,0.0,57441,1382,96152,32.637454180046916,436,0.7463689099279057,0.12814375303826891,1.0,0.12814375303826891,1052997.9935685757,341,0.7821100917431193,1.0,1.0,1.0,0.43240642984141786,1057519.5539414359,1052997.9935685755,0.03155155165049281,0.7821100917431193,1332.2988358656135,1773.840438797636,0.40498024879999917,nan,nan,nan,nan,nan,0,0,0,0,0,0
43,off,8500,5236,0.6810628308851849,612034.673005081,898646.4174085271,0.0,58724,1450,100009,33.237256310880184,436,0.7370647820221133,0.13076899065946346,0.9994119356170436,0.13076899065946346,1050653.870088092,341,0.7821100917431193,1.0,1.0,1.0,0.4398603988796337,1048213.3183998747,1050653.870088092,0.036318428857502597,0.7821100917431193,1300.6446666255292,1773.840438797636,0.41118424967617573,nan,nan,nan,nan,nan,0,0,0,0,0,0
43,off,8750,5269,0.6894353412269918,619558.5994284616,898646.4174085271,0.0,60043,1519,103840,33.44145821221173,436,0.7411543575620201,0.12822902161168426,0.9997631149056044,0.12822902161168426,1055428.8750699433,341,0.7821100917431193,1.0,1.0,1.0,0.4352701365753846,1058762.3882809633,1055428.875069943,0.03286111420980803,0.7821100917431193,1322.7089669873496,1773.840438797636,0.4073170847028824,nan,nan,nan,nan,nan,0,0,0,0,0,0
43,off,9000,5200,0.6927194614697796,622509.8623189817,898646.4174085271,0.0,61346,1588,107614,33.79125090315938,436,0.7433861161389272,0.13100922524722422,0.9997628103750715,0.13100922524722422,1069361.2678163948,341,0.7821100917431193,1.0,1.0,1.0,0.43747735912462793,1078261.3863957669,1069361.2678163948,0.03120049262127836,0.7821100917431193,1331.3636968715723,1773.840438797636,0.40869770366487046,nan,nan,nan,nan,nan,0,0,0,0,0,0
43,off,9250,5320,0.6819533409667338,612834.926699531,898646.4174085271,0.0,62588,1639,111383,33.92024795897305,436,0.733546256446063,0.1340495334385444,0.9998937140973767,0.1340495334385444,1073532.088367224,341,0.7821100917431193,1.0,1.0,1.0,0.4452119357656956,1077947.9624318297,1073532.0883672237,0.035192754228210006,0.7821100917431193,1302.9914516532422,1773.840438797636,0.41510941163308246,nan,nan,nan,nan,nan,0,0,0,0,0,0
43,off,9500,5444,0.6761088452157359,607582.7915313374,898646.4174085271,0.0,63928,1695,115391,34.44830360263586,436,0.7289223653737273,0.13579481391787385,0.9994525225418792,0.13579481391787385,1063887.9244104526,341,0.7821100917431193,1.0,1.0,1.0,0.44803055350569965,1062405.0044521012,1063887.9244104526,0.037873060077306724,0.7821100917431193,1287.5892957347858,1773.840438797636,0.4175287991906824,nan,nan,nan,nan,nan,0,0,0,0,0,0
43,off,9750,5360,0.6811263224334577,612091.7294574721,898646.4174085271,0.0,65289,1757,119207,33.848356703296304,436,0.7336410242874858,0.1342002288063048,0.9998451133451515,0.1342002288063048,1069218.6655400991,341,0.7821100917431193,1.0,1.0,1.0,0.4448554409866152,1071984.6213337253,1069218.6655400991,0.035662599800343385,0.7821100917431193,1300.8119876002836,1773.840438797636,0.4148329495526608,nan,nan,nan,nan,nan,0,0,0,0,0,0
43,off,10000,5306,0.6814893981290753,612418.0061305868,898646.4174085271,0.0,66690,1800,123121,33.73894167877734,436,0.7336009801585816,0.13671668640756796,1.0,0.13671668640756796,1073327.417417792,341,0.7821100917431193,1.0,1.0,1.0,0.44662894316592205,1077435.0766012694,1073327.4174177917,0.03538250543150293,0.7821100917431193,1301.7688106885964,1773.840438797636,0.4161532192058188,nan,nan,nan,nan,nan,0,0,0,0,0,0
43,off,10250,5365,0.682680949011168,613488.7890619396,898646.4174085271,0.0,68049,1865,126890,33.278129460290074,436,0.733437258440471,0.13528273723566975,1.0,0.13528273723566975,1076834.4120088993,341,0.7821100917431193,1.0,1.0,1.0,0.44693349235117963,1082562.9291287065,1076834.4120088993,0.03479965177476575,0.7821100917431193,1304.9089365869916,1773.840438797636,0.41638332909625264,nan,nan,nan,nan,nan,0,0,0,0,0,0
43,off,10500,5401,0.6787723527259724,609976.3430131521,898646.4174085271,0.0,69430,1930,130860,33.91416437551379,436,0.731859635707515,0.13672576279101215,0.9999618000142548,0.13672576279101215,1080622.3695682385,341,0.7821100917431193,1.0,1.0,1.0,0.4496661910047244,1085278.1632917814,1080622.3695682387,0.03621783999491381,0.7821100917431193,1294.6085082914274,1773.840438797636,0.41858898648834475,nan,nan,nan,nan,nan,0,0,0,0,0,0
43,off,10750,5314,0.6807339881208898,611739.1596330565,898646.4174085271,0.0,70854,2015,134425,33.47096365317702,436,0.7337729060892498,0.13495985596904558,0.9996294132944498,0.13495985596904558,1072417.668506596,341,0.7821100917431193,1.0,1.0,1.0,0.44520467427017807,1075861.4789391446,1072417.668506596,0.035711823855525744,0.7821100917431193,1299.7780584964255,1773.840438797636,0.4152063560863539,nan,nan,nan,nan,nan,0,0,0,0,0,0
43,off,11000,5248,0.6788233943957713,610022.2114268555,898646.4174085271,0.0,72256,2113,138233,34.20263918675482,436,0.7281396469610386,0.13663073897102507,1.0,0.13663073897102507,1078295.8827482539,341,0.7821100917431193,1.0,1.0,1.0,0.44941638271597784,1082331.622363452,1078295.8827482539,0.03627560976310914,0.7821100917431193,1294.7430197685633,1773.840438797636,0.4184381016695027,nan,nan,nan,nan,nan,0,0,0,0,0,0
43,off,11250,5308,0.6836929919870814,614398.2578565076,898646.4174085271,0.0,73528,2169,142074,33.32105061225593,436,0.7346569096220256,0.13389320361139886,0.9994251739806959,0.13389320361139886,1060326.1801991516,341,0.7821100917431193,1.0,1.0,1.0,0.4421261357969526,1061999.0967733874,1060326.1801991519,0.03494057984147589,0.7821100917431193,1307.5760005006803,1773.840438797636,0.412689690011782,nan,nan,nan,nan,nan,0,0,0,0,0,0
43,off,11500,5389,0.6813769286028498,612316.9357937768,898646.4174085271,0.0,74871,2217,146066,33.83087522722781,436,0.7346960060702602,0.13403686047568428,1.0,0.13403686047568428,1063354.7093784022,341,0.7821100917431193,1.0,1.0,1.0,0.44295676271747,1064623.0550467344,1063354.7093784022,0.035759202602146135,0.7821100917431193,1301.472416739007,1773.840438797636,0.41349308659086814,nan,nan,nan,nan,nan,0,0,0,0,0,0
43,off,11750,5288,0.6865376867468748,616954.6326110166,898646.4174085271,0.0,76311,2273,149937,33.56140390783548,436,0.7360099744893583,0.13261598673516337,1.0,0.13261598673516337,1061484.6633659666,341,0.7821100917431193,1.0,1.0,1.0,0.439693979282743,1064991.3232380394,1061484.6633659666,0.03378913087218072,0.7821100917431193,1315.0727006605316,1773.840438797636,0.41074960947953376,nan,nan,nan,nan,nan,0,0,0,0,0,0
43,off,12000,5330,0.6786926426903837,609904.7118752388,898646.4174085271,0.0,77661,2327,153594,33.79261366277933,436,0.7312802169235797,0.13410410773679637,1.0,0.13410410773679637,1061584.3400727645,341,0.7821100917431193,1.0,1.0,1.0,0.4446910407638658,1060892.405060117,1061584.3400727645,0.0368996835292243,0.7821100917431193,1294.398446303412,1773.840438797636,0.41498782268555057,nan,nan,nan,nan,nan,0,0,0,0,0,0
43,off,12250,5488,0.6752876190567956,606844.7995857236,898646.4174085271,0.0,78973,2379,157480,34.021487176418304,436,0.7266473378743782,0.1363037646071057,1.0,0.1363037646071057,1073807.812366575,341,0.7821100917431193,1.0,1.0,1.0,0.45089946530469893,1074628.886581022,1073807.8123665748,0.037857945520008644,0.7821100917431193,1285.4250964807864,1773.840438797636,0.41968654144294426,nan,nan,nan,nan,nan,0,0,0,0,0,0
43,off,12500,5431,0.6729172421916051,604714.6689079121,898646.4174085271,0.0,80291,2456,161807,34.32417444884777,436,0.7279510048647126,0.1384565424335195,0.9992587677216195,0.1384565424335195,1072967.627135244,341,0.7821100917431193,1.0,1.0,1.0,0.4526229932634074,1072216.5687330083,1072967.627135244,0.03886293445120885,0.7821100917431193,1279.1783789505473,1773.840438797636,0.4210710151074035,nan,nan,nan,nan,nan,0,0,0,0,0,0
43,off,12750,5409,0.6752080861231202,606773.3275998102,898646.4174085271,0.0,81562,2535,165608,33.809674916788936,436,0.7265453403412785,0.13733418590424423,1.0,0.13733418590424423,1067519.3736655386,341,0.7821100917431193,1.0,1.0,1.0,0.4506354484151962,1066543.9166519225,1067519.3736655388,0.03811364602384526,0.7821100917431193,1285.2155012141784,1773.840438797636,0.41943024048311495,nan,nan,nan,nan,nan,0,0,0,0,0,0
43,off,13000,5528,0.6721763959650522,604048.9101005697,898646.4174085271,0.0,82878,2618,169356,34.337052619084716,436,0.7223663073317009,0.1416087652267868,1.0,0.1416087652267868,1083755.4404448273,341,0.7821100917431193,1.0,1.0,1.0,0.4571808994437927,1085588.093449139,1083755.4404448275,0.038780409195898015,0.7821100917431193,1277.2260070815082,1773.840438797636,0.4244603151335884,nan,nan,nan,nan,nan,0,0,0,0,0,0
43,off,13250,5623,0.671422253085709,603371.2023038338,898646.4174085271,0.0,84203,2681,173339,34.97107404842973,436,0.7223728563406432,0.13909268712059314,0.9996666950459985,0.13909268712059314,1077965.725065545,341,0.7821100917431193,1.0,1.0,1.0,0.45570879294246214,1077754.4418269466,1077965.725065545,0.03930138136422545,0.7821100917431193,1275.2385941878547,1773.840438797636,0.42335813861696714,nan,nan,nan,nan,nan,0,0,0,0,0,0
43,off,13500,5576,0.6609221066238562,593935.283303625,898646.4174085271,0.0,85623,2749,177807,36.354953680187464,436,0.7140830938778275,0.14271471890128026,1.0,0.14271471890128026,1078794.2853891014,341,0.7821100917431193,1.0,1.0,1.0,0.4631377374369343,1072634.5531888262,1078794.2853891016,0.043751083588075355,0.7821100917431193,1247.5672774716995,1773.840438797636,0.4295878756468705,nan,nan,nan,nan,nan,0,0,0,0,0,0
43,off,13750,5527,0.6710092378400282,603000.0476329676,898646.4174085271,0.0,86962,2814,181665,34.96968977153301,436,0.7228661121083414,0.13858219615179102,0.9994660318337671,0.13858219615179102,1055407.232151405,341,0.7821100917431193,1.0,1.0,1.0,0.45001827410357365,1048674.5718856675,1055407.232151405,0.04031686309855847,0.7821100917431193,1274.150164068012,1773.840438797636,0.4191695280687888,nan,nan,nan,nan,nan,0,0,0,0,0,0
43,off,14000,5607,0.6685372750200363,600778.6271008148,898646.4174085271,0.0,88310,2860,185493,35.79786500707269,436,0.7216858304897745,0.14061061747959308,0.9998934954061764,0.14061061747959308,1075129.6376894119,341,0.7821100917431193,1.0,1.0,1.0,0.4568553259760315,1072463.6932365266,1075129.6376894119,0.0406159415728896,0.7821100917431193,1267.6357343549541,1773.840438797636,0.4244002135619238,nan,nan,nan,nan,nan,0,0,0,0,0,0
43,off,14250,5678,0.6621601210664776,595047.8205471867,898646.4174085271,0.0,89682,2933,189711,36.1820163000375,436,0.7151555025421042,0.14235039894535995,1.0,0.14235039894535995,1070419.9644665916,341,0.7821100917431193,1.0,1.0,1.0,0.4602208159750045,1062673.1268574966,1070419.9644665916,0.04354835638459345,0.7821100917431193,1250.8298500334638,1773.840438797636,0.42732403177779554,nan,nan,nan,nan,nan,0,0,0,0,0,0
43,off,14500,5587,0.6704863770864609,602530.1806899708,898646.4174085271,0.0,91072,3016,193567,35.66024351492524,436,0.7233150095498231,0.13765759839438535,1.0,0.13765759839438535,1057434.8872323115,341,0.7821100917431193,1.0,1.0,1.0,0.45071069026093435,1050966.6560491894,1057434.8872323115,0.04046178382609822,0.7821100917431193,1272.772255144268,1773.840438797636,0.41979073335317607,nan,nan,nan,nan,nan,0,0,0,0,0,0
43,off,14750,5617,0.6661268626372152,598612.5186485155,898646.4174085271,0.0,92462,3097,197548,35.511535638943315,436,0.7224004084173873,0.14004840635428956,0.9995514500502524,0.14004840635428956,1056377.6735490158,341,0.7821100917431193,1.0,1.0,1.0,0.4533820968322875,1047077.5216100251,1056377.6735490155,0.04238088379573389,0.7821100917431193,1261.2835101546632,1773.840438797636,0.42203977201461584,nan,nan,nan,nan,nan,0,0,0,0,0,0
43,off,15000,5472,0.6581634237556283,591456.2028273257,898646.4174085271,0.0,93795,3173,202048,35.808860735967755,436,0.7141097081540984,0.14558253335698937,0.9993229132312605,0.14558253335698937,1080639.3579223999,341,0.7821100917431193,1.0,1.0,1.0,0.46468559973164614,1073314.829463606,1080639.3579223999,0.04489142487025689,0.7821100917431193,1240.2972467494146,1773.840438797636,0.43104671106883585,nan,nan,nan,nan,nan,0,0,0,0,0,0
43,off,15250,5662,0.6702475085043881,602315.5222944596,898646.4174085271,0.0,94996,3252,205792,34.66280138492584,436,0.7214083509614679,0.1403331074469537,1.0,0.1403331074469537,1065996.4284651615,341,0.7821100917431193,1.0,1.0,1.0,0.45309323504580745,1061775.8370307316,1065996.4284651617,0.040237727234072526,0.7821100917431193,1272.1427583832383,1773.840438797636,0.4215723320260829,nan,nan,nan,nan,nan,0,0,0,0,0,0
43,off,15500,5553,0.6697587677212432,601876.3171406451,898646.4174085271,0.0,96308,3342,210223,35.94025022722781,436,0.7243201987320593,0.14026875138318104,0.9998428365070505,0.14026875138318104,1073618.8759589964,341,0.7821100917431193,1.0,1.0,1.0,0.45585702604136014,1071239.8855569467,1073618.8759589964,0.040157447041251716,0.7821100917431193,1270.8547667298233,1773.840438797636,0.4235963556065352,nan,nan,nan,nan,nan,0,0,0,0,0,0
43,off,15750,5579,0.6738037519742829,605511.3277481131,898646.4174085271,0.0,97650,3415,214234,34.82388726808131,436,0.7276497735467775,0.1373943630646774,0.9996721527662532,0.1373943630646774,1056240.2160005101,341,0.7821100917431193,1.0,1.0,1.0,0.44848370414960836,1051331.4484147658,1056240.2160005101,0.03910637198748645,0.7821100917431193,1281.5146218836885,1773.840438797636,0.4178751682826638,nan,nan,nan,nan,nan,0,0,0,0,0,0
43,off,16000,5545,0.6747494035760739,606361.1341721793,898646.4174085271,0.0,99028,3477,218319,34.62467706762254,436,0.7265747851882408,0.13643103273639257,0.9997535365983434,0.13643103273639257,1051667.9264208123,341,0.7821100917431193,1.0,1.0,1.0,0.44623717153524756,1046018.6700289128,1051667.9264208123,0.03887977352821741,0.7821100917431193,1284.0067228340288,1773.840438797636,0.4161997402439759,nan,nan,nan,nan,nan,0,0,0,0,0,0
43,off,16250,5735,0.6624232364813889,595284.2682721617,898646.4174085271,0.0,100395,3535,222281,36.19410455599427,436,0.7152679696506405,0.14456036160071034,0.9996902093032466,0.14456036160071034,1081295.7914637364,341,0.7821100917431193,1.0,1.0,1.0,0.46346336182673453,1076736.8084171994,1081295.7914637364,0.04299610724747192,0.7821100917431193,1251.5232451213678,1773.840438797636,0.4296116764165563,nan,nan,nan,nan,nan,0,0,0,0,0,0
43,off,16500,5492,0.6659160799061199,598423.0995023651,898646.4174085271,0.0,101791,3604,226577,37.36007744073868,436,0.7198546272804308,0.14026788204245236,1.0,0.14026788204245236,1063724.6848055557,341,0.7821100917431193,1.0,1.0,1.0,0.45488165217834653,1056347.213543081,1063724.6848055557,0.04217943958275013,0.7821100917431193,1260.728028787653,1773.840438797636,0.4232318538949469,nan,nan,nan,nan,nan,0,0,0,0,0,0
43,off,16750,5541,0.6711430329076085,603120.2820911156,898646.4174085271,0.0,103152,3657,230929,37.471597120165825,436,0.7263315262648208,0.13843889874755264,0.9997217273269259,0.13843889874755264,1057573.026405032,341,0.7821100917431193,1.0,1.0,1.0,0.45037794802901066,1051520.4918391646,1057573.0264050318,0.04017753797486446,0.7821100917431193,1274.5027577869214,1773.840438797636,0.4194724149310849,nan,nan,nan,nan,nan,0,0,0,0,0,0
43,off,17000,5500,0.6788413502988886,610038.3474348632,898646.4174085271,0.0,104489,3723,234984,36.438158459961414,436,0.7322164312796261,0.13634120496401653,1.0,0.13634120496401653,1071091.7962782055,341,0.7821100917431193,1.0,1.0,1.0,0.4490210502461598,1073130.4112911369,1071091.7962782055,0.036512383302255084,0.7821100917431193,1294.7903394401405,1773.840438797636,0.418028368352638,nan,nan,nan,nan,nan,0,0,0,0,0,0
43,off,17250,5473,0.6778754547678163,609170.3488762742,898646.4174085271,0.0,105813,3795,239074,35.891913551837206,436,0.730056829147051,0.13627551376900035,0.9994706895878788,0.13627551376900035,1070754.9466677913,341,0.7821100917431193,1.0,1.0,1.0,0.4489961129390303,1072166.9170337217,1070754.9466677916,0.03691304281363327,0.7821100917431193,1292.2448891216973,1773.840438797636,0.418131781818607,nan,nan,nan,nan,nan,0,0,0,0,0,0
43,off,17500,5491,0.6724202514740935,604268.0499801349,898646.4174085271,0.0,107098,3882,243117,35.39006573148072,436,0.7263098045113637,0.1354664770565699,0.9998725859549706,0.1354664770565699,1043305.3883393052,341,0.7821100917431193,1.0,1.0,1.0,0.4453609082154868,1034007.9516736638,1043305.3883393052,0.04017977595809721,0.7821100917431193,1277.8686460245146,1773.840438797636,0.41569734430912075,nan,nan,nan,nan,nan,0,0,0,0,0,0
43,off,17750,5610,0.6685043835548906,600749.0693034984,898646.4174085271,0.0,108376,3958,247094,35.28747399896383,436,0.7244494894436535,0.1358788630536155,1.0,0.1358788630536155,1034956.1754363674,341,0.7821100917431193,1.0,1.0,1.0,0.44526956624587166,1021079.0880541098,1034956.1754363675,0.042206964511919715,0.7821100917431193,1267.549054597428,1773.840438797636,0.415941591394819,nan,nan,nan,nan,nan,0,0,0,0,0,0
43,off,18000,5598,0.6708971706692721,602899.3388714585,898646.4174085271,0.0,109777,4068,251463,35.96336163021624,436,0.7224054373033371,0.1365500503010571,0.999914120980143,0.1365500503010571,1037352.1703961444,341,0.7821100917431193,1.0,1.0,1.0,0.44474766372458996,1025525.1782321059,1037352.1703961445,0.04106707707039605,0.7821100917431193,1273.8548304565488,1773.840438797636,0.41532248788971526,nan,nan,nan,nan,nan,0,0,0,0,0,0
43,off,18250,5697,0.6639259093939819,596634.6399016002,898646.4174085271,0.0,111161,4144,255392,36.98979612067342,436,0.7181002499682629,0.14335825003206049,1.0,0.14335825003206049,1071546.5865658058,341,0.7821100917431193,1.0,1.0,1.0,0.4594989714882791,1065169.4967618114,1071546.5865658058,0.04273189488181812,0.7821100917431193,1255.4832792252926,1773.840438797636,0.42662607778662354,nan,nan,nan,nan,nan,0,0,0,0,0,0
43,off,18500,5657,0.6654112745522583,597969.4579796288,898646.4174085271,0.0,112583,4215,259731,36.47388256341219,436,0.7199371709397471,0.139144342657252,0.9994680363976312,0.139144342657252,1052179.5423729953,341,0.7821100917431193,1.0,1.0,1.0,0.45259631393327693,1041287.8303500103,1052179.5423729953,0.042863658147057004,0.7821100917431193,1259.3977017415054,1773.840438797636,0.42150962478883724,nan,nan,nan,nan,nan,0,0,0,0,0,0
43,off,18750,5643,0.6758079529933385,607312.395813654,898646.4174085271,0.0,113860,4292,264007,36.07287994399667,436,0.725890862906696,0.13467500724817255,1.0,0.13467500724817255,1042591.4322641494,341,0.7821100917431193,1.0,1.0,1.0,0.443208217431744,1035007.3102506452,1042591.4322641494,0.03877282222440526,0.7821100917431193,1286.796346416066,1773.840438797636,0.41391052536468953,nan,nan,nan,nan,nan,0,0,0,0,0,0
43,off,19000,5475,0.6778752523184133,609170.1669458435,898646.4174085271,0.0,115235,4351,268318,36.26884549856186,436,0.7279230836258006,0.13419788402716323,1.0,0.13419788402716323,1046535.1735753663,341,0.7821100917431193,1.0,1.0,1.0,0.44276926924666626,1041199.5878548685,1046535.1735753665,0.03776739832538317,0.7821100917431193,1292.2443556013725,1773.840438797636,0.4134909391145569,nan,nan,nan,nan,nan,0,0,0,0,0,0
43,off,19250,5488,0.6720579300766744,603942.4511543938,898646.4174085271,0.0,116675,4419,272514,36.80704071186483,436,0.7249229827407023,0.13507567423748498,0.999829799959578,0.13507567423748498,1045935.0939713959,341,0.7821100917431193,1.0,1.0,1.0,0.44598704341050244,1037163.7017520068,1045935.093971396,0.04023322159347982,0.7821100917431193,1276.913810758412,1773.840438797636,0.41624418735964164,nan,nan,nan,nan,nan,0,0,0,0,0,0
43,off,19500,5628,0.6695772226456449,601713.1723088605,898646.4174085271,0.0,118001,4491,276734,35.7950357273221,436,0.7226820422292631,0.13903289257455367,1.0,0.13903289257455367,1066067.7251749034,341,0.7821100917431193,1.0,1.0,1.0,0.45157118417003117,1061480.1241833782,1066067.7251749036,0.04051886124392759,0.7821100917431193,1270.3763361380793,1773.840438797636,0.4204390390187014,nan,nan,nan,nan,nan,0,0,0,0,0,0
43,off,19750,5639,0.666699451425104,599127.0735114,898646.4174085271,0.0,119345,4555,280934,36.4640669003129,436,0.7205900396482151,0.13601257062084926,0.9993369908409492,0.13601257062084926,1049528.9732444643,341,0.7821100917431193,1.0,1.0,1.0,0.4486885542182104,1038657.3734378014,1049528.9732444643,0.0424066444248973,0.7821100917431193,1262.7924686968465,1773.840438797636,0.41857271965964027,nan,nan,nan,nan,nan,0,0,0,0,0,0
43,off,20000,5651,0.664917177901631,597525.439794689,898646.4174085271,0.0,120607,4648,285276,36.86403465643525,436,0.7209839102515225,0.1379316927156556,1.0,0.1379316927156556,1051555.8765843145,341,0.7821100917431193,1.0,1.0,1.0,0.45003075806931414,1040198.1355531404,1051555.8765843147,0.04310646797934531,0.7821100917431193,1258.0955956273122,1773.840438797636,0.41973567618369856,320210883.795,3.2092494179048385,95759774.92600003,0.9597331555310569,4988.875,0,0,0,0,0,0
43,on,250,417,0.9792763550245562,880023.1880956984,898646.4174085271,0.0,16879,0,2792,46.462792268022895,436,0.9806795081154801,0.0007872412394208276,0.1504872268166536,0.0007872412394208276,1014055.7656734592,337,0.7729357798165137,1.0,1.0,1.0,0.2577842262408916,1025960.3293927682,1014055.7656734592,0.02373396800226588,0.7729357798165137,2102.486848981984,1732.172929179492,0.2709403982123728,nan,nan,nan,nan,nan,1204,455,0,250,250,0
43,on,500,657,0.9576706060283058,860607.25916479,898646.4174085271,0.0,16959,0,3089,22.11099947616458,436,0.9639184990070476,0.007596367482514064,0.8670878032116969,0.007596367482514064,995839.9661160219,337,0.7729357798165137,1.0,1.0,1.0,0.2661167885746325,1011352.7225102296,995839.9661160216,0.017239190269662336,0.7729357798165137,2044.8858028171633,1732.1287233879395,0.2766352395523233,nan,nan,nan,nan,nan,1681,455,0,500,500,0
43,on,750,986,0.9201736114084965,826910.7192861115,898646.4174085271,0.0,17162,0,3584,23.4431141205132,436,0.9320413568177072,0.024148156594840695,0.9831079528210375,0.024148156594840695,999113.1932758061,337,0.7729357798165137,1.0,1.0,1.0,0.28566193979602783,1027510.2700295098,999113.1932758061,0.007950793655899128,0.7729357798165137,1944.8917933502187,1732.1432820917967,0.29117202237265216,nan,nan,nan,nan,nan,2297,455,0,750,750,0
43,on,1000,1469,0.8790394057794005,789945.6127645788,898646.4174085271,0.0,17540,1,4304,25.282227156683803,436,0.8997520568959702,0.04061257854492242,0.9989981380051837,0.04061257854492242,979774.9232721333,337,0.7729357798165137,1.0,1.0,1.0,0.3045071440932563,1010336.7891106332,979774.9232721333,0.0019011692797025893,0.7729357798165137,1835.1943405810357,1732.172929179492,0.3051158507947791,nan,nan,nan,nan,nan,2421,455,0,1000,1000,0
43,on,1250,1782,0.8325455273202659,748164.05545585,898646.4174085271,0.0,18196,5,5213,27.51004309952259,436,0.8623689939926936,0.058935188743655886,0.9977419624722992,0.058935188743655886,964056.0464764063,337,0.7729357798165137,1.0,1.0,1.0,0.3240738019804077,992310.3774936447,964056.0464764063,7.997430250343378e-05,0.7729357798165137,1711.2134583592886,1732.172929179492,0.31996684592420954,nan,nan,nan,nan,nan,2742,468,0,1250,1250,0
43,on,1500,2115,0.7985318875338043,717597.8199187221,898646.4174085271,0.0,18905,11,6066,28.15852498449385,436,0.8331664216218565,0.07923208337618246,0.9978458632522367,0.07923208337618246,1026408.0812798059,337,0.7729357798165137,1.0,1.0,1.0,0.3563127654565956,1070265.7912729848,1026408.0812798057,0.0021308283065318958,0.7729357798165137,1620.51895583571,1732.1508262837156,0.3447684680963543,nan,nan,nan,nan,nan,3175,468,0,1500,1500,0
43,on,1750,2254,0.7696098027073591,691607.0920054517,898646.4174085271,0.0,19710,17,7343,29.60974134504795,436,0.8075353010219056,0.09468597103348535,0.9991729734577465,0.09468597103348535,1033822.0599143147,337,0.7729357798165137,1.0,1.0,1.0,0.3788538979600755,1074595.1295076981,1033822.0599143147,0.006048702202657793,0.7729357798165137,1543.3943561180206,1732.1534746836223,0.3622698899421979,nan,nan,nan,nan,nan,3414,468,0,1750,1750,0
43,on,2000,2385,0.7527353419607293,676442.918309792,898646.4174085271,0.0,20615,30,8628,31.19259857200086,436,0.7968783407843196,0.10291243642653689,0.9985838662728376,0.10291243642653689,1016700.5313803051,337,0.7729357798165137,1.0,1.0,1.0,0.3849662099995679,1048133.5676624241,1016700.5313803053,0.009431697587725371,0.7729357798165137,1498.399081853892,1732.1457345962658,0.3670627988610964,nan,nan,nan,nan,nan,3623,468,0,2000,2000,0
43,on,2250,2563,0.7352565859008715,660735.6967958432,898646.4174085271,0.0,21587,45,10162,32.15369241498411,436,0.780874766195909,0.10753682059056721,0.9990700996117755,0.10753682059056721,1029659.6143125991,337,0.7729357798165137,1.0,1.0,1.0,0.3978818916329645,1059467.230842317,1029659.6143125991,0.013396119682283677,0.7729357798165137,1451.7928970487749,1732.1362675798584,0.37719211289047005,nan,nan,nan,nan,nan,3878,468,0,2250,2250,0
43,on,2500,2572,0.7157322046567415,643190.1815386874,898646.4174085271,0.0,22533,89,11974,32.63187089934945,436,0.7663962324477781,0.11623954751949779,0.9989817316781724,0.11623954751949779,1034920.4717293333,337,0.7729357798165137,1.0,1.0,1.0,0.4131605408912389,1059009.2637771945,1034920.4717293333,0.01874134428956023,0.7729357798165137,1399.7225604201765,1732.158370475635,0.38915755555870324,nan,nan,nan,nan,nan,4056,468,0,2500,2500,0
43,on,2750,2628,0.7131242879367212,640846.5865213415,898646.4174085271,0.0,23504,131,13428,31.44396453164518,436,0.765420932798147,0.11807626927606141,0.9994360941836522,0.11807626927606141,1041849.8702184779,337,0.7729357798165137,1.0,1.0,1.0,0.4162373711124976,1066954.7217069438,1041849.8702184779,0.019397162262177595,0.7729357798165137,1392.7813234364596,1732.1139446793381,0.39153501501358035,nan,nan,nan,nan,nan,4104,468,0,2750,2750,0
43,on,3000,2641,0.708320722343345,636529.879510067,898646.4174085271,0.0,24415,165,15164,31.43596513569355,436,0.7612809799069598,0.1223579593083719,0.9992526128195734,0.1223579593083719,1049909.957731794,337,0.7729357798165137,1.0,1.0,1.0,0.42122484818348815,1075316.1681803884,1049909.957731794,0.020737840660709897,0.7729357798165137,1379.9547760275884,1732.172929179492,0.39546844784860125,nan,nan,nan,nan,nan,4151,468,0,3000,3000,0
43,on,3250,2635,0.7039517904316215,632603.7544996949,898646.4174085271,0.0,25307,205,16954,31.559540167450905,436,0.7539495302551583,0.12006233197152617,0.9990417470185782,0.12006233197152617,1041537.0382863367,337,0.7729357798165137,1.0,1.0,1.0,0.42180997945132526,1062589.24979135,1041537.0382863368,0.022310331463585974,0.7729357798165137,1368.304553444882,1732.172929179492,0.39608750382536306,nan,nan,nan,nan,nan,4271,468,0,3250,3250,0
43,on,3500,2721,0.6973390789761331,626661.265040864,898646.4174085271,0.0,26225,243,18903,31.380893360823393,436,0.7509995399030217,0.12310544388750126,0.9995017418797156,0.12310544388750126,1061181.2148488504,337,0.7729357798165137,1.0,1.0,1.0,0.4309472330955084,1085019.8520871978,1061181.2148488504,0.02407109896364536,0.7729357798165137,1350.6710535670452,1732.172929179492,0.40316396488885187,nan,nan,nan,nan,nan,4323,468,0,3500,3500,0
43,on,3750,2775,0.6880868118064916,618346.7482959591,898646.4174085271,0.0,27210,270,20610,31.333047911524776,436,0.7440121651346653,0.12741687514854544,0.9997094309080473,0.12741687514854544,1053329.371684256,337,0.7729357798165137,1.0,1.0,1.0,0.4352771053119058,1070448.6947754016,1053329.3716842558,0.027488575268453885,0.7729357798165137,1325.9988970539748,1732.172929179492,0.40679324752978063,nan,nan,nan,nan,nan,4352,468,0,3750,3750,0
43,on,4000,2713,0.690525049813448,620537.8621456998,898646.4174085271,0.0,28142,305,22290,31.376401951536536,436,0.7454231161233867,0.12635596869097263,0.9987637775125113,0.12635596869097263,1053096.7926689098,337,0.7729357798165137,1.0,1.0,1.0,0.4333394392853518,1071337.4871756828,1053096.7926689098,0.026621451559655066,0.7729357798165137,1332.5007185665584,1732.172929179492,0.4051927787520664,nan,nan,nan,nan,nan,4384,468,0,4000,4000,0
43,on,4250,2807,0.6848410889117383,615429.9910446883,898646.4174085271,0.0,29064,354,24293,31.592328688129786,436,0.7405035783756694,0.12583200191757396,0.9990700996117755,0.12583200191757396,1048814.8353656803,337,0.7729357798165137,1.0,1.0,1.0,0.4372321513702555,1062994.4485081625,1048814.8353656803,0.02879597049027544,0.7729357798165137,1317.3438310264646,1732.172929179492,0.40837217322564445,nan,nan,nan,nan,nan,4435,468,0,4250,4250,0
43,on,4500,2779,0.6823714059467937,613210.6192961058,898646.4174085271,0.0,29954,408,26273,31.840952005237344,436,0.740225436866597,0.12787350709794895,0.9994713928027118,0.12787350709794895,1049689.8268468115,337,0.7729357798165137,1.0,1.0,1.0,0.4387196781710876,1062875.9904105628,1049689.8268468115,0.029692764695791466,0.7729357798165137,1310.7581581820061,1732.172929179492,0.4095836280205012,nan,nan,nan,nan,nan,4544,468,0,4500,4500,0
43,on,4750,2814,0.6791501667302966,610315.8642145849,898646.4174085271,0.0,30864,440,28152,32.12893574312329,436,0.7377355157357072,0.1304500370604815,0.9989696360377635,0.1304500370604815,1055066.2040987764,337,0.7729357798165137,1.0,1.0,1.0,0.442492415625122,1068171.1434083804,1055066.2040987764,0.03075802916102039,0.7729357798165137,1302.168380492033,1732.172929179492,0.41248492015995386,nan,nan,nan,nan,nan,4544,468,0,4750,4750,0
43,on,5000,2829,0.6785826892044694,609805.9025690404,898646.4174085271,0.0,31761,484,30075,32.99779460020363,436,0.7384735401665505,0.13427700958220123,0.998566360245414,0.13427700958220123,1069142.4897090448,337,0.7729357798165137,1.0,1.0,1.0,0.4475334953333918,1086086.5777444644,1069142.489709045,0.030567078558749298,0.7729357798165137,1300.6551411877474,1732.172929179492,0.4162061552821057,nan,nan,nan,nan,nan,4585,468,0,5000,5000,0
43,on,5250,2845,0.6797940238705178,610894.4641269676,898646.4174085271,0.0,32607,517,32228,34.11387534067035,436,0.7340557427249352,0.1323085159424591,0.9990235822853327,0.1323085159424591,1067811.8378877111,337,0.7729357798165137,1.0,1.0,1.0,0.4460591818890576,1084995.6484255798,1067811.8378877111,0.03014869082140813,0.7729357798165137,1303.8852941786283,1732.172929179492,0.4150698041676053,nan,nan,nan,nan,nan,4585,468,0,5250,5250,0
43,on,5500,2791,0.6890763143213703,619235.9611859715,898646.4174085271,0.0,33501,543,34116,33.34976669214666,436,0.7436420717586453,0.12493262920129103,0.9992568620894522,0.12493262920129103,1052036.5042710248,337,0.7729357798165137,1.0,1.0,1.0,0.4340844809380957,1069261.1487008517,1052036.5042710246,0.027165932967115534,0.7729357798165137,1328.6375109709254,1732.172929179492,0.40585480923525163,nan,nan,nan,nan,nan,4585,468,0,5500,5500,0
43,on,5750,2897,0.6842619731239975,614909.5707167702,898646.4174085271,0.0,34369,592,35995,33.62943743169308,436,0.7398929998986754,0.12728824226106897,0.9994518263754244,0.12728824226106897,1048006.8860196603,337,0.7729357798165137,1.0,1.0,1.0,0.43697921662902406,1061657.6884393306,1048006.8860196603,0.02903313117027797,0.7729357798165137,1315.7995570563817,1732.172929179492,0.40809473414775344,nan,nan,nan,nan,nan,4585,468,0,5750,5750,0
43,on,6000,2777,0.6831379319783134,613899.4551681814,898646.4174085271,0.0,35210,640,38008,32.618892055004835,436,0.7381130402230072,0.13094739872889005,0.9992526128195734,0.13094739872889005,1065243.911702247,337,0.7729357798165137,1.0,1.0,1.0,0.44297686096110556,1083389.6053756399,1065243.911702247,0.028976059443843218,0.7729357798165137,1312.802181541281,1732.172929179492,0.412619392339431,nan,nan,nan,nan,nan,4585,468,0,6000,6000,0
43,on,6250,2799,0.6836235169199222,614335.8243363057,898646.4174085271,0.0,35976,697,40025,32.628211572766304,436,0.7401859582262497,0.12745119806606175,0.9991888792180018,0.12745119806606175,1047199.74620583,337,0.7729357798165137,1.0,1.0,1.0,0.43703682704027735,1060290.8554020948,1047199.74620583,0.029293605012790342,0.7729357798165137,1314.09704554165,1732.172929179492,0.40823285063036296,nan,nan,nan,nan,nan,4585,468,0,6250,6250,0
43,on,6500,2834,0.6847613528259004,615358.3364968118,898646.4174085271,0.0,36789,734,41928,32.54010623879731,436,0.7395941938755892,0.1280530843774946,0.9995324994188667,0.1280530843774946,1047470.9250409125,337,0.7729357798165137,1.0,1.0,1.0,0.4366105126496391,1061215.6738714147,1047470.9250409125,0.028862480630645566,0.7729357798165137,1317.131206255318,1732.172929179492,0.40782664825337656,nan,nan,nan,nan,nan,4585,468,0,6500,6500,0
43,on,6750,2834,0.6768255935572098,608226.8948605865,898646.4174085271,0.0,37628,762,43933,32.45180154033005,436,0.7329702463699577,0.1302428959122973,0.9990949762398542,0.1302428959122973,1034666.8326147862,337,0.7729357798165137,1.0,1.0,1.0,0.4402554236808951,1040559.8837852686,1034666.8326147863,0.0322752358772344,0.7729357798165137,1295.9696583733437,1732.172929179492,0.4108581904629369,nan,nan,nan,nan,nan,4593,468,0,6750,6750,0
43,on,7000,2777,0.6782348828212975,609493.3476088512,898646.4174085271,0.0,38433,800,45988,32.42640754021704,436,0.7357489586723889,0.12906335495595245,0.9994948372379144,0.12906335495595245,1036154.9636868058,337,0.7729357798165137,1.0,1.0,1.0,0.4394776287477311,1043226.4090670538,1036154.9636868058,0.03167595147559065,0.7729357798165137,1299.7276783978677,1732.172929179492,0.4102158043704176,nan,nan,nan,nan,nan,4634,468,0,7000,7000,0
43,on,7250,2821,0.6770064030327348,608389.3786480005,898646.4174085271,0.0,39255,840,48146,32.55180946364999,436,0.7328600300604553,0.12920620527840915,0.9989170527577088,0.12920620527840915,1040038.5354586814,337,0.7729357798165137,1.0,1.0,1.0,0.439345362038688,1047605.0809378345,1040038.5354586815,0.03203759555997015,0.7729357798165137,1296.4518061104773,1732.172929179492,0.4103373113286255,nan,nan,nan,nan,nan,4685,468,0,7250,7250,0
43,on,7500,2904,0.6733696344150222,605121.2095587493,898646.4174085271,0.0,40030,893,50114,32.42263834737241,436,0.7286612725689058,0.13393166302994167,0.9990187498039526,0.13393166302994167,1065494.0216460575,337,0.7729357798165137,1.0,1.0,1.0,0.4494157076597267,1078598.2909986654,1065494.0216460575,0.032679732085222825,0.7729357798165137,1286.7539749851026,1732.172929179492,0.41792882188919545,nan,nan,nan,nan,nan,4714,468,0,7500,7500,0
43,on,7750,2830,0.672994342952799,604783.9552307385,898646.4174085271,0.0,40798,936,52316,33.34810018353164,436,0.7314464063149685,0.1296451228766744,0.9990520681858744,0.1296451228766744,1033146.5100889493,337,0.7729357798165137,1.0,1.0,1.0,0.4420079291937984,1036545.4405276182,1033146.5100889491,0.033854540512386795,0.7729357798165137,1285.753220302578,1732.172929179492,0.41240651236667625,nan,nan,nan,nan,nan,4715,468,0,7750,7750,0
43,on,8000,2877,0.6722848027334173,604146.3294545838,898646.4174085271,0.0,41570,980,54164,33.3144793715328,436,0.7282627519663728,0.13380760515202067,0.9995017418797156,0.13380760515202067,1057455.1620224097,337,0.7729357798165137,1.0,1.0,1.0,0.44814769584705627,1067610.8150968698,1057455.1620224097,0.03335726569158655,0.7729357798165137,1283.8611556849082,1732.172929179492,0.41694535475668704,nan,nan,nan,nan,nan,4715,468,0,8000,8000,0
43,on,8250,2878,0.6676507482647857,599981.953008272,898646.4174085271,0.0,42386,1014,56367,33.32076504081488,436,0.7254010209708431,0.13715219448038618,0.9995260340929372,0.13715219448038618,1058515.2795111681,337,0.7729357798165137,1.0,1.0,1.0,0.4538040594574617,1066431.8726664123,1058515.2795111681,0.03518624416014499,0.7729357798165137,1271.5039555474846,1732.172929179492,0.4212753151892432,nan,nan,nan,nan,nan,4715,468,0,8250,8250,0
43,on,8500,2817,0.6700226442388855,602113.4488278625,898646.4174085271,0.0,43197,1054,58457,34.18265858851373,436,0.7266701517099466,0.13490370757965464,0.9992446146388861,0.13490370757965464,1056392.377725192,337,0.7729357798165137,1.0,1.0,1.0,0.45026331059557,1064999.4356294796,1056392.377725192,0.034295454878558854,0.7729357798165137,1277.8288689587325,1732.172929179492,0.418691704097798,nan,nan,nan,nan,nan,4715,468,0,8500,8500,0
43,on,8750,2913,0.6653341658008302,597900.164476407,898646.4174085271,0.0,44019,1091,60491,35.18297480046749,436,0.7246456355969308,0.1363470714946068,0.9996980637313444,0.1363470714946068,1056394.4219711628,337,0.7729357798165137,1.0,1.0,1.0,0.4547096433299189,1062386.9761951745,1056394.4219711628,0.036208790906921584,0.7729357798165137,1265.326541506342,1732.172929179492,0.4220654432592519,nan,nan,nan,nan,nan,4715,468,0,8750,8750,0
43,on,9000,2856,0.6714620837499335,603406.9959875422,898646.4174085271,0.0,44787,1135,62586,34.91832094825804,436,0.7301036254133924,0.13782940861184284,0.9995260340929372,0.13782940861184284,1077720.800151825,337,0.7729357798165137,1.0,1.0,1.0,0.45505890682174677,1093382.115372436,1077720.800151825,0.03305113053913243,0.7729357798165137,1281.6672878301854,1732.172929179492,0.422220963955801,nan,nan,nan,nan,nan,4715,468,0,9000,9000,0
43,on,9250,2897,0.6726998189235492,604519.2822670124,898646.4174085271,0.0,45518,1177,64613,33.52818755619228,436,0.7314093741078677,0.135850437986751,0.9992526128195734,0.135850437986751,1061888.5852576147,337,0.7729357798165137,1.0,1.0,1.0,0.4505419334725149,1073571.6717585668,1061888.5852576147,0.033054199025058566,0.7729357798165137,1284.967840588257,1732.172929179492,0.4186827431019322,nan,nan,nan,nan,nan,4715,468,0,9250,9250,0
43,on,9500,2822,0.6819063230480159,612792.6742153212,898646.4174085271,0.0,46251,1221,66823,33.08053514920175,436,0.7379803280550712,0.13217477258426485,0.9997798783734387,0.13217477258426485,1059760.3977942928,337,0.7729357798165137,1.0,1.0,1.0,0.4430708658049698,1075667.2853651203,1059760.3977942928,0.029583964926694042,0.7729357798165137,1309.517965063951,1732.172929179492,0.4127358770127125,nan,nan,nan,nan,nan,4715,468,0,9500,9500,0
43,on,9750,2813,0.6854221344289456,615952.1455170779,898646.4174085271,0.0,46980,1263,68826,33.14448108896613,436,0.7402897208133894,0.12830709597926293,0.9999015259648273,0.12830709597926293,1035673.3346944336,337,0.7729357798165137,1.0,1.0,1.0,0.4352901653696595,1046283.7316991979,1035673.3346944338,0.028943924982466413,0.7729357798165137,1318.8932508258401,1732.172929179492,0.40668461652117593,nan,nan,nan,nan,nan,4715,468,0,9750,9750,0
43,on,10000,2833,0.6792212841073854,610379.7735907212,898646.4174085271,0.0,47733,1299,70834,32.76848456822336,436,0.7327808453600232,0.13176432367305677,0.9996339801981425,0.13176432367305677,1049116.1967989353,337,0.7729357798165137,1.0,1.0,1.0,0.4421469153837796,1060510.2357388618,1049116.1967989353,0.030905193833826342,0.7729357798165137,1302.3580225577196,1732.172929179492,0.4121260008891847,nan,nan,nan,nan,nan,4715,468,0,10000,10000,0
43,on,10250,2886,0.6719501294454561,603845.5765033552,898646.4174085271,0.0,48543,1331,73059,33.29455048404634,436,0.7313195367435884,0.1347856070956973,0.9995017418797156,0.1347856070956973,1062993.6452586614,337,0.7729357798165137,1.0,1.0,1.0,0.4508931027729357,1074594.456384097,1062993.6452586614,0.033315711685043665,0.7729357798165137,1282.9687136931318,1732.172929179492,0.4190566216829519,nan,nan,nan,nan,nan,4716,468,0,10250,10250,0
43,on,10500,2870,0.6810974283666832,612065.7639078808,898646.4174085271,0.0,49328,1364,74992,32.74750500358641,436,0.7382348137848987,0.13229401622051828,0.9997607470159817,0.13229401622051828,1059605.5680384215,337,0.7729357798165137,1.0,1.0,1.0,0.444458026291384,1075051.9004956526,1059605.5680384215,0.02989106382838007,0.7729357798165137,1307.3609611843056,1732.172929179492,0.41378310137091123,nan,nan,nan,nan,nan,4719,468,0,10500,10500,0
43,on,10750,2929,0.6677508410056879,600071.9009912924,898646.4174085271,0.0,50086,1412,77118,33.48495124839246,436,0.7246746822476781,0.13813895422537284,0.9995017418797156,0.13813895422537284,1064284.5657112845,337,0.7729357798165137,1.0,1.0,1.0,0.4551255928798086,1073951.8154238476,1064284.5657112845,0.03495496566558182,0.7729357798165137,1271.7708635089693,1732.172929179492,0.4222030112417676,nan,nan,nan,nan,nan,4719,468,0,10750,10750,0
43,on,11000,2848,0.6666762803461463,599106.2509043072,898646.4174085271,0.0,50865,1464,79247,33.62989838421345,436,0.7236367416694087,0.1381635076385071,0.9988594307178229,0.1381635076385071,1065363.3715670595,337,0.7729357798165137,1.0,1.0,1.0,0.45475667383448837,1074746.5671476114,1065363.3715670598,0.03535558408569066,0.7729357798165137,1268.9054329837907,1732.172929179492,0.4221090404332253,nan,nan,nan,nan,nan,4719,468,0,11000,11000,0
43,on,11250,2952,0.6713874115478956,603339.8920807007,898646.4174085271,0.0,51655,1504,81145,33.551904832944274,436,0.7291323825981562,0.1364834982241277,0.9996439599056942,0.1364834982241277,1080726.2110554683,337,0.7729357798165137,1.0,1.0,1.0,0.4540092346853626,1097229.6747330788,1080726.211055468,0.03298836013662764,0.7729357798165137,1281.468166444899,1732.172929179492,0.421277616219784,nan,nan,nan,nan,nan,4719,468,0,11250,11250,0
43,on,11500,2900,0.6696176560919854,601749.5076805579,898646.4174085271,0.0,52453,1549,83354,35.18698473088443,436,0.7279617758733715,0.13324692357811577,0.9991290310960071,0.13324692357811577,1050907.4207303834,337,0.7729357798165137,1.0,1.0,1.0,0.44791009782461244,1057680.0805116736,1050907.4207303836,0.03463853320205417,0.7729357798165137,1276.7489249014484,1732.172929179492,0.4169613660846583,nan,nan,nan,nan,nan,4732,468,0,11500,11500,0
43,on,11750,2863,0.6725606951350667,604394.2591729163,898646.4174085271,0.0,53270,1593,85561,35.533251555636525,436,0.7303167345148732,0.13075707470897277,1.0,0.13075707470897277,1052249.1869243237,337,0.7729357798165137,1.0,1.0,1.0,0.44502496069434305,1061025.1466432647,1052249.1869243237,0.03341236744786766,0.7729357798165137,1284.5968521784764,1732.172929179492,0.4146316849546212,nan,nan,nan,nan,nan,4737,468,0,11750,11750,0
43,on,12000,2970,0.6700631681346784,602149.8654816363,898646.4174085271,0.0,53996,1631,87611,34.95851043984294,436,0.7287333798391732,0.13315475472672225,0.999479164773768,0.13315475472672225,1051203.7379770968,337,0.7729357798165137,1.0,1.0,1.0,0.44633108178427405,1058308.8304212517,1051203.737977097,0.034448341669698006,0.7729357798165137,1277.936930245895,1732.172929179492,0.41574601581561565,nan,nan,nan,nan,nan,4751,468,0,12000,12000,0
43,on,12250,2960,0.6683223984455353,600585.5290369545,898646.4174085271,0.0,54761,1664,89819,33.29690891504288,436,0.7268802908318066,0.13354843239085043,0.9988037064328048,0.13354843239085043,1043263.6958692457,337,0.7729357798165137,1.0,1.0,1.0,0.4475075714718624,1047073.813069941,1043263.6958692457,0.035423575522143425,0.7729357798165137,1273.2949823388276,1732.172929179492,0.41668125175996207,nan,nan,nan,nan,nan,4751,468,0,12250,12250,0
43,on,12500,2952,0.6683425487594905,600603.6370444,898646.4174085271,0.0,55516,1705,92031,34.21542602777481,436,0.7272023745190107,0.1330399654174094,0.9997508709398578,0.1330399654174094,1032761.5741002158,337,0.7729357798165137,1.0,1.0,1.0,0.44520333567780424,1033497.6949894197,1032761.5741002158,0.03577541699181036,0.7729357798165137,1273.348715298606,1732.172929179492,0.41489284707397767,nan,nan,nan,nan,nan,4751,468,0,12500,12500,0
43,on,12750,2875,0.6775876553108932,608911.718925378,898646.4174085271,0.0,56293,1753,94145,33.9196343999356,436,0.7337281608808818,0.13197904570432442,0.9994363799248752,0.13197904570432442,1048924.3584345542,337,0.7729357798165137,1.0,1.0,1.0,0.4426771713384443,1059407.4316978455,1048924.3584345544,0.03154059440730288,0.7729357798165137,1298.0017772599656,1732.172929179492,0.4126323480538301,nan,nan,nan,nan,nan,4751,468,0,12750,12750,0
43,on,13000,2882,0.6689969030755681,601191.670206259,898646.4174085271,0.0,57053,1799,96302,33.92829145304859,436,0.7265695836000683,0.1384735667416512,1.0,0.1384735667416512,1073024.607330565,337,0.7729357798165137,1.0,1.0,1.0,0.4560757046523791,1085951.62706498,1073024.607330565,0.034171619227686,0.7729357798165137,1275.0936208234102,1732.172929179492,0.4228782978265566,nan,nan,nan,nan,nan,4751,468,0,13000,13000,0
43,on,13250,2939,0.6712371716690185,603204.879551796,898646.4174085271,0.0,57820,1837,98488,34.30697635188699,436,0.7288311534643163,0.1362409450590585,1.0,0.1362409450590585,1067140.655689901,337,0.7729357798165137,1.0,1.0,1.0,0.45184931941593254,1079571.0738559382,1067140.6556899012,0.033467747988830496,0.7729357798165137,1281.0675357953305,1732.172929179492,0.4197728185479488,nan,nan,nan,nan,nan,4751,468,0,13250,13250,0
43,on,13500,2898,0.6791061532228432,610276.3116337943,898646.4174085271,0.0,58643,1884,100761,34.389374351128936,436,0.7346107868279029,0.13204255788977132,0.9992395727532339,0.13204255788977132,1052977.314806866,337,0.7729357798165137,1.0,1.0,1.0,0.441777770633909,1065445.6819652666,1052977.314806866,0.03083587271052973,0.7729357798165137,1302.051013783456,1732.172929179492,0.4118417859510488,nan,nan,nan,nan,nan,4751,468,0,13500,13500,0
43,on,13750,2771,0.6923978071970337,622220.8088591344,898646.4174085271,0.0,59460,1933,102787,33.742151226848364,436,0.7466538264417005,0.12803621255697148,0.9993468542825181,0.12803621255697148,1067092.5229931376,337,0.7729357798165137,1.0,1.0,1.0,0.4361541103069617,1090345.4667909024,1067092.5229931376,0.025619847803432804,0.7729357798165137,1337.4946257280853,1732.172929179492,0.407117782319258,nan,nan,nan,nan,nan,4751,468,0,13750,13750,0
43,on,14000,2880,0.6859909439589922,616463.304163442,898646.4174085271,0.0,60297,1972,104506,33.337254259735346,436,0.7411061572232518,0.13269630804090565,0.9994727105142567,0.13269630804090565,1091310.9178114193,337,0.7729357798165137,1.0,1.0,1.0,0.4461157501373405,1118550.0388117502,1091310.9178114196,0.02726704140365267,0.7729357798165137,1320.410042061342,1732.172929179492,0.4148713554754846,nan,nan,nan,nan,nan,4751,468,0,14000,14000,0
43,on,14250,2916,0.6724361033855636,604282.2952435866,898646.4174085271,0.0,61145,2008,106712,34.10049218311906,436,0.7314510987366685,0.13877750723459348,0.9997509990030898,0.13877750723459348,1095349.1713713498,337,0.7729357798165137,1.0,1.0,1.0,0.4582140552388605,1116718.9962490955,1095349.1713713498,0.03214532203198046,0.7729357798165137,1284.2646149994564,1732.172929179492,0.4244738140814992,nan,nan,nan,nan,nan,4751,468,0,14250,14250,0
43,on,14500,2794,0.6773856061368249,608730.1481589612,898646.4174085271,0.0,61946,2049,108904,34.34759206138551,436,0.7371551910510826,0.1323490961279717,1.0,0.1323490961279717,1071294.4603030884,337,0.7729357798165137,1.0,1.0,1.0,0.44590019072800713,1088242.867870168,1071294.4603030887,0.03095867710197258,0.7729357798165137,1297.4629916029419,1732.172929179492,0.41521131346638596,nan,nan,nan,nan,nan,4751,468,0,14500,14500,0
43,on,14750,2828,0.6838263825133238,614518.1287750315,898646.4174085271,0.0,62756,2090,110833,33.77329005300999,436,0.7399471176841668,0.13196725171748022,0.999110143815172,0.13196725171748022,1079022.1012210571,337,0.7729357798165137,1.0,1.0,1.0,0.44356986104509377,1101564.2581958196,1079022.1012210574,0.028356157803813183,0.7729357798165137,1314.6380082678388,1732.172929179492,0.4131385409704964,nan,nan,nan,nan,nan,4751,468,0,14750,14750,0
43,on,15000,2939,0.67696979024309,608356.4766957549,898646.4174085271,0.0,63575,2126,112977,33.54840585589409,436,0.7327161378595781,0.13597375771523096,0.9994738430751485,0.13597375771523096,1098375.1320093358,337,0.7729357798165137,1.0,1.0,1.0,0.45388804343098954,1123059.813718385,1098375.1320093358,0.030349619927118224,0.7729357798165137,1296.3541742047037,1732.172929179492,0.42098264971025756,nan,nan,nan,nan,nan,4751,468,0,15000,15000,0
43,on,15250,2829,0.6846291437722533,615239.5273044028,898646.4174085271,0.0,64394,2176,114960,33.44411369226873,436,0.7426052959043175,0.12937987436210666,0.9997509990030898,0.12937987436210666,1064526.4581941953,337,0.7729357798165137,1.0,1.0,1.0,0.4405087972367594,1083215.1086490033,1064526.4581941953,0.02844832266027016,0.7729357798165137,1316.778656722947,1732.172929179492,0.41074013188531433,nan,nan,nan,nan,nan,4751,468,0,15250,15250,0
43,on,15500,2944,0.6780743287478248,609349.0662659246,898646.4174085271,0.0,65214,2222,116975,33.60132443532348,436,0.7367714629755107,0.13290443818388173,0.9995017418797156,0.13290443818388173,1065237.8069097574,337,0.7729357798165137,1.0,1.0,1.0,0.4458253893049733,1080768.755738693,1065237.8069097574,0.03087218117849599,0.7729357798165137,1299.2995438491241,1732.172929179492,0.4149749629088815,nan,nan,nan,nan,nan,4751,468,0,15500,15500,0
43,on,15750,2846,0.6768615514474979,608259.2082898715,898646.4174085271,0.0,66030,2257,119125,34.01822571642697,436,0.7329861394560867,0.13535002201625115,0.9987486763470587,0.13535002201625115,1068141.2108364366,337,0.7729357798165137,1.0,1.0,1.0,0.4471191600062294,1083886.9735270815,1068141.2108364366,0.03125002206003886,0.7729357798165137,1296.0655439201832,1732.172929179492,0.4159801908483065,nan,nan,nan,nan,nan,4751,468,0,15750,15750,0
43,on,16000,2883,0.6789264442442494,610114.8168040048,898646.4174085271,0.0,66846,2287,121154,33.45728361234069,436,0.7359039748119787,0.13439664933919715,1.0,0.13439664933919715,1066053.4330142157,337,0.7729357798165137,1.0,1.0,1.0,0.4467937483570268,1082269.4952729067,1066053.4330142157,0.030525548145716112,0.7729357798165137,1301.5718006386799,1732.172929179492,0.4156380541033837,nan,nan,nan,nan,nan,4751,468,0,16000,16000,0
43,on,16250,2906,0.6785847596150323,609807.7631360753,898646.4174085271,0.0,67629,2321,123009,34.667357459664345,436,0.7349927510695057,0.13807557305914403,0.9997508709398578,0.13807557305914403,1084286.4662917843,337,0.7729357798165137,1.0,1.0,1.0,0.4521838737560122,1105680.460215772,1084286.4662917843,0.030139384050732018,0.7729357798165137,1300.660662158177,1732.172929179492,0.41961629238128917,nan,nan,nan,nan,nan,4751,468,0,16250,16250,0
43,on,16500,2868,0.6806545162851388,611667.742552574,898646.4174085271,0.0,68486,2368,125168,34.56242698803544,436,0.7367343120249255,0.1345049166669798,0.9994363799248752,0.1345049166669798,1052545.1499417578,337,0.7729357798165137,1.0,1.0,1.0,0.44377134566702225,1065689.1853880528,1052545.1499417578,0.030259126722625287,0.7729357798165137,1306.179888913366,1732.172929179492,0.4131459505082753,nan,nan,nan,nan,nan,4751,468,0,16500,16500,0
43,on,16750,2814,0.6828429015889785,613634.327165779,898646.4174085271,0.0,69352,2411,127203,34.86478221230209,436,0.7373575707242097,0.1356460204152603,0.9995260340929372,0.1356460204152603,1080389.1820622669,337,0.7729357798165137,1.0,1.0,1.0,0.4484133906394383,1102834.107952801,1080389.1820622669,0.028677156361315983,0.7729357798165137,1312.0154515638258,1732.172929179492,0.41663420454966626,nan,nan,nan,nan,nan,4751,468,0,16750,16750,0
43,on,17000,2868,0.6710449265711501,603032.1191833322,898646.4174085271,0.0,70137,2455,129370,35.76329586468637,436,0.7278479581527292,0.1380305564475055,0.9992964654275893,0.1380305564475055,1064659.9558469984,337,0.7729357798165137,1.0,1.0,1.0,0.4530057899277231,1076256.5430136267,1064659.9558469984,0.03362201609546988,0.7729357798165137,1280.554893752411,1732.172929179492,0.42064671968230893,nan,nan,nan,nan,nan,4751,468,0,17000,17000,0
43,on,17250,2862,0.6815298208382423,612454.3318533618,898646.4174085271,0.0,70911,2498,131273,35.07380463182926,436,0.7365037140568867,0.13255773753809524,0.9993855913871584,0.13255773753809524,1062795.0984370112,337,0.7729357798165137,1.0,1.0,1.0,0.443959104393836,1079400.5525393803,1062795.0984370112,0.029639804844311807,0.7729357798165137,1308.513981794042,1732.172929179492,0.413400373572524,nan,nan,nan,nan,nan,4751,468,0,17250,17250,0
43,on,17500,2834,0.6866108594589235,617020.3890065514,898646.4174085271,0.0,71679,2539,133489,35.22358782030642,436,0.7424724346642744,0.12931643177320276,0.9995445587270757,0.12931643177320276,1041148.7152962581,337,0.7729357798165137,1.0,1.0,1.0,0.43460470782673144,1053960.2515663542,1041148.715296258,0.028351737464675338,0.7729357798165137,1322.0631128124085,1732.172929179492,0.40616633579114425,nan,nan,nan,nan,nan,4751,468,0,17500,17500,0
43,on,17750,2872,0.6783797806504895,609623.5595239449,898646.4174085271,0.0,72514,2578,135776,34.827843675389886,436,0.7354317696028735,0.13353266647963608,0.9986742994141633,0.13353266647963608,1065437.854158257,337,0.7729357798165137,1.0,1.0,1.0,0.4462398994917369,1081187.5383784375,1065437.8541582567,0.03075033387213439,0.7729357798165137,1300.1140639025966,1732.172929179492,0.41533080531069677,nan,nan,nan,nan,nan,4751,468,0,17750,17750,0
43,on,18000,2791,0.6834123298279519,614146.0418127036,898646.4174085271,0.0,73265,2610,137894,34.41434120386839,436,0.7376882857684015,0.13294264036667283,0.9992526128195734,0.13294264036667283,1067560.6529420987,337,0.7729357798165137,1.0,1.0,1.0,0.4440543842661304,1086526.163802568,1067560.6529420987,0.02881237129628282,0.7729357798165137,1313.5338926526226,1732.172929179492,0.4133765731469381,nan,nan,nan,nan,nan,4751,468,0,18000,18000,0
43,on,18250,2886,0.6791092533090373,610279.0975151462,898646.4174085271,0.0,74022,2645,139839,34.13725548796356,436,0.7362475071755002,0.13288920575733107,0.9995260340929372,0.13288920575733107,1070643.416929004,337,0.7729357798165137,1.0,1.0,1.0,0.4461775996814543,1088303.143947118,1070643.416929004,0.03032590109241061,0.7729357798165137,1302.059280493699,1732.172929179492,0.41530364579305035,nan,nan,nan,nan,nan,4751,468,0,18250,18250,0
43,on,18500,2938,0.6759046306819585,607399.2748721757,898646.4174085271,0.0,74806,2691,142110,34.57035002857447,436,0.7341912236810311,0.13373758613802966,0.9995260340929372,0.13373758613802966,1049026.4718561675,337,0.7729357798165137,1.0,1.0,1.0,0.44559555668357675,1058650.0797599144,1049026.4718561675,0.03219289168739729,0.7729357798165137,1293.5138127104035,1732.172929179492,0.4148500691189443,nan,nan,nan,nan,nan,4751,468,0,18500,18500,0
43,on,18750,2864,0.6767981376111014,608202.2216729796,898646.4174085271,0.0,75627,2720,144360,34.20410659909248,436,0.7323929290959297,0.133334822985534,1.0,0.133334822985534,1056359.7506643452,337,0.7729357798165137,1.0,1.0,1.0,0.44554893558037967,1068610.994440101,1056359.7506643452,0.0316230593004244,0.7729357798165137,1295.8964441667952,1732.172929179492,0.4148614411856668,nan,nan,nan,nan,nan,4751,468,0,18750,18750,0
43,on,19000,2869,0.6842323740127263,614882.9715814679,898646.4174085271,0.0,76367,2757,146474,34.130792159587145,436,0.7405730769972553,0.13329210127291385,0.9995260340929372,0.13329210127291385,1061059.0915233546,337,0.7729357798165137,1.0,1.0,1.0,0.44181607431345915,1078529.2954792944,1061059.0915233544,0.028686864277243235,0.7729357798165137,1315.7206278715082,1732.172929179492,0.41173065055511415,nan,nan,nan,nan,nan,4751,468,0,19000,19000,0
43,on,19250,2952,0.6806632473316632,611675.5886762533,898646.4174085271,0.0,77134,2792,148552,34.47542800754309,436,0.7364112054726475,0.1344589205747513,0.9992368848628124,0.1344589205747513,1059229.811965392,337,0.7729357798165137,1.0,1.0,1.0,0.4453937028285151,1074342.09481546,1059229.811965392,0.030064878689509786,0.7729357798165137,1306.2031711794764,1732.172929179492,0.4144371307663246,nan,nan,nan,nan,nan,4751,468,0,19250,19250,0
43,on,19500,2848,0.6815969805319895,612514.6846715419,898646.4174085271,0.0,77913,2835,150639,34.029666904360056,436,0.7367225216276868,0.13471636637093728,0.9991584821862535,0.13471636637093728,1053472.3595429882,337,0.7729357798165137,1.0,1.0,1.0,0.4438111402985294,1067373.5347449062,1053472.3595429882,0.02987682828682279,0.7729357798165137,1308.693070275288,1732.172929179492,0.41320345797405733,nan,nan,nan,nan,nan,4751,468,0,19500,19500,0
43,on,19750,2905,0.6808645226515722,611856.4640214023,898646.4174085271,0.0,78665,2868,152815,35.00005810149014,436,0.7369684860277076,0.13324264867721278,0.9993777117183578,0.13324264867721278,1040614.5716980422,337,0.7729357798165137,1.0,1.0,1.0,0.4416912916373905,1050362.0432663392,1040614.5716980422,0.03052562999000508,0.7729357798165137,1306.7398932719066,1732.172929179492,0.4115810817529779,nan,nan,nan,nan,nan,4751,468,0,19750,19750,0
43,on,20000,2850,0.6772418268959718,608600.9414592709,898646.4174085271,0.0,79442,2901,155110,36.24731353111565,436,0.7341001482621359,0.13624993602904056,0.9995019980061796,0.13624993602904056,1049179.405089119,337,0.7729357798165137,1.0,1.0,1.0,0.4460179393923298,1059555.3825529155,1049179.405089119,0.03166702256753614,0.7729357798165137,1297.0795889332378,1732.172929179492,0.41515684326430846,165408740.182,3.054103900183717,44931530.27500001,0.829614938745742,2707.975,4751,468,0,20000,20000,0
44,off,250,475,0.9935285022497593,912994.1904173035,918941.1157806818,0.0,17005,0,2621,36.967040510848165,442,0.9931155928672022,0.0003420211638586839,0.1441066899600869,0.0003420211638586839,989571.8390328396,341,0.7714932126696833,1.0,1.0,1.0,0.27091633991904907,1056938.600432,989571.8390328399,2.437793065891223e-05,0.7714932126696833,2068.270756628898,2056.5728951173187,0.26336654067744725,nan,nan,nan,nan,nan,0,0,0,0,0,0
44,off,500,746,0.9787070770249593,899374.1733837659,918941.1157806818,0.0,17060,0,2857,12.902996320277452,442,0.9800967414085129,0.004256601683833235,0.6644632210024153,0.004256601683833235,984889.6811577934,341,0.7714932126696833,1.0,1.0,1.0,0.27604973113828346,1050718.634652286,984889.6811577938,0.00014278474371812622,0.7714932126696833,2028.3293577035674,2056.5728951173187,0.2673478982649058,nan,nan,nan,nan,nan,0,0,0,0,0,0
44,off,750,1273,0.9508673578048037,873791.1107405751,918941.1157806818,0.0,17252,0,3381,14.186566535383463,442,0.954618821053031,0.017377890969753625,0.9974128236552559,0.017377890969753625,1016176.0876357231,341,0.7714932126696833,1.0,1.0,1.0,0.29326373382993554,1089017.1469603616,1016176.0876357234,0.0018500645906673505,0.7714932126696833,1953.3057135886395,2056.5728951173187,0.2807835403420289,nan,nan,nan,nan,nan,0,0,0,0,0,0
44,off,1000,1799,0.921586073415178,846883.334592081,918941.1157806818,0.0,17668,0,4274,16.081379495561123,442,0.9268281318844263,0.02813067420650243,0.9988296620654808,0.02813067420650243,1026962.5080000623,341,0.7714932126696833,1.0,1.0,1.0,0.3077822556318037,1097851.5208891782,1026962.5080000628,0.005697142974657134,0.7714932126696833,1874.397279135577,2056.5728951173187,0.29244715506656704,nan,nan,nan,nan,nan,0,0,0,0,0,0
44,off,1250,2410,0.8889468935926426,816889.850267794,918941.1157806818,0.0,18280,7,5493,18.390541300177574,442,0.8967267338133214,0.046116143162298145,0.9950434479115098,0.046116143162298145,1042111.5144184971,341,0.7714932126696833,1.0,1.0,1.0,0.32629979582734436,1108396.583287281,1042111.5144184974,0.01234447025181129,0.7714932126696833,1786.439847099545,2056.5728951173187,0.3071616827237067,nan,nan,nan,nan,nan,0,0,0,0,0,0
44,off,1500,2786,0.8731740318503382,802395.5190992664,918941.1157806818,0.0,19144,27,6708,19.1692433655262,442,0.8808598386738588,0.06109462407856719,0.9979226222724769,0.06109462407856719,1100979.6013687819,341,0.7714932126696833,1.0,1.0,1.0,0.34535857123646485,1179040.34991663,1100979.6013687826,0.015650803198994485,0.7714932126696833,1743.9344771038632,2056.5728951173187,0.3218457307930942,nan,nan,nan,nan,nan,0,0,0,0,0,0
44,off,1750,3195,0.8416710998940323,773446.1796569758,918941.1157806818,0.0,20222,54,8191,21.149429375305772,442,0.8564269706907947,0.07798514723834352,0.9982129917049698,0.07798514723834352,1138024.1206497187,341,0.7714932126696833,1.0,1.0,1.0,0.36913258278202177,1213280.2396898298,1138024.120649719,0.024480932591814986,0.7714932126696833,1659.0390535194329,2056.5728951173187,0.34064893340820723,nan,nan,nan,nan,nan,0,0,0,0,0,0
44,off,2000,3477,0.826737705223813,759723.2692963311,918941.1157806818,0.0,21441,72,9896,23.177729476243258,442,0.8420917074387444,0.08434938456924256,0.9981199659999355,0.08434938456924256,1147656.9979780214,341,0.7714932126696833,1.0,1.0,1.0,0.37954215558239257,1218084.8800035147,1147656.9979780219,0.029439128399849444,0.7714932126696833,1618.7959146319117,2056.5728951173187,0.3490654852623507,nan,nan,nan,nan,nan,0,0,0,0,0,0
44,off,2250,3813,0.8019057762200105,736904.1887505902,918941.1157806818,0.0,22892,90,11765,23.783214442431927,442,0.8247662504309908,0.094724293990832,0.9992616149188677,0.094724293990832,1139842.6968205166,341,0.7714932126696833,1.0,1.0,1.0,0.3918600011623201,1193544.5068567349,1139842.6968205173,0.03939530604471554,0.7714932126696833,1551.8777898643432,2056.5728951173187,0.35937592275171104,nan,nan,nan,nan,nan,0,0,0,0,0,0
44,off,2500,4203,0.7761895383596598,713272.4804375181,918941.1157806818,0.0,24428,134,14040,25.45173575170338,442,0.8023454816247598,0.10796803228588779,0.9989716543765691,0.10796803228588779,1181455.5217419504,341,0.7714932126696833,1.0,1.0,1.0,0.41669212621053475,1230400.6030875226,1181455.5217419511,0.04916228131239355,0.7714932126696833,1482.576592465305,2056.5728951173187,0.3787113458534417,nan,nan,nan,nan,nan,0,0,0,0,0,0
44,off,2750,4027,0.7790987367073761,715945.8624131958,918941.1157806818,0.0,26098,160,16377,26.33639415539801,442,0.8050996713404123,0.10750070888453453,0.9990736392443864,0.10750070888453453,1184527.3803462153,341,0.7714932126696833,1.0,1.0,1.0,0.4160513749641148,1236424.8400017577,1184527.3803462163,0.04770446877712609,0.7714932126696833,1490.4164223060022,2056.5728951173187,0.37829952364092057,nan,nan,nan,nan,nan,0,0,0,0,0,0
44,off,3000,4208,0.7684502477094285,706160.5280520435,918941.1157806818,0.0,27617,182,18614,25.74206517264247,442,0.7967062986652934,0.10914800540253153,0.9991446252844453,0.10914800540253153,1181913.4525780953,341,0.7714932126696833,1.0,1.0,1.0,0.4210560120250586,1225423.6967486758,1181913.452578096,0.052779354426118266,0.7714932126696833,1461.720427112007,2056.5728951173187,0.38279790074162046,nan,nan,nan,nan,nan,0,0,0,0,0,0
44,off,3250,4494,0.7519158319250256,690966.3735623427,918941.1157806818,0.0,29145,203,21111,26.93511670269072,442,0.7829069622237056,0.12135235269129034,0.9995629640335447,0.12135235269129034,1215280.5531082302,341,0.7714932126696833,1.0,1.0,1.0,0.43818213459209243,1256106.8022608696,1215280.5531082307,0.059308051720339545,0.7714932126696833,1417.1627893122975,2056.5728951173187,0.39607218132885325,nan,nan,nan,nan,nan,0,0,0,0,0,0
44,off,3500,4522,0.7408631862778974,680809.6430390421,918941.1157806818,0.0,30692,227,23976,27.97101330384612,442,0.7723540412738601,0.1251043291813771,0.999500886537018,0.1251043291813771,1218928.5812169195,341,0.7714932126696833,1.0,1.0,1.0,0.44526685259141563,1251928.8257638197,1218928.58121692,0.06476772448678293,0.7714932126696833,1387.3776558128827,2056.5728951173187,0.4020258871579936,nan,nan,nan,nan,nan,0,0,0,0,0,0
44,off,3750,4553,0.7394098044739444,679474.0707424623,918941.1157806818,0.0,32199,248,26778,27.789600474759936,442,0.7724491464635005,0.12448608626765784,0.9995022125426588,0.12448608626765784,1215881.2299869987,341,0.7714932126696833,1.0,1.0,1.0,0.44544417143279413,1246777.5519403159,1215881.2299869994,0.06569231443739973,0.7714932126696833,1383.461021512062,2056.5728951173187,0.4024206173110707,nan,nan,nan,nan,nan,0,0,0,0,0,0
44,off,4000,4578,0.7379707333077113,678151.6490792762,918941.1157806818,0.0,33702,275,29437,28.10972509160638,442,0.7720749092359028,0.12191574828025518,0.9993185924029953,0.12191574828025518,1177848.7096368587,341,0.7714932126696833,1.0,1.0,1.0,0.43935649702290225,1196283.8542813612,1177848.7096368591,0.06859716030939758,0.7714932126696833,1379.5829521185547,2056.5728951173187,0.3978682570537686,nan,nan,nan,nan,nan,0,0,0,0,0,0
44,off,4250,4722,0.7319220505859853,672593.2658299699,918941.1157806818,0.0,35198,317,32182,29.377035895362496,442,0.7661763927309959,0.12825994344753905,0.9992691732387504,0.12825994344753905,1201424.0554893834,342,0.7737556561085973,1.0,1.0,1.0,0.44813740207252506,1220188.3151353232,1201424.0554893839,0.06926300575011554,0.7737556561085973,1365.718165892928,2055.1765309458856,0.40511507551510784,nan,nan,nan,nan,nan,0,0,0,0,0,0
44,off,4500,4703,0.727390633078729,668429.1599697837,918941.1157806818,0.0,36567,380,35144,29.90123093314469,442,0.7623747594331763,0.1293085165155653,0.9997665273372419,0.1293085165155653,1204991.4512728262,343,0.7760180995475113,1.0,1.0,1.0,0.4502352095507396,1218035.3232949986,1204991.4512728269,0.07122033299233473,0.7760180995475113,1354.8977390920818,2057.5680349616146,0.40778326836954126,nan,nan,nan,nan,nan,0,0,0,0,0,0
44,off,4750,4746,0.7217604179907866,663255.3238347848,918941.1157806818,0.0,37986,432,38288,29.773229932412505,442,0.7575987840091177,0.12937430642327272,1.0,0.12937430642327272,1198166.1509855157,343,0.7760180995475113,1.0,1.0,1.0,0.45099569839933085,1204441.0502103597,1198166.1509855164,0.07473420444691796,0.7760180995475113,1339.813668727653,2057.5680349616146,0.4091760874726853,nan,nan,nan,nan,nan,0,0,0,0,0,0
44,off,5000,4793,0.7244993417504404,665772.2334905192,918941.1157806818,0.0,39306,477,41387,30.02640037238598,442,0.758339928245871,0.12898292792353247,1.0,0.12898292792353247,1188860.6664930189,343,0.7760180995475113,1.0,1.0,1.0,0.4481114917440394,1194797.0152727247,1188860.6664930196,0.07378699433271228,0.7760180995475113,1347.1515977531183,2057.5680349616146,0.4065932426314993,nan,nan,nan,nan,nan,0,0,0,0,0,0
44,off,5250,4807,0.718866672563174,660596.1421827492,918941.1157806818,0.0,40714,526,44327,30.007790211588144,442,0.7543883472171469,0.1318116759140472,1.0,0.1318116759140472,1209410.180222661,343,0.7760180995475113,1.0,1.0,1.0,0.4557285723152238,1216424.2631828922,1209410.1802226617,0.07564748061903372,0.7760180995475113,1332.060952540961,2057.5680349616146,0.4126501517140926,nan,nan,nan,nan,nan,0,0,0,0,0,0
44,off,5500,4808,0.720409340728213,662013.7633876095,918941.1157806818,0.0,42135,559,47192,28.877093823626637,442,0.7553843029926826,0.13014623524922214,0.999774606237187,0.13014623524922214,1199966.748229289,343,0.7760180995475113,1.0,1.0,1.0,0.4528013532155468,1205594.5807411924,1199966.7482292897,0.07537661430707542,0.7760180995475113,1336.1939589691244,2057.5680349616146,0.4104653490002772,nan,nan,nan,nan,nan,0,0,0,0,0,0
44,off,5750,4813,0.716757081810895,658657.5525030093,918941.1157806818,0.0,43504,599,50237,29.150597255676985,442,0.7535003143497563,0.13319277832782017,0.999728932442611,0.13319277832782017,1197739.317439899,343,0.7760180995475113,1.0,1.0,1.0,0.455672083581828,1199540.8262992697,1197739.3174398998,0.07757933770510603,0.7760180995475113,1326.4090875854508,2057.5680349616146,0.412730373165044,nan,nan,nan,nan,nan,0,0,0,0,0,0
44,off,6000,4966,0.7080657066266304,650670.6904935127,918941.1157806818,0.0,44874,660,53619,29.92677154392004,442,0.7456555287773058,0.13427389362600597,1.0,0.13427389362600597,1205341.144266811,343,0.7760180995475113,1.0,1.0,1.0,0.46345542617432534,1201588.6200720842,1205341.144266812,0.08207844331539782,0.7760180995475113,1303.1237756044106,2057.5680349616146,0.41908407802108116,nan,nan,nan,nan,nan,0,0,0,0,0,0
44,off,6250,4886,0.7106929338610241,653084.9576196958,918941.1157806818,0.0,46248,693,56848,29.710056575015187,442,0.7483064886494284,0.1338898324191834,0.9996876177526763,0.1338898324191834,1201515.7082071195,343,0.7760180995475113,1.0,1.0,1.0,0.4594620283577455,1199026.7710187933,1201515.7082071202,0.08081053730398116,0.7760180995475113,1310.1624552725832,2057.5680349616146,0.4160583402315319,nan,nan,nan,nan,nan,0,0,0,0,0,0
44,off,6500,4986,0.7136118366929268,655767.2574448999,918941.1157806818,0.0,47582,733,59674,28.947774467989802,442,0.7523999949382627,0.13060641521093314,0.9994558893047901,0.13060641521093314,1177963.0866393568,343,0.7760180995475113,1.0,1.0,1.0,0.4526141290529526,1171280.7231431452,1177963.0866393577,0.08071046097487015,0.7760180995475113,1317.9825713810499,2057.5680349616146,0.4109819983627503,nan,nan,nan,nan,nan,0,0,0,0,0,0
44,off,6750,4985,0.7034821968294949,646458.7148863412,918941.1157806818,0.0,49058,765,63073,30.425203716382384,442,0.7436162531337063,0.13564819828488692,0.998186421505658,0.13564819828488692,1182100.0804626718,343,0.7760180995475113,1.0,1.0,1.0,0.46136679352791976,1167455.588031292,1182100.0804626725,0.08643879932516224,0.7760180995475113,1290.8439633386051,2057.5680349616146,0.41807316760487656,nan,nan,nan,nan,nan,0,0,0,0,0,0
44,off,7000,4955,0.6969135818283758,640422.5444880791,918941.1157806818,0.0,50501,802,66562,30.34562856890261,442,0.7371230799518915,0.1364025086870953,0.9984439906531438,0.1364025086870953,1186916.355519428,343,0.7760180995475113,1.0,1.0,1.0,0.4652374504296306,1167548.2701093508,1186916.3555194286,0.09008525598862192,0.7760180995475113,1273.2457989121847,2057.5680349616146,0.4218471474291954,nan,nan,nan,nan,nan,0,0,0,0,0,0
44,off,7250,4925,0.7007127892593008,643913.7924037357,918941.1157806818,0.0,51863,844,69715,29.481762131676078,442,0.7377171416043911,0.13627852449485992,0.9993310669032149,0.13627852449485992,1202253.9496030381,344,0.7782805429864253,1.0,1.0,1.0,0.464750137142093,1188772.5458001138,1202253.9496030388,0.08577106589860813,0.7782805429864253,1285.4218859761802,2058.455751305405,0.4216350379330609,nan,nan,nan,nan,nan,0,0,0,0,0,0
44,off,7500,5034,0.7030275420495046,646040.9139155219,918941.1157806818,0.0,53220,907,73074,30.71667329221964,442,0.7402730513662498,0.13842597581546687,0.9986400083775954,0.13842597581546687,1224199.2381919753,344,0.7782805429864253,1.0,1.0,1.0,0.4696543189409008,1219080.8721636368,1224199.2381919757,0.08289133619937422,0.7782805429864253,1291.6053787430005,2058.455751305405,0.424721568843629,nan,nan,nan,nan,nan,0,0,0,0,0,0
44,off,7750,4983,0.7040929202314764,647019.9337307916,918941.1157806818,0.0,54595,950,76616,31.466729104518894,442,0.7425121319963817,0.1368120324230589,0.9987243611511473,0.1368120324230589,1209134.3476925837,344,0.7782805429864253,1.0,1.0,1.0,0.46562046502538057,1200690.225607037,1209134.3476925844,0.08330232509625761,0.7782805429864253,1294.451366578087,2058.455751305405,0.421703856422345,nan,nan,nan,nan,nan,0,0,0,0,0,0
44,off,8000,4971,0.7040659731211631,646995.1709231732,918941.1157806818,0.0,55952,1003,79821,29.979640435427427,442,0.7423939717303848,0.13861497473525305,0.9995803195292403,0.13861497473525305,1226166.142851616,344,0.7782805429864253,1.0,1.0,1.0,0.4699462020732086,1222549.7130821375,1226166.1428516165,0.08216071246246781,0.7782805429864253,1294.3793816722198,2058.455751305405,0.424612210930025,nan,nan,nan,nan,nan,0,0,0,0,0,0
44,off,8250,4934,0.7078297855517638,650453.8929177385,918941.1157806818,0.0,57285,1047,82965,30.22866760380566,442,0.7444142066102035,0.13866727800045114,0.9995331036614846,0.13866727800045114,1233545.7059802995,344,0.7782805429864253,1.0,1.0,1.0,0.46768243045794344,1235415.831769409,1233545.7059803004,0.07953397811612031,0.7782805429864253,1304.4338060750258,2058.455751305405,0.42266064740538134,nan,nan,nan,nan,nan,0,0,0,0,0,0
44,off,8500,4884,0.705452412103171,648269.2267082613,918941.1157806818,0.0,58546,1085,86749,31.86402085982263,442,0.7427201583565889,0.137148287155941,0.999209808460172,0.137148287155941,1209832.2366092307,344,0.7782805429864253,1.0,1.0,1.0,0.4656513463735559,1202814.376823576,1209832.2366092314,0.08246466150597169,0.7782805429864253,1298.0830322102665,2058.455751305405,0.42153785023306023,nan,nan,nan,nan,nan,0,0,0,0,0,0
44,off,8750,4827,0.7178456873182626,659657.9168625947,918941.1157806818,0.0,59853,1124,89954,30.082390123978257,442,0.7551737273537229,0.1303884923675617,0.9989371895797651,0.1303884923675617,1191366.3269002677,344,0.7782805429864253,1.0,1.0,1.0,0.45223437259108823,1190007.6790368038,1191366.3269002682,0.07660926602386856,0.7782805429864253,1331.1896896356543,2058.455751305405,0.4107740320362856,nan,nan,nan,nan,nan,0,0,0,0,0,0
44,off,9000,4834,0.7129034280634265,655116.2716284782,918941.1157806818,0.0,61235,1158,93290,30.10753057524562,442,0.753710392300299,0.13255349191449514,0.9991507407058969,0.13255349191449514,1195391.758920083,344,0.7782805429864253,1.0,1.0,1.0,0.4554250614486668,1190883.477366504,1195391.7589200838,0.0791485422110367,0.7782805429864253,1317.9872325597341,2058.455751305405,0.4136217834137552,nan,nan,nan,nan,nan,0,0,0,0,0,0
44,off,9250,4970,0.705969513949271,648744.4128556887,918941.1157806818,0.0,62628,1187,96234,29.78503809683025,442,0.7461042265280444,0.13649659038376463,0.998872438126264,0.13649659038376463,1209777.5690478561,344,0.7782805429864253,1.0,1.0,1.0,0.4647835981706905,1203209.476012835,1209777.5690478568,0.08216902250576917,0.7782805429864253,1299.4643872899971,2058.455751305405,0.42091175476675136,nan,nan,nan,nan,nan,0,0,0,0,0,0
44,off,9500,4950,0.7046707516139745,647550.9267461575,918941.1157806818,0.0,64017,1233,99453,30.422544883564115,442,0.7435305517705361,0.13914697247185567,1.0,0.13914697247185567,1225853.292856929,344,0.7782805429864253,1.0,1.0,1.0,0.46891535745524027,1222694.5476206993,1225853.2928569298,0.08183451688761846,0.7782805429864253,1295.994950925081,2058.455751305405,0.42390247712128004,nan,nan,nan,nan,nan,0,0,0,0,0,0
44,off,9750,4919,0.7111004166927428,653459.4103477369,918941.1157806818,0.0,65323,1281,102819,30.825369065627456,442,0.7494561081733276,0.13379461100647036,0.9998231257000102,0.13379461100647036,1201964.3637986216,344,0.7782805429864253,1.0,1.0,1.0,0.4592442253040705,1197741.87083802,1201964.3637986225,0.07974310109345513,0.7782805429864253,1313.170775348277,2058.455751305405,0.41659870642648644,nan,nan,nan,nan,nan,0,0,0,0,0,0
44,off,10000,4948,0.7077104996649319,650344.2762117964,918941.1157806818,0.0,66737,1330,105866,30.174462415277958,442,0.7473880117922713,0.13542796789579498,1.0,0.13542796789579498,1212745.6489888553,344,0.7782805429864253,1.0,1.0,1.0,0.46405732242510567,1208583.608892751,1212745.6489888562,0.08096647245452843,0.7782805429864253,1304.1151528600778,2058.455751305405,0.42023344380715577,nan,nan,nan,nan,nan,0,0,0,0,0,0
44,off,10250,5054,0.6967870722211997,640306.2896085038,918941.1157806818,0.0,68062,1376,109252,30.421101041138172,442,0.737813192750667,0.14229858271305393,0.9986953015262579,0.14229858271305393,1227685.5084632812,344,0.7782805429864253,1.0,1.0,1.0,0.47471894028331674,1217829.909842925,1227685.5084632821,0.0862886951122485,0.7782805429864253,1274.9349592458552,2058.455751305405,0.4289011293140623,nan,nan,nan,nan,nan,0,0,0,0,0,0
44,off,10500,4956,0.6986715496533645,642038.0134026809,918941.1157806818,0.0,69363,1447,112649,30.725252527743578,442,0.7390381384736923,0.14334717921208384,0.9989917868133691,0.14334717921208384,1229123.705866533,344,0.7782805429864253,1.0,1.0,1.0,0.4744224087558,1221421.2666670012,1229123.705866534,0.0850837831037829,0.7782805429864253,1279.969040042881,2058.455751305405,0.42841618933835535,nan,nan,nan,nan,nan,0,0,0,0,0,0
44,off,10750,4990,0.707292881523359,649960.5097308091,918941.1157806818,0.0,70625,1492,115844,31.709735833108425,442,0.7461846818877017,0.13454517486226147,0.9994111951170285,0.13454517486226147,1203201.2939774704,344,0.7782805429864253,1.0,1.0,1.0,0.4618006722920407,1195946.7738536815,1203201.2939774713,0.08185029845014556,0.7782805429864253,1302.9995526246496,2058.455751305405,0.4187494342426177,nan,nan,nan,nan,nan,0,0,0,0,0,0
44,off,11000,4901,0.7063556844661804,649099.280821379,918941.1157806818,0.0,71965,1535,119193,31.41231970489025,442,0.7452786517751807,0.1371392520519041,0.9996357230514152,0.1371392520519041,1220918.6350735254,344,0.7782805429864253,1.0,1.0,1.0,0.4669299912374203,1217871.4138525226,1220918.6350735258,0.08119804426988848,0.7782805429864253,1300.4959802135156,2058.455751305405,0.4224476014320988,nan,nan,nan,nan,nan,0,0,0,0,0,0
44,off,11250,5012,0.7049226421779426,647782.399342065,918941.1157806818,0.0,73346,1578,122358,30.747208159416914,442,0.7437241684083005,0.1383040880926139,0.9992957679813874,0.1383040880926139,1226056.4595954514,344,0.7782805429864253,1.0,1.0,1.0,0.4688323286056706,1223182.9986610606,1226056.459595452,0.08167660307151982,0.7782805429864253,1296.6678363783005,2058.455751305405,0.4238428594140986,nan,nan,nan,nan,nan,0,0,0,0,0,0
44,off,11500,5012,0.7046061232156481,647491.5370536882,918941.1157806818,0.0,74707,1629,125593,30.80149140395224,442,0.745309558596791,0.13453564889561717,0.999317312736337,0.13453564889561717,1193023.706359998,344,0.7782805429864253,1.0,1.0,1.0,0.4609083969285801,1180453.9678402944,1193023.7063599988,0.08412452018483399,0.7782805429864253,1295.822306470228,2058.455751305405,0.4183490710911508,nan,nan,nan,nan,nan,0,0,0,0,0,0
44,off,11750,4899,0.7102304656788921,652659.9765923944,918941.1157806818,0.0,76039,1670,128979,31.072059631347656,442,0.74911539410716,0.13539257390320245,0.9994081969338873,0.13539257390320245,1215360.0863000855,344,0.7782805429864253,1.0,1.0,1.0,0.4638191588174301,1214184.5855968334,1215360.0863000865,0.07935676380285042,0.7782805429864253,1310.8468400129789,2058.455751305405,0.41966846337072883,nan,nan,nan,nan,nan,0,0,0,0,0,0
44,off,12000,4997,0.7048402111855466,647706.6501139377,918941.1157806818,0.0,77294,1706,132189,30.965551495552063,442,0.7422232099743888,0.13784472203465778,1.0,0.13784472203465778,1224515.730109464,344,0.7782805429864253,1.0,1.0,1.0,0.468237954167424,1221128.9442843378,1224515.7301094648,0.0818266563667139,0.7782805429864253,1296.4476351337444,2058.455751305405,0.4234895841484474,nan,nan,nan,nan,nan,0,0,0,0,0,0
44,off,12250,5159,0.6971273773989736,640619.0100282732,918941.1157806818,0.0,78675,1746,135199,30.771556995809078,442,0.7363061363837604,0.13945050812874482,1.0,0.13945050812874482,1222189.7209093405,344,0.7782805429864253,1.0,1.0,1.0,0.47226172263355926,1211084.129554925,1222189.7209093412,0.08647569253515656,0.7782805429864253,1275.8440302335569,2058.455751305405,0.4272365580129007,nan,nan,nan,nan,nan,0,0,0,0,0,0
44,off,12500,5202,0.6966355721741357,640167.069986214,918941.1157806818,0.0,80053,1779,138719,32.49862223677337,442,0.7369767734375567,0.13852656876769487,0.9998088761662189,0.13852656876769487,1207597.7087216668,344,0.7782805429864253,1.0,1.0,1.0,0.4700158459171453,1191878.7733713046,1207597.7087216673,0.08781471230878961,0.7782805429864253,1274.5302510415247,2058.455751305405,0.42561028949959034,nan,nan,nan,nan,nan,0,0,0,0,0,0
44,off,12750,5056,0.7001753389652832,643419.9072308744,918941.1157806818,0.0,81344,1823,142185,32.155025739222765,442,0.7373375675672378,0.1405962337194205,1.0,0.1405962337194205,1228158.1501670904,344,0.7782805429864253,1.0,1.0,1.0,0.4733653873730099,1221563.821689593,1228158.150167091,0.08427415580294222,0.7782805429864253,1283.9861732643744,2058.455751305405,0.42737950492375987,nan,nan,nan,nan,nan,0,0,0,0,0,0
44,off,13000,4890,0.7159565569070137,657921.9172546264,918941.1157806818,0.0,82624,1862,145547,31.10627986304462,442,0.7504624380514705,0.13077970945522518,1.0,0.13077970945522518,1192955.1092031784,344,0.7782805429864253,1.0,1.0,1.0,0.4541388272222462,1190415.9430592556,1192955.1092031791,0.07757269113758078,0.7782805429864253,1326.1431791473742,2058.455751305405,0.4124004318568024,nan,nan,nan,nan,nan,0,0,0,0,0,0
44,off,13250,5034,0.7061239075855168,648886.2915160499,918941.1157806818,0.0,83951,1906,148772,30.592296862974763,442,0.7449643580295485,0.136269196498311,1.0,0.136269196498311,1217384.8845299657,344,0.7782805429864253,1.0,1.0,1.0,0.46641180769290114,1213122.7668429883,1217384.8845299664,0.08156683697320811,0.7782805429864253,1299.876825256163,2058.455751305405,0.4219900418328937,nan,nan,nan,nan,nan,0,0,0,0,0,0
44,off,13500,4996,0.7075635444983546,650209.2330670521,918941.1157806818,0.0,85280,1952,152342,32.17438246868551,442,0.7453165349434947,0.1354870329494269,0.999175192420086,0.1354870329494269,1214850.5754957187,344,0.7782805429864253,1.0,1.0,1.0,0.4634430677105219,1211156.8452098605,1214850.57549572,0.08091033244302291,0.7782805429864253,1303.722585578844,2058.455751305405,0.4200173683810642,nan,nan,nan,nan,nan,0,0,0,0,0,0
44,off,13750,4905,0.7065256213077287,649255.4427721637,918941.1157806818,0.0,86637,2008,155618,31.664745010435585,442,0.7447517125073431,0.1343913505787875,0.9998326597906195,0.1343913505787875,1210419.6867131244,344,0.7782805429864253,1.0,1.0,1.0,0.4632583288800378,1204534.0200201424,1210419.686713125,0.08180426361289618,0.7782805429864253,1300.9499393727733,2058.455751305405,0.4200259783114053,nan,nan,nan,nan,nan,0,0,0,0,0,0
44,off,14000,4934,0.7041148639928655,647040.0987553669,918941.1157806818,0.0,87954,2040,158891,31.09558494389057,442,0.7438277914309033,0.13572753492242465,1.0,0.13572753492242465,1212362.6084072646,344,0.7782805429864253,1.0,1.0,1.0,0.46532094792348677,1204858.0240600987,1212362.6084072653,0.08306776049487204,0.7782805429864253,1294.5099858355736,2058.455751305405,0.42173499444161,nan,nan,nan,nan,nan,0,0,0,0,0,0
44,off,14250,4877,0.7048622305491704,647726.8846125149,918941.1157806818,0.0,89366,2084,162028,31.37570724822581,442,0.7440395137220908,0.13400269180617055,0.9998878641433264,0.13400269180617055,1194089.0290445497,344,0.7782805429864253,1.0,1.0,1.0,0.4603965940134309,1182054.0465647534,1194089.0290445501,0.08389873533373533,0.7782805429864253,1296.5064563505384,2058.455751305405,0.41826983367612436,nan,nan,nan,nan,nan,0,0,0,0,0,0
44,off,14500,5065,0.6959274873316236,639516.3817109684,918941.1157806818,0.0,90668,2126,165259,31.095031848177314,442,0.7368562191517131,0.14009592006687605,0.999493859765303,0.14009592006687605,1210521.4290622778,344,0.7782805429864253,1.0,1.0,1.0,0.4718342816290635,1194977.079303664,1210521.4290622785,0.08802588036456906,0.7782805429864253,1272.638715357671,2058.455751305405,0.42697530288763264,nan,nan,nan,nan,nan,0,0,0,0,0,0
44,off,14750,5058,0.6980569503245282,641473.2328096819,918941.1157806818,0.0,92034,2173,168577,31.81584622710943,442,0.7375064223163885,0.1384413472475372,0.9994541097243619,0.1384413472475372,1205548.5797835619,344,0.7782805429864253,1.0,1.0,1.0,0.469522195567567,1190562.6039815205,1205548.5797835626,0.0871139224304341,0.7782805429864253,1278.3272359934663,2058.455751305405,0.425043798610681,nan,nan,nan,nan,nan,0,0,0,0,0,0
44,off,15000,5072,0.6921623765628503,636056.4666200741,918941.1157806818,0.0,93411,2236,172013,31.78681217692792,442,0.7328101563802658,0.1433117005586679,0.9995112441480595,0.1433117005586679,1218974.3597779323,344,0.7782805429864253,1.0,1.0,1.0,0.4761654540248794,1202310.8910366753,1218974.359777933,0.08966749903683088,0.7782805429864253,1262.5808226515826,2058.455751305405,0.4301951674283644,nan,nan,nan,nan,nan,0,0,0,0,0,0
44,off,15250,5052,0.6964327821702971,639980.7179138174,918941.1157806818,0.0,94705,2284,175327,32.02021606825292,442,0.7370752568621926,0.13845973079432447,0.999500886537018,0.13845973079432447,1206847.8046581536,344,0.7782805429864253,1.0,1.0,1.0,0.47062993949110465,1190726.8540142751,1206847.8046581543,0.08799076182218218,0.7782805429864253,1273.9885299008367,2058.455751305405,0.42601249536526953,nan,nan,nan,nan,nan,0,0,0,0,0,0
44,off,15500,5107,0.6996167144179579,642906.5641660528,918941.1157806818,0.0,95970,2320,178834,32.878568751737475,442,0.7397099344228778,0.1369328540945933,0.9999245760974166,0.1369328540945933,1212381.0315782793,344,0.7782805429864253,1.0,1.0,1.0,0.4686339327099991,1200779.0727164403,1212381.03157828,0.08570015178349238,0.7782805429864253,1282.4938969131488,2058.455751305405,0.4244791265087504,nan,nan,nan,nan,nan,0,0,0,0,0,0
44,off,15750,5041,0.7008928993284647,644079.3029516564,918941.1157806818,0.0,97297,2360,182297,32.44351411610842,442,0.7423796346698772,0.1352879890483835,0.9999580352511797,0.1352879890483835,1205406.1961438558,344,0.7782805429864253,1.0,1.0,1.0,0.46503427097152117,1192987.694699522,1205406.1961438565,0.08544031151851693,0.7782805429864253,1285.9030212899033,2058.455751305405,0.4219759599766033,nan,nan,nan,nan,nan,0,0,0,0,0,0
44,off,16000,5095,0.6974057564609848,640874.8239941278,918941.1157806818,0.0,98633,2401,185600,32.32906375452876,442,0.7375094498984097,0.13969702294423667,0.999997873546452,0.13969702294423667,1220464.2854556583,344,0.7782805429864253,1.0,1.0,1.0,0.47147067395013886,1209125.0980293436,1220464.285455659,0.08643345360276186,0.7782805429864253,1276.5876754831343,2058.455751305405,0.42670260447584263,nan,nan,nan,nan,nan,0,0,0,0,0,0
44,off,16250,5069,0.6996360539652142,642924.3360711873,918941.1157806818,0.0,100008,2458,188928,32.25635650753975,442,0.7375830919485487,0.13882750132917573,0.9994164941271128,0.13882750132917573,1216847.9470312868,344,0.7782805429864253,1.0,1.0,1.0,0.4694144464085279,1206536.3157146673,1216847.9470312875,0.08537418658212743,0.7782805429864253,1282.5455594280745,2058.455751305405,0.42486065723546385,nan,nan,nan,nan,nan,0,0,0,0,0,0
44,off,16500,4992,0.7002059029018933,643447.9936888856,918941.1157806818,0.0,101263,2511,192492,32.722923915833235,442,0.7380129143054034,0.13880385482988672,0.9999970543153883,0.13880385482988672,1230699.8769862342,344,0.7782805429864253,1.0,1.0,1.0,0.4733865634068779,1224857.6835397503,1230699.876986235,0.08408237577882952,0.7782805429864253,1284.0678199446395,2058.455751305405,0.427390151682439,nan,nan,nan,nan,nan,0,0,0,0,0,0
44,off,16750,5065,0.6985210779263296,641899.7387459459,918941.1157806818,0.0,102497,2571,195921,32.697540355846286,442,0.7380234290943579,0.1367933879837638,1.0,0.1367933879837638,1212929.9168721712,344,0.7782805429864253,1.0,1.0,1.0,0.46880830372604465,1200475.3334310444,1212929.9168721717,0.08630879380525186,0.7782805429864253,1279.5670788314426,2058.455751305405,0.4246769457611477,nan,nan,nan,nan,nan,0,0,0,0,0,0
44,off,17000,5153,0.696098387817165,639673.4291938394,918941.1157806818,0.0,103789,2638,199491,34.124748691916466,442,0.737998640568582,0.13907350647411112,0.9998231257000102,0.13907350647411112,1226591.3448897419,344,0.7782805429864253,1.0,1.0,1.0,0.4737414349779743,1215784.0908034423,1226591.3448897428,0.08677171786373745,0.7782805429864253,1273.0952487381103,2058.455751305405,0.4282939919358766,nan,nan,nan,nan,nan,0,0,0,0,0,0
44,off,17250,4973,0.698157658745998,641565.7779188759,918941.1157806818,0.0,105044,2689,203191,34.72861175984144,442,0.7404314821080001,0.13806459762687176,1.0,0.13806459762687176,1215956.5482304022,344,0.7782805429864253,1.0,1.0,1.0,0.4689484734541154,1204028.6840032674,1215956.548230403,0.08630871390407273,0.7782805429864253,1278.5962624736808,2058.455751305405,0.4249545099850869,nan,nan,nan,nan,nan,0,0,0,0,0,0
44,off,17500,5011,0.7051225941405811,647966.1434217144,918941.1157806818,0.0,106298,2734,206546,34.362650632858276,442,0.7479564617453398,0.13389810391069235,0.998864775732653,0.13389810391069235,1197022.5421704452,344,0.7782805429864253,1.0,1.0,1.0,0.46027731461162835,1186058.1633837484,1197022.5421704461,0.08354040362951984,0.7782805429864253,1297.2019761447232,2058.455751305405,0.41804762506116333,nan,nan,nan,nan,nan,0,0,0,0,0,0
44,off,17750,5010,0.6979105332177168,641338.6841101793,918941.1157806818,0.0,107580,2773,209823,33.07470818795264,442,0.7378788684902591,0.13898413390281572,0.999298416788043,0.13898413390281572,1209539.941204211,344,0.7782805429864253,1.0,1.0,1.0,0.46970541990206915,1195555.698141956,1209539.9412042117,0.0869135406533214,0.7782805429864253,1277.936106053051,2058.455751305405,0.42499919053495616,nan,nan,nan,nan,nan,0,0,0,0,0,0
44,off,18000,5209,0.6909193193049901,634914.1701965567,918941.1157806818,0.0,108840,2806,213214,33.42802075482905,442,0.7344983250515779,0.13954254380504924,0.999356203737661,0.13954254380504924,1200774.049927156,344,0.7782805429864253,1.0,1.0,1.0,0.4710976823360129,1177751.2415953428,1200774.0499271567,0.09178776780692059,0.7782805429864253,1259.2601935134508,2058.455751305405,0.4270703743250588,nan,nan,nan,nan,nan,0,0,0,0,0,0
44,off,18250,5195,0.6947857379371751,638467.1812484921,918941.1157806818,0.0,110201,2840,216649,33.781464686617255,442,0.7369786701941965,0.1397447219164474,0.9999308937378094,0.1397447219164474,1216237.5498297773,344,0.7782805429864253,1.0,1.0,1.0,0.4721347100099491,1201256.7581573671,1216237.549829778,0.08829359314541142,0.7782805429864253,1269.588714013263,2058.455751305405,0.4273177688484364,nan,nan,nan,nan,nan,0,0,0,0,0,0
44,off,18500,5075,0.6941600025143375,637892.1672408462,918941.1157806818,0.0,111597,2874,220299,34.51724931970239,442,0.7343322761689979,0.1392989461029957,0.9993865807050463,0.1392989461029957,1213809.2549056902,344,0.7782805429864253,1.0,1.0,1.0,0.47093220613568354,1197551.3290510653,1213809.254905691,0.08884555082255023,0.7782805429864253,1267.9171616654553,2058.455751305405,0.42696462483694275,nan,nan,nan,nan,nan,0,0,0,0,0,0
44,off,18750,5000,0.7011024856504234,644271.9004402095,918941.1157806818,0.0,112956,2921,223554,33.05121344700456,442,0.7399263734126446,0.13785295599359157,0.9994471796935886,0.13785295599359157,1214770.2600432758,344,0.7782805429864253,1.0,1.0,1.0,0.468292559210683,1205211.160897575,1214770.260043277,0.08465885466346636,0.7782805429864253,1286.462897710116,2058.455751305405,0.42399742691400255,nan,nan,nan,nan,nan,0,0,0,0,0,0
44,off,19000,5155,0.6949874356605351,638652.529579447,918941.1157806818,0.0,114197,2988,226914,32.96691438369453,442,0.7354985029085743,0.13872402522689004,0.9997135625047879,0.13872402522689004,1215259.0795711456,344,0.7782805429864253,1.0,1.0,1.0,0.47281781308910165,1200187.9544012037,1215259.0795711463,0.08824401652670401,0.7782805429864253,1270.1275173009226,2058.455751305405,0.4278455318520762,nan,nan,nan,nan,nan,0,0,0,0,0,0
44,off,19250,5182,0.6959203117956712,639509.7878159541,918941.1157806818,0.0,115473,3047,230289,33.19814412482083,442,0.7368847791959682,0.14209366000050186,0.9996989691387014,0.14209366000050186,1227208.2923348318,345,0.7805429864253394,1.0,1.0,1.0,0.47482911844077313,1217314.3728198982,1227208.2923348323,0.08439683270800957,0.7805429864253394,1276.207772011456,2053.7949120824937,0.4293116290927088,nan,nan,nan,nan,nan,0,0,0,0,0,0
44,off,19500,5186,0.6946392222455567,638332.541955357,918941.1157806818,0.0,116770,3114,233848,33.53792983852327,442,0.7336360730610044,0.1430640286993516,0.9999626688210572,0.1430640286993516,1235195.9585054123,345,0.7805429864253394,1.0,1.0,1.0,0.47651523993514244,1226380.6917377426,1235195.958505413,0.08458860859539397,0.7805429864253394,1272.7954651691452,2053.7949120824937,0.43095816218765104,nan,nan,nan,nan,nan,0,0,0,0,0,0
44,off,19750,4937,0.7006125860494143,643821.7115542378,918941.1157806818,0.0,118096,3160,237277,32.74663305096328,442,0.7393806642852488,0.1373192636094784,0.9988148267436535,0.1373192636094784,1202840.536464776,345,0.7805429864253394,1.0,1.0,1.0,0.46461676481062164,1190326.7155582933,1202840.5364647766,0.08336081187145965,0.7805429864253394,1288.7061016876403,2053.7949120824937,0.4221585077697678,nan,nan,nan,nan,nan,0,0,0,0,0,0
44,off,20000,5159,0.6968925454810899,640403.2133236324,918941.1157806818,0.0,119333,3207,240618,32.70788963511586,442,0.7382705668126756,0.13627348595893493,1.0,0.13627348595893493,1189543.330309206,345,0.7805429864253394,1.0,1.0,1.0,0.4641134283107271,1169941.9082305569,1189543.3303092066,0.08649014565832507,0.7805429864253394,1278.7974111641468,2053.7949120824937,0.422160746741967,304913690.304,3.2995478372808362,87080608.78700006,0.9423211995033052,4620.5375,0,0,0,0,0,0
44,on,250,445,0.9803941135089392,900924.460572717,918941.1157806818,0.0,17020,0,2622,46.02616478689015,442,0.9811970053637862,0.0009440870456658924,0.1905308805197875,0.0009440870456658924,969234.9595923399,340,0.7692307692307693,1.0,1.0,1.0,0.27319211280202493,1029958.6675114628,969234.9595923402,0.0004737531616012994,0.7692307692307693,2026.553793725666,2077.4134382940247,0.26446756218286227,nan,nan,nan,nan,nan,1351,472,0,250,250,0
44,on,500,667,0.962798268881372,884754.9154775569,918941.1157806818,0.0,17074,0,2841,21.857857631519437,442,0.9651488794177532,0.007903714337271972,0.8653116237653368,0.007903714337271972,979834.8637605226,340,0.7692307692307693,1.0,1.0,1.0,0.2820650920856278,1042100.2595316764,979834.863760523,0.0017547815339314637,0.7692307692307693,1978.9963081516662,2077.4134382940247,0.2714856769985121,nan,nan,nan,nan,nan,1772,472,0,500,500,0
44,on,750,1024,0.9315336765571457,856024.5961227042,918941.1157806818,0.0,17261,0,3311,23.013344947248697,442,0.9365316689899665,0.022447799990568434,0.999020733685974,0.022447799990568434,1003783.0995569534,340,0.7692307692307693,1.0,1.0,1.0,0.2997641845376604,1067746.8686942582,1003783.0995569539,0.005917086101556885,0.7692307692307693,1894.495368872687,2077.4134382940247,0.2855774775596511,nan,nan,nan,nan,nan,2336,472,0,750,750,0
44,on,1000,1269,0.9014920094056863,828418.0729906303,918941.1157806818,0.0,17665,1,4018,24.895630307495594,442,0.9099326958382316,0.03482199836654504,0.996135485127878,0.03482199836654504,1020194.8155707975,340,0.7692307692307693,1.0,1.0,1.0,0.3167095752383593,1080705.8595172965,1020194.815570798,0.012137615652380829,0.7692307692307693,1813.299712601882,2077.4134382940247,0.29930159962001945,nan,nan,nan,nan,nan,2465,472,0,1000,1000,0
44,on,1250,1554,0.8662115346414548,795997.3941455153,918941.1157806818,0.0,18160,5,4939,26.32003484480083,442,0.8787430866919195,0.051924446652420866,0.9992585381720568,0.051924446652420866,1038373.3025982106,340,0.7692307692307693,1.0,1.0,1.0,0.3368054284879525,1090615.971133099,1038373.3025982113,0.022090376120592944,0.7692307692307693,1717.9447748221316,2077.4134382940247,0.31549338314192554,nan,nan,nan,nan,nan,2552,472,0,1250,1250,0
44,on,1500,1882,0.8425962497706017,774296.3379168147,918941.1157806818,0.0,18760,16,5620,26.723490927368402,442,0.8565853624204284,0.07166355446366282,0.9999661886064322,0.07166355446366282,1106033.2215334966,340,0.7692307692307693,1.0,1.0,1.0,0.36304946865707444,1167044.3602469873,1106033.2215334973,0.028757641791281905,0.7692307692307693,1654.1181388553657,2077.4134382940247,0.33575236759692006,nan,nan,nan,nan,nan,2903,472,0,1500,1500,0
44,on,1750,2045,0.815638281338102,749523.5523262732,918941.1157806818,0.0,19511,36,6638,28.38106487132609,442,0.8354585295059036,0.08789263052846943,0.9982796325549373,0.08789263052846943,1123258.904041352,340,0.7692307692307693,1.0,1.0,1.0,0.3815636178411499,1173977.9868906967,1123258.9040413527,0.03890379198246251,0.7692307692307693,1581.2570047655377,2077.4134382940247,0.3504076414044168,nan,nan,nan,nan,nan,3083,472,0,1750,1750,0
44,on,2000,2130,0.8012302390861428,736283.4099030425,918941.1157806818,0.0,20396,47,7762,28.720033921301365,442,0.8239057507098568,0.09384901603441709,0.9982891715576201,0.09384901603441709,1136205.8757430213,340,0.7692307692307693,1.0,1.0,1.0,0.3934263160734326,1181541.659181809,1136205.875743022,0.04473466831792466,0.7692307692307693,1542.3154094030945,2077.4134382940247,0.3600156569522057,nan,nan,nan,nan,nan,3208,472,0,2000,2000,0
44,on,2250,2356,0.7748813771469238,712070.3573130656,918941.1157806818,0.0,21321,63,9071,29.584320448338985,442,0.799475581833606,0.11000543626749103,0.999500886537018,0.11000543626749103,1181717.757769808,340,0.7692307692307693,1.0,1.0,1.0,0.41893200210753534,1221948.9321112772,1181717.7577698084,0.05522228717636564,0.7692307692307693,1471.1005488443386,2077.4134382940247,0.38003505921154246,nan,nan,nan,nan,nan,3407,472,0,2250,2250,0
44,on,2500,2505,0.7673701069936789,705167.9423375125,918941.1157806818,0.0,22387,86,10447,29.91382190026343,442,0.7937050396714546,0.11320494175264138,0.9982466092084349,0.11320494175264138,1171987.4913753562,340,0.7692307692307693,1.0,1.0,1.0,0.42257642957326036,1203523.4497456413,1171987.4913753571,0.05947191371325531,0.7692307692307693,1450.799328328006,2077.4134382940247,0.3828918311938352,nan,nan,nan,nan,nan,3533,472,0,2500,2500,0
44,on,2750,2454,0.7619855687238695,700219.86873189,918941.1157806818,0.0,23531,105,11697,30.20623279735446,442,0.7907346378263083,0.11731171637665927,0.999251329805527,0.11731171637665927,1187868.8968203866,340,0.7692307692307693,1.0,1.0,1.0,0.4290201321530047,1219911.5332231536,1187868.8968203873,0.06143399035098223,0.7692307692307693,1436.2461706644106,2077.4134382940247,0.3877249443124242,nan,nan,nan,nan,nan,3645,472,0,2750,2750,0
44,on,3000,2488,0.7556536239262693,694401.1843145217,918941.1157806818,0.0,24639,125,13117,30.68976312316954,442,0.7853594066969037,0.1189526111195169,0.999251329805527,0.1189526111195169,1177702.887700724,340,0.7692307692307693,1.0,1.0,1.0,0.4308253576344876,1201563.766854166,1177702.8877007244,0.06531629026884322,0.7692307692307693,1419.1323929662685,2077.4134382940247,0.38977944058184444,nan,nan,nan,nan,nan,3726,472,0,3000,3000,0
44,on,3250,2562,0.7383949922790767,678541.5180918027,918941.1157806818,0.0,25758,142,14576,30.675180591642857,442,0.7706802257120995,0.125172191688367,0.9977391585380129,0.125172191688367,1185094.8469310228,340,0.7692307692307693,1.0,1.0,1.0,0.4431411638023097,1196499.0876998715,1185094.8469310235,0.07443374693933988,0.7692307692307693,1372.4863158406242,2077.4134382940247,0.3999850957468589,nan,nan,nan,nan,nan,3795,472,0,3250,3250,0
44,on,3500,2575,0.7318780171069561,672552.8016556192,918941.1157806818,0.0,26798,163,16155,30.953657967969775,442,0.7662119426593905,0.1276031820820873,0.9991360735623718,0.1276031820820873,1180101.6815290884,340,0.7692307692307693,1.0,1.0,1.0,0.4465101806201164,1184205.6864060385,1180101.681529089,0.07853081519829916,0.7692307692307693,1354.8724439694963,2077.4134382940247,0.4029394303142044,nan,nan,nan,nan,nan,3879,472,0,3500,3500,0
44,on,3750,2628,0.7274364838119128,668471.2940936951,918941.1157806818,0.0,27821,187,17659,30.94512360729277,442,0.7643602729213875,0.12888301615622516,0.9984266810203718,0.12888301615622516,1181137.130271063,340,0.7692307692307693,1.0,1.0,1.0,0.4495837022006608,1181515.2702779972,1181137.1302710634,0.08109079311991535,0.7692307692307693,1342.868009963837,2077.4134382940247,0.4054455376556765,nan,nan,nan,nan,nan,3929,472,0,3750,3750,0
44,on,4000,2625,0.7184551103191437,660217.9407150068,918941.1157806818,0.0,28811,222,19220,31.856918597593904,442,0.7536849776255108,0.13424506464060057,0.998973502934572,0.13424506464060057,1200842.6985850425,340,0.7692307692307693,1.0,1.0,1.0,0.4606379028889729,1198766.9394620645,1200842.6985850432,0.0851188922200266,0.7692307692307693,1318.593441202989,2077.4134382940247,0.41400487278278963,nan,nan,nan,nan,nan,3987,472,0,4000,4000,0
44,on,4250,2619,0.7189459051430667,660668.9522581219,918941.1157806818,0.0,29750,260,20738,31.17098559997976,442,0.7535216170346588,0.13477671567692773,1.0,0.13477671567692773,1218092.8233750493,340,0.7692307692307693,1.0,1.0,1.0,0.4621684161890198,1221656.2701642837,1218092.8233750497,0.08362034945629535,0.7692307692307693,1319.9199457415632,2077.4134382940247,0.4151830820019431,nan,nan,nan,nan,nan,3992,472,0,4250,4250,0
44,on,4500,2606,0.7215637148585845,663074.5652390014,918941.1157806818,0.0,30606,299,22486,31.633588396012783,442,0.7564848753506673,0.13449885729051106,0.9981429769914728,0.13449885729051106,1223839.8702989265,340,0.7692307692307693,1.0,1.0,1.0,0.4615680040708441,1231589.5025540215,1223839.870298927,0.08168016823000028,0.7692307692307693,1326.995278038267,2077.4134382940247,0.4143719468215341,nan,nan,nan,nan,nan,4011,472,0,4500,4500,0
44,on,4750,2564,0.7206758647532395,662258.6832725496,918941.1157806818,0.0,31486,338,24271,31.86829713173211,442,0.7558037834743856,0.1318527026363638,0.9995128690784983,0.1318527026363638,1200465.1413265655,340,0.7692307692307693,1.0,1.0,1.0,0.456315488785036,1200369.913856934,1200465.141326566,0.0838040042025667,0.7692307692307693,1324.595625195762,2077.4134382940247,0.41101605511756945,nan,nan,nan,nan,nan,4037,472,0,4750,4750,0
44,on,5000,2670,0.7166834809921298,658589.9176844908,918941.1157806818,0.0,32363,370,25837,31.50725299678743,442,0.7533280126202538,0.13409153315667863,0.9989876102327401,0.13409153315667863,1197283.1690387614,340,0.7692307692307693,1.0,1.0,1.0,0.46101539169301264,1192457.27842961,1197283.169038762,0.0864527780679209,0.7692307692307693,1313.8051381720597,2077.4134382940247,0.41419931509902397,nan,nan,nan,nan,nan,4055,472,0,5000,5000,0
44,on,5250,2592,0.7185121661279197,660270.3716435852,918941.1157806818,0.0,33225,405,27392,31.11637656390667,442,0.7560382052178439,0.13148045888759713,0.9986592296202479,0.13148045888759713,1189563.2822822158,340,0.7692307692307693,1.0,1.0,1.0,0.4570455020885624,1184157.700432762,1189563.2822822165,0.08589106744418325,0.7692307692307693,1318.7476498164551,2077.4134382940247,0.41157156888942237,nan,nan,nan,nan,nan,4055,472,0,5250,5250,0
44,on,5500,2587,0.7208410905781535,662410.5160764519,918941.1157806818,0.0,34078,451,29166,31.305726287886497,442,0.757196352648785,0.1273022266278192,0.998772031828545,0.1273022266278192,1166745.188521918,340,0.7692307692307693,1.0,1.0,1.0,0.44948335121974736,1156689.0908728263,1166745.1885219184,0.08612374578215727,0.7692307692307693,1325.0421922660626,2077.4134382940247,0.4062497390418882,nan,nan,nan,nan,nan,4091,472,0,5500,5500,0
44,on,5750,2544,0.7276220112947805,668641.7829258095,918941.1157806818,0.0,34953,478,30736,30.910121640190482,442,0.7639094952408744,0.12558156265217676,1.0,0.12558156265217676,1158645.1327187114,340,0.7692307692307693,1.0,1.0,1.0,0.44247806603034423,1152445.6133433478,1158645.1327187123,0.08255213006021031,0.7692307692307693,1343.36944770535,2077.4134382940247,0.40078604379410576,nan,nan,nan,nan,nan,4096,472,0,5750,5750,0
44,on,6000,2652,0.7202130961369776,661833.4261639736,918941.1157806818,0.0,35842,512,32355,31.633662750944495,442,0.7573759071780481,0.1316766410240555,0.9986255879370285,0.1316766410240555,1201975.1198059293,340,0.7692307692307693,1.0,1.0,1.0,0.4567864830813315,1201897.9441520993,1201975.11980593,0.08397707626849184,0.7692307692307693,1323.344868994068,2077.4134382940247,0.41139662355506923,nan,nan,nan,nan,nan,4096,472,0,6000,6000,0
44,on,6250,2559,0.7154001570428793,657410.6185426585,918941.1157806818,0.0,36704,554,34011,31.58452316746116,442,0.7527700165031579,0.13338720994479958,0.9984057843696477,0.13338720994479958,1211294.7946345725,340,0.7692307692307693,1.0,1.0,1.0,0.4608562085509651,1209447.1865072132,1211294.7946345732,0.08623080202783562,0.7692307692307693,1310.3366112843175,2077.4134382940247,0.41501522069795205,nan,nan,nan,nan,nan,4098,472,0,6250,6250,0
44,on,6500,2629,0.7109949285411777,653362.472948036,918941.1157806818,0.0,37557,601,35550,31.268846895545725,442,0.7499762950407494,0.1341438443579231,0.9990035291924991,0.1341438443579231,1211582.1304156678,340,0.7692307692307693,1.0,1.0,1.0,0.46334415778853866,1205572.7529990952,1211582.1304156682,0.08890737835940497,0.7692307692307693,1298.4303007118988,2077.4134382940247,0.4172398996035096,nan,nan,nan,nan,nan,4127,472,0,6500,6500,0
44,on,6750,2635,0.705027181950237,647878.4652370606,918941.1157806818,0.0,38409,639,37191,31.720966976135966,442,0.7423843272454934,0.13666631063136686,0.9984574815648537,0.13666631063136686,1209849.091449438,341,0.7714932126696833,1.0,1.0,1.0,0.46745929726088575,1195334.249436248,1209849.0914494384,0.0918982626262234,0.7714932126696833,1284.3192562004115,2078.471275967529,0.4212689186012686,nan,nan,nan,nan,nan,4204,472,0,6750,6750,0
44,on,7000,2698,0.708316316723589,650900.9864156377,918941.1157806818,0.0,39261,681,38859,31.72958467900753,442,0.7458090212451947,0.1345532145075157,0.998988237268483,0.1345532145075157,1199721.1639545066,341,0.7714932126696833,1.0,1.0,1.0,0.4630028487304505,1185405.5771314597,1199721.1639545073,0.09061689383290325,0.7714932126696833,1293.1829546713116,2078.471275967529,0.4178329982448563,nan,nan,nan,nan,nan,4224,472,0,7000,7000,0
44,on,7250,2655,0.7162103514539763,658155.1394987912,918941.1157806818,0.0,40195,722,40385,31.114329220727086,442,0.752901813441052,0.1306228806738033,0.9994685947898826,0.1306228806738033,1187586.5742107811,341,0.7714932126696833,1.0,1.0,1.0,0.4546284751498353,1177208.1364497652,1187586.5742107818,0.08665026001578267,0.7714932126696833,1314.4561308682428,2078.471275967529,0.41129351144261617,nan,nan,nan,nan,nan,4224,472,0,7250,7250,0
44,on,7500,2776,0.70522322932002,648058.6212257949,918941.1157806818,0.0,41106,758,42062,31.64548407122493,442,0.7443453644768029,0.1352409042784214,0.9979432067008503,0.1352409042784214,1191263.2682040038,341,0.7714932126696833,1.0,1.0,1.0,0.4620374252573225,1171435.2168153175,1191263.2682040045,0.09320790014998488,0.7714932126696833,1284.8475728829162,2078.471275967529,0.4176808649420962,nan,nan,nan,nan,nan,4233,472,0,7500,7500,0
44,on,7750,2741,0.7001119536920666,643361.6598971807,918941.1157806818,0.0,41967,786,43826,32.43409665673971,442,0.7386214380653965,0.14072182143293815,0.999315668623048,0.14072182143293815,1215062.7508513194,341,0.7714932126696833,1.0,1.0,1.0,0.4732190171181283,1197244.6447100777,1215062.75085132,0.09458180812324693,0.7714932126696833,1271.0734927403532,2078.471275967529,0.4256193234463459,nan,nan,nan,nan,nan,4263,472,0,7750,7750,0
44,on,8000,2727,0.6936930964452004,637463.1080567086,918941.1157806818,0.0,42847,819,45447,32.80273224413395,442,0.7338262209829614,0.14014856782599633,0.9988730916208166,0.14014856782599633,1181121.8237581954,341,0.7714932126696833,1.0,1.0,1.0,0.4700432811468671,1146799.712951153,1181121.8237581963,0.10151351445669514,0.7714932126696833,1253.775686756564,2078.471275967529,0.4242960922595398,nan,nan,nan,nan,nan,4263,472,0,8000,8000,0
44,on,8250,2784,0.6929121866022946,636745.4978943446,918941.1157806818,0.0,43702,857,47257,32.84018477983773,442,0.7327958246328228,0.1442946559607017,0.9989521460953585,0.1442946559607017,1215730.155387815,341,0.7714932126696833,1.0,1.0,1.0,0.4785952396725932,1190864.4411752103,1215730.1553878158,0.09912768856126432,0.7714932126696833,1251.6712581279305,2078.471275967529,0.4302063177653537,nan,nan,nan,nan,nan,4263,472,0,8250,8250,0
44,on,8500,2772,0.6928864915588556,636721.8856624567,918941.1157806818,0.0,44511,905,49199,32.110175183042884,442,0.7357917480230501,0.13937553851354753,0.9988552735433142,0.13937553851354753,1188666.7545598664,341,0.7714932126696833,1.0,1.0,1.0,0.47081424004166617,1155759.0287707585,1188666.754559867,0.10140159664220373,0.7714932126696833,1251.602014046148,2078.471275967529,0.4250578468344699,nan,nan,nan,nan,nan,4263,472,0,8500,8500,0
44,on,8750,2683,0.6988648272009478,642215.6240879124,918941.1157806818,0.0,45370,951,50953,31.696913724765178,442,0.7416357152645949,0.13658670899681247,0.9980345084463309,0.13658670899681247,1181108.5488854502,341,0.7714932126696833,1.0,1.0,1.0,0.46523900374423244,1151990.934613889,1181108.548885451,0.0981125403668758,0.7714932126696833,1267.7126839155192,2078.471275967529,0.4204815461118123,nan,nan,nan,nan,nan,4274,472,0,8750,8750,0
44,on,9000,2759,0.697071090433468,640567.2856213877,918941.1157806818,0.0,46180,998,52744,32.310628628358245,442,0.7386330682415241,0.13887964480215345,0.9994707678980075,0.13887964480215345,1183826.3541906532,341,0.7714932126696833,1.0,1.0,1.0,0.46876884632424276,1153717.3106164474,1183826.354190654,0.09905800601733651,0.7714932126696833,1262.8788467702855,2078.471275967529,0.4227471924954427,nan,nan,nan,nan,nan,4276,472,0,9000,9000,0
44,on,9250,2736,0.6940508872755295,637791.8967615473,918941.1157806818,0.0,46984,1030,54487,31.909055795520544,442,0.7378919444245816,0.13869802708826448,0.9994685947898826,0.13869802708826448,1184657.757783925,341,0.7714932126696833,1.0,1.0,1.0,0.47040686576019497,1151746.1349508604,1184657.7577839256,0.10097399824647842,0.7714932126696833,1254.7398765068237,2078.471275967529,0.42449845126533736,nan,nan,nan,nan,nan,4276,472,0,9250,9250,0
44,on,9500,2725,0.6991086425272017,642439.6760158646,918941.1157806818,0.0,47806,1061,56279,32.19535737298429,442,0.7402058286940724,0.13743342290954288,0.9991705025013403,0.13743342290954288,1179083.3496232084,341,0.7714932126696833,1.0,1.0,1.0,0.4662670629730541,1149609.2505339864,1179083.3496232089,0.09812182833154579,0.7714932126696833,1268.3697276925054,2078.471275967529,0.4209926954133114,nan,nan,nan,nan,nan,4276,472,0,9500,9500,0
44,on,9750,2714,0.698241285116255,641642.6256288686,918941.1157806818,0.0,48647,1104,58157,32.41487023048103,442,0.7403064109005475,0.13768138104252997,0.9978042059139015,0.13768138104252997,1181944.5978287354,341,0.7714932126696833,1.0,1.0,1.0,0.46784392208473924,1152451.3505295806,1181944.597828736,0.09844996253062185,0.7714932126696833,1266.0323365282936,2078.471275967529,0.4220859030408566,nan,nan,nan,nan,nan,4276,472,0,9750,9750,0
44,on,10000,2680,0.6996097493553755,642900.1636836719,918941.1157806818,0.0,49512,1143,59980,31.992116967216134,442,0.7393421402871962,0.14002073689043187,0.9994858271882846,0.14002073689043187,1193172.691491675,341,0.7714932126696833,1.0,1.0,1.0,0.4699883183264557,1168371.2216901332,1193172.691491676,0.09664017900154238,0.7714932126696833,1269.720131410415,2078.471275967529,0.4233716396279379,nan,nan,nan,nan,nan,4291,472,0,10000,10000,0
44,on,10250,2706,0.7035725002298974,646541.698393866,918941.1157806818,0.0,50326,1175,61650,31.828360106796023,442,0.7429613457256624,0.13542328835826709,0.999315668623048,0.13542328835826709,1170745.4255009624,341,0.7714932126696833,1.0,1.0,1.0,0.46195311112866544,1143222.2798796708,1170745.425500963,0.09590760891450426,0.7714932126696833,1280.3991188303394,2078.471275967529,0.41728606344630625,nan,nan,nan,nan,nan,4294,472,0,10250,10250,0
44,on,10500,2714,0.7040200488921005,646952.969260877,918941.1157806818,0.0,51225,1216,63424,32.281677985563874,442,0.7457662419759559,0.13448565863620934,0.9971455793677406,0.13448565863620934,1153333.6151965887,341,0.7714932126696833,1.0,1.0,1.0,0.45751435078469793,1121092.864178344,1153333.6151965891,0.097061489097286,0.7714932126696833,1281.6051917541251,2078.471275967529,0.4142300016091187,nan,nan,nan,nan,nan,4294,472,0,10500,10500,0
44,on,10750,2762,0.697231593941263,640714.7788939275,918941.1157806818,0.0,52075,1249,65292,32.37237365730107,442,0.7392739666832251,0.13810058121914381,0.9977756145161705,0.13810058121914381,1185396.951517374,341,0.7714932126696833,1.0,1.0,1.0,0.46830657026376854,1155914.2772230017,1185396.9515173747,0.09882185918248887,0.7714932126696833,1263.3113783613112,2078.471275967529,0.4226000551874236,nan,nan,nan,nan,nan,4294,472,0,10750,10750,0
44,on,11000,2797,0.6968395229668957,640354.4887552771,918941.1157806818,0.0,52977,1284,66988,32.176515182480216,442,0.737343924036274,0.13937659259767937,0.997591070105924,0.13937659259767937,1209310.8233577672,341,0.7714932126696833,1.0,1.0,1.0,0.47191054948536393,1186517.27484613,1209310.8233577681,0.09711895009663607,0.7714932126696833,1262.2548090397559,2078.471275967529,0.4254022144651519,nan,nan,nan,nan,nan,4314,472,0,11000,11000,0
44,on,11250,2760,0.6924059626895592,636280.3079271407,918941.1157806818,0.0,53841,1329,68822,32.19305893033743,442,0.7322980896671563,0.14279024523949832,0.9985962125643245,0.14279024523949832,1205337.5531950232,341,0.7714932126696833,1.0,1.0,1.0,0.47631817237276897,1176877.7804150337,1205337.5531950241,0.10031259006982549,0.7714932126696833,1250.3070646757196,2078.471275967529,0.42849454284853294,nan,nan,nan,nan,nan,4314,472,0,11250,11250,0
44,on,11500,2727,0.6943348479714962,638052.8399203368,918941.1157806818,0.0,54698,1364,70544,32.10847449116409,442,0.7360302990665014,0.13873531138120096,0.9978848382061445,0.13873531138120096,1186225.0903370911,341,0.7714932126696833,1.0,1.0,1.0,0.4687945711942796,1154065.6337494664,1186225.0903370918,0.10065331302043859,0.7714932126696833,1255.5051057114856,2078.471275967529,0.4236478365335321,nan,nan,nan,nan,nan,4314,472,0,11500,11500,0
44,on,11750,2801,0.6993824919337259,642691.3274950518,918941.1157806818,0.0,55560,1407,72455,32.15705490298569,442,0.7391468095624047,0.13755329819700943,0.998502659611054,0.13755329819700943,1186953.714703013,341,0.7714932126696833,1.0,1.0,1.0,0.46530067149043663,1160083.817109721,1186953.7147030137,0.09729370290582555,0.7714932126696833,1269.1077085698869,2078.471275967529,0.42056161082915855,nan,nan,nan,nan,nan,4314,472,0,11750,11750,0
44,on,12000,2787,0.6954509959285873,639078.5141694024,918941.1157806818,0.0,56351,1436,74527,32.8504140265286,442,0.7359619024897283,0.14266670698927683,0.9987893688623889,0.14266670698927683,1218078.8087285643,341,0.7714932126696833,1.0,1.0,1.0,0.4765293928309773,1196483.2335708109,1218078.808728565,0.09730594811486992,0.7714932126696833,1258.5129480841117,2078.471275967529,0.42844879885441567,nan,nan,nan,nan,nan,4314,472,0,12000,12000,0
44,on,12250,2813,0.6992741827009965,642591.7976878781,918941.1157806818,0.0,57150,1477,76337,32.98768453486264,442,0.7394774609593755,0.1395172684961819,0.9993929418981742,0.1395172684961819,1199863.8681244422,341,0.7714932126696833,1.0,1.0,1.0,0.4698239310851797,1176709.817344431,1199863.8681244429,0.0963162840701534,0.7714932126696833,1268.8158323025154,2078.471275967529,0.4234590866054364,nan,nan,nan,nan,nan,4314,472,0,12250,12250,0
44,on,12500,2667,0.7055941679773351,648399.4920094342,918941.1157806818,0.0,58032,1507,78053,31.952785529196262,442,0.7458551847710306,0.13406710231088695,0.9967999889210785,0.13406710231088695,1184756.1654135324,341,0.7714932126696833,1.0,1.0,1.0,0.46104913321214247,1163363.1213582729,1184756.165413533,0.09348388727996632,0.7714932126696833,1285.8471939493072,2078.471275967529,0.4170020367050167,nan,nan,nan,nan,nan,4314,472,0,12500,12500,0
44,on,12750,2782,0.7030759897304667,646085.4344815223,918941.1157806818,0.0,58894,1537,79786,32.30550473369658,442,0.7434325424307585,0.13627396850156182,0.9997172023564147,0.13627396850156182,1197862.5493832566,341,0.7714932126696833,1.0,1.0,1.0,0.46567139063861407,1177882.7379597775,1197862.549383257,0.09405103297608426,0.7714932126696833,1279.0611014920878,2078.471275967529,0.4202967280425127,nan,nan,nan,nan,nan,4314,472,0,12750,12750,0
44,on,13000,2900,0.6976133024529817,641065.5465395893,918941.1157806818,0.0,59738,1570,81580,32.342981522902846,442,0.7390024536890993,0.13803623698025067,0.9994685947898826,0.13803623698025067,1190928.4893839105,341,0.7714932126696833,1.0,1.0,1.0,0.4676606491606785,1163467.1568855306,1190928.489383911,0.09811476854452714,0.7714932126696833,1264.3400224834866,2078.471275967529,0.42242410550927545,nan,nan,nan,nan,nan,4327,472,0,13000,13000,0
44,on,13250,2747,0.6988020928307592,642157.9748957735,918941.1157806818,0.0,60574,1604,83798,32.85148487612605,442,0.7387880282660051,0.13696713284372333,0.999151607069244,0.13696713284372333,1200302.9221586331,341,0.7714932126696833,1.0,1.0,1.0,0.46831545605509883,1176807.7971890755,1200302.9221586336,0.09658386252061014,0.7714932126696833,1267.5436247010357,2078.471275967529,0.42297672798699204,nan,nan,nan,nan,nan,4327,472,0,13250,13250,0
44,on,13500,2810,0.7075199059904643,650169.1318479204,918941.1157806818,0.0,61423,1637,85334,32.324043000116944,442,0.7490100527066946,0.1319495935407621,0.9994959298931667,0.1319495935407621,1190410.302183555,341,0.7714932126696833,1.0,1.0,1.0,0.4597736072319494,1172565.6556660698,1190410.3021835554,0.09182552909148624,0.7714932126696833,1291.0367535929618,2078.471275967529,0.4161009779564788,nan,nan,nan,nan,nan,4327,472,0,13500,13500,0
44,on,13750,2808,0.7040714936318554,647000.2439474284,918941.1157806818,0.0,62315,1683,86956,32.53647018969059,442,0.7445296814653982,0.13595217983263855,1.0,0.13595217983263855,1203819.7580833188,341,0.7714932126696833,1.0,1.0,1.0,0.4651874569362251,1186582.864437325,1203819.7580833195,0.09295854263457141,0.7714932126696833,1281.7438271985577,2078.471275967529,0.4200744409976003,nan,nan,nan,nan,nan,4327,472,0,13750,13750,0
44,on,14000,2809,0.6921322180535657,636028.7527259019,918941.1157806818,0.0,63162,1721,89121,32.95357333496213,442,0.7343743827369065,0.14066703456122143,0.999151607069244,0.14066703456122143,1206174.6253858772,341,0.7714932126696833,1.0,1.0,1.0,0.4744009525560273,1177683.4528963964,1206174.6253858781,0.10042163933809853,0.7714932126696833,1249.5693661383623,2078.471275967529,0.4278934379264907,nan,nan,nan,nan,nan,4327,472,0,14000,14000,0
44,on,14250,2801,0.6990462251693544,642382.3181394003,918941.1157806818,0.0,64064,1759,90902,32.82429708726704,442,0.7390701832452666,0.13777142164603073,1.0,0.13777142164603073,1203747.8321998431,341,0.7714932126696833,1.0,1.0,1.0,0.46997137869542627,1181516.7685297078,1203747.8321998436,0.09615125355498631,0.7714932126696833,1268.2015227761876,2078.471275967529,0.4237967842992545,nan,nan,nan,nan,nan,4327,472,0,14250,14250,0
44,on,14500,2835,0.7026877910328364,645728.7027371773,918941.1157806818,0.0,64933,1796,92657,32.947839403524995,442,0.7427220024186956,0.13809255676889134,1.0,0.13809255676889134,1202893.2355379,341,0.7714932126696833,1.0,1.0,1.0,0.4684395946433768,1184021.005303835,1202893.2355379006,0.09390298436876789,0.7714932126696833,1278.0149673444487,2078.471275967529,0.4220851556268357,nan,nan,nan,nan,nan,4327,472,0,14500,14500,0
44,on,14750,2800,0.6952994303621949,638939.2343387079,918941.1157806818,0.0,65838,1835,94657,32.84689751267433,442,0.7371634959969211,0.13936378975999889,0.9992212565765293,0.13936378975999889,1199542.5508452447,341,0.7714932126696833,1.0,1.0,1.0,0.4721886646617883,1172303.6687458048,1199542.5508452454,0.09890805919543415,0.7714932126696833,1258.104502832808,2078.471275967529,0.42569271019089006,nan,nan,nan,nan,nan,4327,472,0,14750,14750,0
44,on,15000,2827,0.695982794564076,639567.205800869,918941.1157806818,0.0,66681,1876,96630,32.97571582533419,442,0.7364962371542619,0.14139561352839564,0.9994344047128293,0.14139561352839564,1225139.465037581,341,0.7714932126696833,1.0,1.0,1.0,0.4775880000947825,1206171.7335369787,1225139.4650375815,0.09640727531580173,0.7714932126696833,1259.9460613728702,2078.471275967529,0.42924114782706213,nan,nan,nan,nan,nan,4331,472,0,15000,15000,0
44,on,15250,2832,0.7097646087715213,652231.8815261408,918941.1157806818,0.0,67540,1908,98316,33.33679736405611,442,0.7505162382573647,0.13182932838653927,0.9994344047128293,0.13182932838653927,1188697.8841898227,341,0.7714932126696833,1.0,1.0,1.0,0.45842215353486004,1172514.5651385519,1188697.8841898234,0.09055038733311334,0.7714932126696833,1297.085872883931,2078.471275967529,0.41469268128803005,nan,nan,nan,nan,nan,4331,472,0,15250,15250,0
44,on,15500,2884,0.7005883457422899,643799.4361393619,918941.1157806818,0.0,68363,1953,100235,33.35949859209359,442,0.7425425604106843,0.13614222111193772,0.9999187974692958,0.13614222111193772,1184939.3187341418,341,0.7714932126696833,1.0,1.0,1.0,0.4643076979534366,1158672.3584924287,1184939.3187341425,0.09667807882178768,0.7714932126696833,1272.3572940370723,2078.471275967529,0.4197129582174033,nan,nan,nan,nan,nan,4331,472,0,15500,15500,0
44,on,15750,2918,0.6938246079470842,637583.9593829877,918941.1157806818,0.0,69194,1989,102175,33.40540542267263,442,0.7346779549528606,0.1372210991122136,0.9993060402898353,0.1372210991122136,1179460.905356206,341,0.7714932126696833,1.0,1.0,1.0,0.4680113290472705,1144780.3956234758,1179460.9053562065,0.10156911348032845,0.7714932126696833,1254.130089472925,2078.471275967529,0.4228280467026948,nan,nan,nan,nan,nan,4331,472,0,15750,15750,0
44,on,16000,2757,0.7092882416408809,651794.128183589,918941.1157806818,0.0,70035,2039,103942,32.7412157766521,442,0.748443456998179,0.13148567595808494,0.9997172023564147,0.13148567595808494,1172377.688806415,341,0.7714932126696833,1.0,1.0,1.0,0.45513948593514275,1150901.7260620906,1172377.6888064158,0.09211282177844032,0.7714932126696833,1295.8021387415502,2078.471275967529,0.4122540664052232,nan,nan,nan,nan,nan,4331,472,0,16000,16000,0
44,on,16250,2918,0.6909747442814725,634965.1024862877,918941.1157806818,0.0,70787,2091,105758,33.20220593176782,442,0.7350199441258805,0.14308438884916222,0.999750443268509,0.14308438884916222,1211907.4358776696,341,0.7714932126696833,1.0,1.0,1.0,0.4779790108303763,1183930.4110711091,1211907.4358776703,0.10070023027877141,0.7714932126696833,1246.4501572245379,2078.471275967529,0.42994278653463147,nan,nan,nan,nan,nan,4345,472,0,16250,16250,0
44,on,16500,2891,0.6894014746608131,633519.3603456551,918941.1157806818,0.0,71554,2138,107736,33.77030726335943,442,0.7334552840347117,0.14191447700190077,0.9997881198520278,0.14191447700190077,1205739.724204907,341,0.7714932126696833,1.0,1.0,1.0,0.475231769861175,1174319.662271421,1205739.7242049077,0.10224949148590476,0.7714932126696833,1242.2104442021546,2078.471275967529,0.42868182708203695,nan,nan,nan,nan,nan,4345,472,0,16500,16500,0
44,on,16750,2862,0.6962250812501263,639789.852998487,918941.1157806818,0.0,72396,2172,109424,33.37683100439608,442,0.7396376591111594,0.13821352293090655,0.9997172023564147,0.13821352293090655,1176884.848819513,341,0.7714932126696833,1.0,1.0,1.0,0.4648443719429525,1143868.8409821857,1176884.8488195136,0.10020011757485052,0.7714932126696833,1260.5989857060601,2078.471275967529,0.42065182146322333,nan,nan,nan,nan,nan,4345,472,0,16750,16750,0
44,on,17000,2899,0.6923826369364857,636258.872933585,918941.1157806818,0.0,73230,2208,111295,33.452905647456646,442,0.7351128870160125,0.1396596507352928,0.999750443268509,0.1396596507352928,1183910.4797263672,341,0.7714932126696833,1.0,1.0,1.0,0.4692253193911433,1149080.4796924312,1183910.4797263679,0.10214360740073745,0.7714932126696833,1250.2442054570809,2078.471275967529,0.4239868272162377,nan,nan,nan,nan,nan,4345,472,0,17000,17000,0
44,on,17250,2843,0.6963509980645572,639905.5631364357,918941.1157806818,0.0,74081,2238,113248,33.43880932405591,442,0.7388189716615062,0.13822190969221285,0.9996132634203123,0.13822190969221285,1187493.2215423584,341,0.7714932126696833,1.0,1.0,1.0,0.46833291118155906,1157746.0895481207,1187493.221542359,0.09922260416310846,0.7714932126696833,1260.9383116237987,2078.471275967529,0.42274625094548046,nan,nan,nan,nan,nan,4345,472,0,17250,17250,0
44,on,17500,2879,0.7024300260486745,645491.8318950224,918941.1157806818,0.0,74977,2271,114902,32.922627568244934,442,0.7450506745517258,0.1334716147869432,0.9994344047128293,0.1334716147869432,1172548.7158037934,341,0.7714932126696833,1.0,1.0,1.0,0.4602210603805543,1144434.5910227196,1172548.7158037939,0.09650037850593686,0.7714932126696833,1277.3203314437012,2078.471275967529,0.41662518229720225,nan,nan,nan,nan,nan,4345,472,0,17500,17500,0
44,on,17750,2869,0.6936689942374155,637440.959546994,918941.1157806818,0.0,75882,2311,116862,33.49646219611168,442,0.7374416582846938,0.13803871949125818,1.0,0.13803871949125818,1176805.420320844,341,0.7714932126696833,1.0,1.0,1.0,0.46727328593227657,1141180.3629316343,1176805.4203208447,0.10190190512618794,0.7714932126696833,1253.7107351151717,2078.471275967529,0.4224721925415318,nan,nan,nan,nan,nan,4345,472,0,17750,17750,0
44,on,18000,2946,0.691889814251097,635805.9979051917,918941.1157806818,0.0,76736,2354,118694,33.14922573976219,442,0.7342220985702194,0.14028054699624293,0.9984574815648537,0.14028054699624293,1192880.580620945,341,0.7714932126696833,1.0,1.0,1.0,0.4731984132601954,1160204.3183224266,1192880.5806209457,0.10170089454247096,0.7714932126696833,1248.9161261949307,2078.471275967529,0.42657882204352715,nan,nan,nan,nan,nan,4345,472,0,18000,18000,0
44,on,18250,2849,0.6978631012969793,641295.0969680131,918941.1157806818,0.0,77620,2389,120628,33.272828152403235,442,0.7404512227826271,0.13391296187747173,1.0,0.13391296187747173,1169220.8712502357,342,0.7737556561085973,1.0,1.0,1.0,0.4610375473582138,1140709.4021017277,1169220.8712502362,0.09572394956403671,0.7737556561085973,1269.990983615558,2069.5818057149236,0.4183550204626676,nan,nan,nan,nan,nan,4355,472,0,18250,18250,0
44,on,18500,2880,0.6925027573725764,636369.2565411541,918941.1157806818,0.0,78462,2431,122435,33.37035886757076,442,0.7363689451167328,0.13922862446721315,0.999750443268509,0.13922862446721315,1195175.2960244312,342,0.7737556561085973,1.0,1.0,1.0,0.4714902557279199,1168994.8018897169,1195175.2960244317,0.09704925862971629,0.7737556561085973,1255.5879414317596,2069.5818057149236,0.42578099644425715,nan,nan,nan,nan,nan,4358,472,0,18500,18500,0
44,on,18750,2872,0.6956863385746406,639294.7802031575,918941.1157806818,0.0,79343,2481,124298,33.36449332907796,442,0.7381910999315924,0.1407716999517352,0.9983032141384879,0.1407716999517352,1205168.1382584292,342,0.7737556561085973,1.0,1.0,1.0,0.47212856557977134,1185043.6677029089,1205168.1382584302,0.09423234347428741,0.7737556561085973,1264.1421041861552,2069.5818057149236,0.42566408712528037,nan,nan,nan,nan,nan,4358,472,0,18750,18750,0
44,on,19000,2835,0.7007574651621266,643954.8469277269,918941.1157806818,0.0,80282,2509,126059,33.183683436363935,442,0.7418035903682515,0.1379861899846671,0.9997950619054744,0.1379861899846671,1201339.2543713946,342,0.7737556561085973,1.0,1.0,1.0,0.4682889885163255,1185019.222108474,1201339.254371395,0.09136124419408247,0.7737556561085973,1277.768030281388,2069.5818057149236,0.42235416448453367,nan,nan,nan,nan,nan,4358,472,0,19000,19000,0
44,on,19250,2946,0.6889370106993327,633092.5453146523,918941.1157806818,0.0,81161,2543,127817,33.82046854309738,442,0.7320158281771876,0.14637766214153672,0.9997172023564147,0.14637766214153672,1224143.297005924,342,0.7737556561085973,1.0,1.0,1.0,0.4825384725467199,1202883.2975050895,1224143.2970059244,0.0969963749539974,0.7737556561085973,1246.0069144536842,2069.5818057149236,0.43356497907186786,nan,nan,nan,nan,nan,4358,472,0,19250,19250,0
44,on,19500,2836,0.6882985157757725,632505.8060771757,918941.1157806818,0.0,82014,2581,129784,34.311215283349156,442,0.7331653203880169,0.14351922680894236,0.9997172023564147,0.14351922680894236,1211787.3522189504,342,0.7737556561085973,1.0,1.0,1.0,0.47897056247139647,1186274.5004384653,1211787.3522189513,0.09839405230626053,0.7737556561085973,1244.291302648197,2069.5818057149236,0.4313113678125904,nan,nan,nan,nan,nan,4358,472,0,19500,19500,0
44,on,19750,2906,0.6926831784438251,636535.0528816778,918941.1157806818,0.0,82864,2623,131366,33.00707099959254,442,0.7350048764696278,0.13941677565112423,0.9982932085126275,0.13941677565112423,1182291.879699309,342,0.7737556561085973,1.0,1.0,1.0,0.4688731881026027,1152522.8089303386,1182291.8796993096,0.09798998013567087,0.7737556561085973,1256.072726053174,2069.5818057149236,0.4238646219632909,nan,nan,nan,nan,nan,4358,472,0,19750,19750,0
44,on,20000,2994,0.6853004796193061,629750.7873864016,918941.1157806818,0.0,83728,2674,133304,33.69362661615014,442,0.7296916360657529,0.14314830618060959,0.9985680045911318,0.14314830618060959,1195915.407356285,342,0.7737556561085973,1.0,1.0,1.0,0.4786477598934902,1162738.7106732314,1195915.4073562857,0.10165574668547178,0.7737556561085973,1236.2356924412552,2069.5818057149236,0.4311822441490407,157625528.639,3.0227586574106478,40630827.49499999,0.7791706497590908,2607.3125,4358,472,0,20000,20000,0
