seed,arm,tick,pop,global_sat,abs_food,abs_cap,cap_lost_frac,d_starv,d_old,d_pred,ms_per_tick,n_patches,patch_sat_mean,patch_sat_var,patch_sat_range,patch_sat_init_var,patch_abs_food_var,l1_visited_patch_n,l1_visited_patch_frac,l1_first_visit_median,l1_first_visit_p25,l1_first_visit_p75,l2_visited_gini,l2_visited_var,l2_total_var,l2_between_share,l2_visited_frac,l2_visited_mean,l2_unvisited_mean,l2_total_gini,l3_forage_sum,l3_intake_per_capita,l3_net_sum,l3_net_per_capita,l3_pop_mean,l0_peak_dead,l0_peak_rest,l0_peak_demoted,l0_any_dead,l0_any_rest,l0_any_demoted,bg_low_frac_actual,bg_low_n,bg_resid_frac
53,off,250,940,0.9961860052624671,3316690.564233098,3329388.8357317797,0.0,8344,0,896,21.77340687252581,1350,0.9956758890435486,0.00018232195414826075,0.1232868108996642,0.00018232195414826075,2149159.062709675,772,0.5718518518518518,1.0,1.0,1.0,0.3224522629320712,2581659.4708569543,2149159.0627096775,0.030619534264790235,0.5718518518518518,2520.5286268965706,2002.0930828709593,0.32659408177330573,nan,nan,nan,nan,nan,0,0,0,0,0,0,0.4,166641,0.486454
53,off,500,1527,0.9889652945159845,3292650.01048771,3329388.8357317797,0.0,8488,0,1388,14.244048284366727,1350,0.9889598367315282,0.001422418515009686,0.5479789147869218,0.001422418515009686,2118248.8535919827,772,0.5718518518518518,1.0,1.0,1.0,0.3248435209485663,2540880.5870924247,2118248.8535919846,0.027482852424024925,0.5718518518518518,2489.7120520489393,2002.0930828709593,0.32760293930496354,nan,nan,nan,nan,nan,0,0,0,0,0,0,0.4,166641,0.307364
53,off,750,2657,0.9746066405266407,3244844.4681994533,3329388.8357317797,0.0,9118,0,2349,16.901487609371543,1350,0.9760745997010889,0.0074529790854595485,0.9999991492512239,0.0074529790854595485,2088516.9523435356,773,0.5725925925925925,1.0,1.0,1.0,0.3326899488837749,2509914.4804454604,2088516.9523435375,0.021485870092856053,0.5725925925925925,2428.8178925799293,2000.6130345262518,0.3318032111096543,nan,nan,nan,nan,nan,0,0,0,0,0,0,0.4,166641,0.198553
53,off,1000,4302,0.9518198301688792,3168978.316192385,3329388.8357317797,0.0,10321,2,3825,20.542068608105183,1350,0.9567179120892787,0.017475091497674095,0.9997850974930989,0.017475091497674095,2046263.4874949933,776,0.5748148148148148,1.0,1.0,1.0,0.34387661457736973,2458824.7229116224,2046263.487494995,0.013459362215266535,0.5748148148148148,2332.769963298257,1997.0787454711754,0.33799419857869006,nan,nan,nan,nan,nan,0,0,0,0,0,0,0.4,166641,0.143134
53,off,1250,5863,0.9287227958309957,3092079.307929322,3329388.8357317797,0.0,12388,14,5998,26.348219260573387,1350,0.9384139785306422,0.027347201370327683,0.9999553605060805,0.027347201370327683,1994809.483271014,780,0.5777777777777777,1.0,1.0,1.0,0.35426068610439576,2390365.3805043167,1994809.483271016,0.007471422625260085,0.5777777777777777,2237.967950549048,1990.7947375432107,0.3435983346247522,nan,nan,nan,nan,nan,0,0,0,0,0,0,0.4,166641,0.120879
53,off,1500,7359,0.9069696946826424,3019654.7758234506,3329388.8357317797,0.0,14985,60,8265,30.407707784324884,1350,0.9199589824566343,0.042519844291068136,1.0,0.042519844291068136,2010458.1813488156,785,0.5814814814814815,1.0,1.0,1.0,0.3756143459284429,2419419.6919545582,2010458.1813488177,0.003270705332793726,0.5814814814814815,2149.3720488233953,1984.9943305463514,0.35679735050397654,nan,nan,nan,nan,nan,0,0,0,0,0,0,0.4,166641,0.113776
53,off,1750,8638,0.8859791439113534,2949769.0704296594,3329388.8357317797,0.0,18325,113,11464,35.1177696082741,1350,0.9021238655329632,0.0538038867509317,1.0,0.0538038867509317,1983392.0362987814,794,0.5881481481481482,1.0,1.0,1.0,0.3895559688790433,2371558.8779247766,1983392.0362987837,0.0012317087899517433,0.5881481481481482,2070.6610095470623,1970.235412025441,0.3660742731564095,nan,nan,nan,nan,nan,0,0,0,0,0,0,0.4,166641,0.1138
53,off,2000,9825,0.8691685407121664,2893800.0358163696,3329388.8357317797,0.0,22152,155,15040,39.69799395650625,1350,0.8889635610399701,0.06332733962224886,1.0,0.06332733962224886,1953320.973235174,797,0.5903703703703703,1.0,1.0,1.0,0.4016176983278448,2317291.24548457,1953320.973235176,0.00016970389214564092,0.5903703703703703,2003.4345288529444,1966.411260899763,0.37376006177567844,30750144.107,2.991913999367566,6725610.427999999,0.6543854859283403,5138.875,0,0,0,0,0,0,0.4,166641,0.113472
53,on,250,860,0.9881732783861628,3078767.1980985003,3115614.7058809316,0.06420821970584334,8477,0,823,29.089433919638395,1350,0.9885441059207781,0.0005783302794547563,0.23387020934927205,0.0005783302794547563,2122004.6818336253,764,0.5659259259259259,1.0,1.0,1.0,0.32683188662763785,2522897.994286385,2122004.6818336276,0.0204770499882528,0.5659259259259259,2463.1297097276743,2042.553071444638,0.32721636875147375,nan,nan,nan,nan,nan,1900,803,0,250,250,0,0.4,166641,0.44964
53,on,500,1317,0.9782515714069921,3047854.981926755,3115614.7058809316,0.06420821970584334,8610,0,1260,21.750305231660604,1350,0.9805653332377221,0.0032354712362378376,0.8653356480564647,0.0032354712362378376,2087146.2671501683,764,0.5659259259259259,1.0,1.0,1.0,0.33053538864826937,2475365.2486751736,2087146.2671501704,0.01700599277215349,0.5659259259259259,2422.66869379607,2042.553071444638,0.3290040550071509,nan,nan,nan,nan,nan,2681,833,0,500,500,0,0.4,166641,0.275617
53,on,750,2071,0.9570447291058275,2981782.6321879486,3115614.7058809316,0.06420821970584334,9057,0,2220,23.606978591531515,1350,0.9632456201213804,0.010945764654937523,0.9986011753881265,0.010945764654937523,2030094.921244441,764,0.5659259259259259,1.0,1.0,1.0,0.33931213644334135,2399846.9314655024,2030094.921244443,0.010433217578872066,0.5659259259259259,2336.186560630094,2042.553071444638,0.3334876233526878,nan,nan,nan,nan,nan,4091,936,0,750,750,0,0.4,166641,0.168314
53,on,1000,3238,0.9265384726416934,2886736.890926917,3115614.7058809316,0.06420821970584334,9762,0,3550,25.749970328062773,1350,0.9386817351766427,0.024784986724638747,0.998811314440354,0.024784986724638747,2007032.9022818862,765,0.5666666666666667,1.0,1.0,1.0,0.35781881913468694,2381496.099042629,2007032.9022818883,0.0035953264978480374,0.5666666666666667,2212.6073403405735,2041.1833770365454,0.34375993309261466,nan,nan,nan,nan,nan,4438,990,0,1000,1000,0,0.4,166641,0.110297
53,on,1250,4089,0.8955159101224038,2790082.538927708,3115614.7058809316,0.06420821970584334,11039,7,5396,30.041559539735317,1350,0.9151391240030723,0.038809554075049824,0.9984847087275451,0.038809554075049824,1960842.2389418404,767,0.5681481481481482,1.0,1.0,1.0,0.3753707330313423,2307312.897282041,1960842.2389418425,0.00031063641994495103,0.5681481481481482,2088.2449249517117,2038.419693807454,0.35401140417799737,nan,nan,nan,nan,nan,6004,1029,0,1250,1250,0,0.4,166641,0.078544
53,on,1500,4637,0.8758980818473815,2728960.9446566016,3115614.7058809316,0.06420821970584334,12669,33,7313,31.862724704667922,1350,0.9002097722349072,0.05240108938982402,0.9996535155921371,0.05240108938982402,1956439.4189321995,767,0.5681481481481482,1.0,1.0,1.0,0.3950080731112644,2300250.421039232,1956439.4189322016,0.0001118469604096647,0.5681481481481482,2008.555753802942,2038.419693807454,0.36506615651972507,nan,nan,nan,nan,nan,6918,1029,0,1500,1500,0,0.4,166641,0.060791
53,on,1750,5224,0.8564340357223748,2668318.476313586,3115614.7058809316,0.06420821970584334,14618,70,9672,33.72205923870206,1350,0.885637331930746,0.06293512033677726,0.9989484243196723,0.06293512033677726,1916284.5973457021,768,0.5688888888888889,1.0,1.0,1.0,0.4088621490375999,2223427.751363812,1916284.597345704,0.0014348514491969804,0.5688888888888889,1930.8849821808938,2036.7677147743298,0.3731204944484705,nan,nan,nan,nan,nan,7553,1029,0,1750,1750,0,0.4,166641,0.050097
53,on,2000,5695,0.8388532257717117,2613543.446290002,3115614.7058809316,0.06420821970584334,16812,101,12375,35.435545831918716,1350,0.872564875022405,0.07247150870459015,0.999487510356956,0.07247150870459015,1900853.520004608,768,0.5688888888888889,1.0,1.0,1.0,0.422683267759566,2187598.5732992534,1900853.5200046094,0.004051510339108583,0.5688888888888889,1859.563328504352,2036.7677147743298,0.3811647930190061,20601151.713,3.0372860142272677,4625549.712000001,0.6819578654675466,3391.375,8007,1029,0,2000,2000,0,0.4,166641,0.043717
54,off,250,984,0.995750647251409,3354725.751152455,3369041.9990311563,0.0,8286,0,974,21.127926003187895,1343,0.9956921753162714,0.0001817645853528417,0.12988723955127335,0.0001817645853528417,1951944.8595944892,785,0.5845122859270291,1.0,1.0,1.0,0.3121309451960035,2301641.1594661195,1951944.8595944892,0.02381420525629669,0.5845122859270291,2520.6933787980242,2083.1955483904053,0.3080176168884594,nan,nan,nan,nan,nan,0,0,0,0,0,0,0.400001,167004,0.477421
54,off,500,1745,0.9856947064088356,3320846.864114052,3369041.9990311563,0.0,8476,0,1543,14.170018771663308,1343,0.9877181396061249,0.001988088268449423,0.616360977098296,0.001988088268449423,1893730.1906409326,785,0.5845122859270291,1.0,1.0,1.0,0.31263512454229203,2216833.117063886,1893730.1906409326,0.019982685640992856,0.5845122859270291,2477.935510606678,2083.196485277823,0.30759928763402433,nan,nan,nan,nan,nan,0,0,0,0,0,0,0.400001,167004,0.287919
54,off,750,3376,0.9625497190788933,3242870.4297324326,3369041.9990311563,0.0,9213,0,2686,18.154478568583727,1343,0.9687298913988098,0.012647680920296901,0.9987992687764257,0.012647680920296901,1856023.2089758988,790,0.5882352941176471,1.0,1.0,1.0,0.3237316003643338,2168951.0345376777,1856023.2089758988,0.01209274158791297,0.5882352941176471,2381.7323200190854,2077.3257729082966,0.31391181833889426,nan,nan,nan,nan,nan,0,0,0,0,0,0,0.400001,167004,0.180528
54,off,1000,5441,0.9363592427163239,3154633.6148923035,3369041.9990311563,0.0,10852,2,4576,23.776566434651613,1343,0.94744765137982,0.025405513096736825,1.0,0.025405513096736825,1831284.168487534,792,0.5897244973938943,1.0,1.0,1.0,0.3392529113265228,2145304.6339222775,1831284.1684875346,0.005188038584383101,0.5897244973938943,2272.400328202813,2074.2398272010832,0.322579334324379,nan,nan,nan,nan,nan,0,0,0,0,0,0,0.400001,167004,0.127089
54,off,1250,7582,0.9046044335198742,3047650.3290382437,3369041.9990311563,0.0,13697,10,7238,30.411037903279066,1343,0.922941208417884,0.04129461087680827,0.9994553230725653,0.04129461087680827,1792987.8066807552,802,0.5971705137751303,1.0,1.0,1.0,0.3587452730111014,2092748.999478162,1792987.8066807552,0.0009249732553228763,0.5971705137751303,2145.699086257752,2062.6674776271375,0.3342711872173407,nan,nan,nan,nan,nan,0,0,0,0,0,0,0.400001,167004,0.106304
54,off,1500,8873,0.8850696833640548,2981836.9353227075,3369041.9990311563,0.0,17732,63,10183,35.87423205189407,1343,0.9056295499399435,0.053812402608212004,0.9995412445873599,0.053812402608212004,1811511.4273479097,808,0.6016381236038719,1.0,1.0,1.0,0.3754969200676219,2114321.131675842,1811511.4273479097,1.4612025553949764e-05,0.6016381236038719,2067.946021844173,2057.4368331051246,0.34511097641239363,nan,nan,nan,nan,nan,0,0,0,0,0,0,0.400001,167004,0.100317
54,off,1750,10726,0.8583030187702563,2891658.9181322204,3369041.9990311563,0.0,22565,184,13890,41.35839520394802,1343,0.883819371424816,0.06868840337060808,1.0,0.06868840337060808,1805975.0780512206,816,0.6075949367088608,1.0,1.0,1.0,0.39508215795175716,2116122.0371036925,1805975.0780512206,0.000689562381584254,0.6075949367088608,1968.821167843162,2041.092869862057,0.3573838712869959,nan,nan,nan,nan,nan,0,0,0,0,0,0,0.400001,167004,0.097815
54,off,2000,12113,0.8358975886441724,2816174.083031086,3369041.9990311563,0.0,28126,302,18075,47.13691989146173,1343,0.86517695753317,0.08210723819502189,0.9996176970313481,0.08210723819502189,1835591.7915422805,826,0.6150409530900968,1.0,1.0,1.0,0.4156200713154592,2138836.4016583646,1835591.7915422812,0.002753416907608344,0.6150409530900968,1885.3780681012136,2031.4829603752014,0.37186083574051976,35854560.718,2.820972519118804,7337780.113000001,0.57732337631786,6355.0,0,0,0,0,0,0,0.400001,167004,0.098745
54,on,250,708,0.9002243820613394,3321343.491781974,3689461.8252582108,-0.09510710353839413,8553,0,915,30.170370804145932,1343,0.9895058208597394,0.00038944686539190776,0.17573347743458778,0.005894559796212557,1906547.4946490363,776,0.5778108711839166,1.0,1.0,1.0,0.3284326149172394,2278023.6391256554,1906547.4946490363,0.012258742164225902,0.5778108711839166,2392.3935556712113,2082.8652344511293,0.3158090258829982,nan,nan,nan,nan,nan,6217,14696,0,250,250,0,0.400001,167004,0.601189
54,on,500,901,0.8975116528088436,3311334.9807626293,3689461.8252582103,-0.09510710353839391,8792,0,1304,21.734483305364847,1343,0.9864619758887139,0.0018382453818889272,0.9605293090348418,0.015538889346526879,1851207.9417108917,779,0.5800446760982875,1.0,1.0,1.0,0.3388379574078899,2196049.3738123747,1851207.9417108917,0.005799568740173879,0.5800446760982875,2291.099211851233,2081.1601827614445,0.32149538626937035,nan,nan,nan,nan,nan,7842,14696,0,500,500,0,0.400001,167004,0.494547
54,on,750,1043,0.8938846384243845,3297953.249651505,3689461.8252582108,-0.09510710353839413,9276,0,1874,22.788078147917986,1343,0.9729751130263347,0.010464585627118168,1.002611541824564,0.03289428570544106,1836237.0460711059,783,0.5830230826507818,1.0,1.0,1.0,0.360421825452687,2177296.1496672346,1836237.0460711059,0.0007976317175397958,0.5830230826507818,2156.0425533124517,2078.4237936914797,0.3340403930735938,nan,nan,nan,nan,nan,9550,14696,0,750,750,0,0.400001,167004,0.465639
54,on,1000,1166,0.8924027077118237,3292485.7228598353,3689461.825258211,-0.09510710353839436,9847,0,2603,23.87758384272456,1343,0.9636652815069522,0.014868198336894019,1.0,0.049664441049940264,1810563.9930231343,785,0.5845122859270291,1.0,1.0,1.0,0.3826861761974074,2131123.087794919,1810563.9930231345,0.0003916096331244553,0.5845122859270291,2021.2191804521053,2075.2520095915293,0.3471286399549305,nan,nan,nan,nan,nan,9894,14696,0,1000,1000,0,0.400001,167004,0.464727
54,on,1250,1113,0.8912224985682675,3288131.386278863,3689461.8252582103,-0.09510710353839391,10460,1,3382,23.7465107049793,1343,0.9539316644953301,0.02061357075017244,1.0139974462522965,0.06425624322629844,1782931.9631530424,787,0.5860014892032762,1.0,1.0,1.0,0.40316391002965424,2067434.5020591412,1782931.9631530428,0.004261094791184635,0.5860014892032762,1896.8621907165302,2073.823871199509,0.35952650487516613,nan,nan,nan,nan,nan,9894,14696,0,1250,1250,0,0.400001,167004,0.460832
54,on,1500,934,0.8927051885099616,3293601.714217438,3689461.8252582108,-0.09510710353839413,11047,11,3841,23.391069687902927,1343,0.9545600757407372,0.01911479558038707,1.0,0.07166871899426347,1753317.1006475927,789,0.5874906924795235,1.0,1.0,1.0,0.41114960787370847,2000950.2455869392,1753317.1006475927,0.008034170970909969,0.5874906924795235,1831.904180742874,2072.996512744961,0.364783850222965,nan,nan,nan,nan,nan,9894,14696,0,1500,1500,0,0.400001,167004,0.453689
54,on,1750,957,0.891963190296673,3290864.1401351,3689461.8252582108,-0.09510710353839413,11471,15,4440,22.949328368529677,1343,0.9508823271543554,0.021447544710309425,1.0,0.07863043003178463,1752887.1867513855,790,0.5882352941176471,1.0,1.0,1.0,0.42284519168378787,1986358.0837944553,1752887.1867513855,0.012188018162001699,0.5882352941176471,1774.3648456259832,2071.3559429160982,0.37219496271507935,nan,nan,nan,nan,nan,9894,14696,0,1750,1750,0,0.400001,167004,0.446455
54,on,2000,868,0.892891777222286,3294290.1261485834,3689461.825258211,-0.09510710353839436,11892,23,5027,23.191230008378625,1343,0.9491946627262923,0.022347964556838764,1.0,0.08482663709707557,1746075.4675033523,791,0.5889798957557707,1.0,1.0,1.0,0.43194190769686314,1960842.2005626603,1746075.4675033523,0.01636134098276424,0.5889798957557707,1726.3979077637973,2069.9235697528884,0.37808308920277023,5770720.383,3.001675101690507,691191.7870000001,0.35952758751625497,961.25,9894,14696,0,2000,2000,0,0.400001,167004,0.439652
55,off,250,940,0.9964100859411431,3346141.3873433853,3358197.026059648,0.0,8312,0,937,21.85598569177091,1350,0.9963978685995338,0.0001420165418513539,0.17185527476099882,0.0001420165418513539,2208213.5581116993,795,0.5888888888888889,1.0,1.0,1.0,0.32263879499837933,2542712.61454522,2208213.5581116998,0.0288454206615393,0.5888888888888889,2531.295071624062,2018.3596547403927,0.3280281856095273,nan,nan,nan,nan,nan,0,0,0,0,0,0,0.4,166639,0.487135
55,off,500,1398,0.9897805587770742,3323878.128936827,3358197.026059648,0.0,8429,0,1492,14.3116724640131,1350,0.9905213405489491,0.0010478747240855197,0.42741525009456516,0.0010478747240855197,2175445.686246581,797,0.5903703703703703,1.0,1.0,1.0,0.3235532991068142,2494641.5901948647,2175445.686246581,0.02581090987991781,0.5903703703703703,2501.4131556116863,2019.5565446290889,0.3282072240320477,nan,nan,nan,nan,nan,0,0,0,0,0,0,0.4,166639,0.309539
55,off,750,2539,0.973696850183633,3269865.866570323,3358197.026059648,0.0,8844,0,2584,16.336613001301885,1350,0.977602813153373,0.00763674198383903,0.9864450881770879,0.00763674198383903,2137884.6386397406,799,0.5918518518518519,1.0,1.0,1.0,0.3301423487931594,2451073.2611242845,2137884.638639741,0.019397525046083264,0.5918518518518519,2433.4971872606197,2019.1638543890256,0.33164205143941206,nan,nan,nan,nan,nan,0,0,0,0,0,0,0.4,166639,0.205322
55,off,1000,3709,0.9566377694393046,3212578.1123474077,3358197.026059648,0.0,9998,0,4109,19.984720811247826,1350,0.962592853788593,0.014567642194879353,0.9997064608156481,0.014567642194879353,2111850.8276316207,801,0.5933333333333334,1.0,1.0,1.0,0.33995851337364824,2423284.663896703,2111850.8276316207,0.013575445819262377,0.5933333333333334,2362.4487347010227,2017.7497472220807,0.337352229227007,nan,nan,nan,nan,nan,0,0,0,0,0,0,0.4,166639,0.149306
55,off,1250,5325,0.9360189761303139,3143336.141976217,3358197.026059648,0.0,11663,3,6158,23.98875687085092,1350,0.9435275373707287,0.025604882680422204,0.9989694769366863,0.025604882680422204,2092471.7330243702,810,0.6,1.0,1.0,1.0,0.35220195230778417,2392117.0558949513,2092471.7330243704,0.007628941954883563,0.6,2274.536832185107,2016.6338676044536,0.3450356697808412,nan,nan,nan,nan,nan,0,0,0,0,0,0,0.4,166639,0.11902
55,off,1500,6467,0.9210214906253259,3092971.6307549933,3358197.026059648,0.0,14098,16,8423,27.97648204676807,1350,0.9285668605956328,0.03731992694582291,0.9995521754555415,0.03731992694582291,2136491.6409481755,816,0.6044444444444445,1.0,1.0,1.0,0.36812339303563846,2462102.3154263357,2136491.6409481764,0.004353200149780238,0.6044444444444445,2212.4797689258908,2015.2497677489189,0.35521172098149356,nan,nan,nan,nan,nan,0,0,0,0,0,0,0.4,166639,0.106026
55,off,1750,7695,0.903552319802308,3034306.713249407,3358197.026059648,0.0,17112,50,10866,31.213408252224326,1350,0.9137067028301407,0.048369479572064465,1.0,0.048369479572064465,2133918.774223223,822,0.6088888888888889,1.0,1.0,1.0,0.38134759565321397,2454441.3525130204,2133918.774223223,0.0019829187339245468,0.6088888888888889,2143.6309716977316,2010.333381373333,0.3638469895316121,nan,nan,nan,nan,nan,0,0,0,0,0,0,0.4,166639,0.103885
55,off,2000,8939,0.8829614395285551,2965158.4803501396,3358197.026059648,0.0,20758,99,13991,35.28667744807899,1350,0.89553911582232,0.060482294094159984,1.0,0.060482294094159984,2142987.5153035107,829,0.6140740740740741,1.0,1.0,1.0,0.3991116700368438,2479639.1659052214,2142987.5153035107,0.0005648332099339292,0.6140740740740741,2068.388265802933,1996.920933081736,0.37506879757917333,28654130.369,3.0967394757375986,6458878.122,0.6980307059332109,4626.5,0,0,0,0,0,0,0.4,166639,0.104704
55,on,250,677,0.9000927609634023,3311225.6610310506,3678760.4618516476,-0.09545700663314971,8541,0,918,30.883364444598556,1350,0.9898454607967428,0.00036978888637046153,0.16656312942754647,0.005225064536321025,2150826.0147939203,782,0.5792592592592593,1.0,1.0,1.0,0.3397452754908965,2495710.8880146444,2150826.0147939203,0.01273524258779234,0.5792592592592593,2386.3774508420756,2051.132322543212,0.335864043865425,nan,nan,nan,nan,nan,6289,14400,0,250,249,0,0.4,166639,0.599637
55,on,500,746,0.8989045520485873,3306854.5250548096,3678760.4618516476,-0.09545700663314971,8735,0,1318,21.721331039443612,1350,0.9875775371397284,0.0015519385929574294,0.9777315053803064,0.013434393001068167,2091088.552916223,782,0.5792592592592593,1.0,1.0,1.0,0.3474459093315234,2412827.4169104565,2091088.5529162227,0.007491240502292332,0.5792592592592593,2304.656455696704,2051.132322543212,0.3398658145470139,nan,nan,nan,nan,nan,7736,14400,0,500,499,0,0.4,166639,0.492159
55,on,750,987,0.8949903070212384,3292454.9552101986,3678760.4618516476,-0.09545700663314971,9043,0,1867,22.58425337448716,1350,0.9779544350728226,0.006823657776768202,1.0086624108732134,0.029279193207874202,2056127.3906223588,784,0.5807407407407408,1.0,1.0,1.0,0.36698959681216725,2369106.9801258883,2056127.390622359,0.0017534850539457374,0.5807407407407408,2169.805097633657,2048.1182711643182,0.3512175671100084,nan,nan,nan,nan,nan,9531,14400,0,750,749,0,0.4,166639,0.457812
55,on,1000,1073,0.8945071949229272,3290677.7015242893,3678760.4618516476,-0.09545700663314971,9544,0,2517,23.533869858831167,1350,0.9690523933977524,0.01153190561794478,1.0,0.045381647396831745,2022791.9132320948,791,0.585925925925926,1.0,1.0,1.0,0.38616437290471306,2301537.993842253,2022791.9132320948,6.201555088890797e-07,0.585925925925926,2042.7383173322253,2045.0121867993757,0.36332985517947125,nan,nan,nan,nan,nan,9880,14400,0,1000,999,0,0.4,166639,0.450842
55,on,1250,1123,0.8913350961761459,3279008.3100735415,3678760.4618516476,-0.09545700663314971,10067,2,3206,23.61411621235311,1350,0.9565470947484909,0.02010579697527397,1.0,0.05945748217733924,1983063.1470649561,792,0.5866666666666667,1.0,1.0,1.0,0.4056418327508817,2223553.4994628117,1983063.1470649564,0.0022097324405322637,0.5866666666666667,1910.059225220283,2044.4879862200273,0.37548864776149804,nan,nan,nan,nan,nan,9880,14400,0,1250,1249,0,0.4,166639,0.4464
55,on,1500,1025,0.8908401956472158,3277187.6895751636,3678760.4618516476,-0.09545700663314971,10541,2,3811,23.57014363631606,1350,0.9484297210293141,0.025448689698912508,1.0,0.0716688185334027,1982078.4392468738,795,0.5888888888888889,1.0,1.0,1.0,0.42368131240166385,2202394.0454886095,1982078.4392468743,0.006101187876291673,0.5888888888888889,1817.3062785778234,2040.8030895135907,0.387251898578721,nan,nan,nan,nan,nan,9880,14400,0,1500,1499,0,0.4,166639,0.438414
55,on,1750,959,0.8913027173842076,3278889.1962539563,3678760.4618516476,-0.09545700663314971,11012,6,4344,23.337892599403858,1350,0.9430871103710892,0.028829926323510304,1.0,0.08104646177780059,1980297.3085615074,797,0.5903703703703703,1.0,1.0,1.0,0.43837128112167467,2180882.4381607603,1980297.3085615076,0.010425900366594685,0.5903703703703703,1745.8045514199223,2037.9936616547106,0.39677281363019246,nan,nan,nan,nan,nan,9880,14400,0,1750,1749,0,0.4,166639,0.432313
55,on,2000,893,0.8926756409828162,3283939.85330566,3678760.4618516476,-0.09545700663314971,11410,14,4876,22.99848864041269,1350,0.9426843529505458,0.028729214915185368,1.0,0.08697073022580833,1949600.9252379679,799,0.5918518518518519,1.0,1.0,1.0,0.44539212691084584,2111968.0175411203,1949600.9252379683,0.014429060784022441,0.5918518518518519,1694.3931922605777,2035.6461875566638,0.4017127586785343,5615975.916,3.0019916696512094,685498.9859999998,0.3664300339436054,935.375,9880,14400,0,2000,1999,0,0.4,166639,0.425424
56,off,250,953,0.9960107221724787,3365953.447726869,3379434.9526530383,0.0,8282,0,972,21.472889507189393,1318,0.9959648949830039,0.0002046201609108011,0.2705072348665699,0.0002046201609108011,2072354.896133232,766,0.5811836115326252,1.0,1.0,1.0,0.3202082283427832,2521567.151319209,2072354.8961332322,0.02183988876747166,0.5811836115326252,2572.3505426249803,2141.1406026288487,0.31173844312652355,nan,nan,nan,nan,nan,0,0,0,0,0,0,0.399999,166756,0.487449
56,off,500,1576,0.9881125858000654,3339262.2096091155,3379434.9526530383,0.0,8433,0,1472,14.036452196538448,1318,0.9883316845360163,0.0028255412228512158,0.950765750302085,0.0028255412228512158,2063555.9896237412,766,0.5811836115326252,1.0,1.0,1.0,0.3247047019928373,2518410.5715455525,2063555.989623742,0.018558084459201915,0.5811836115326252,2537.7894425837935,2141.1406026288487,0.3140476769618634,nan,nan,nan,nan,nan,0,0,0,0,0,0,0.399999,166756,0.30385
56,off,750,2750,0.9721165402113552,3285204.6140423967,3379434.9526530383,0.0,9074,0,2602,16.85160951502621,1318,0.9727188711408453,0.009696556574526359,1.0,0.009696556574526359,2038851.8781115506,768,0.582701062215478,1.0,1.0,1.0,0.3331705294948597,2491713.672005786,2038851.8781115517,0.012637962664205839,0.582701062215478,2466.8285621199175,2141.3032025486627,0.3186246931694605,nan,nan,nan,nan,nan,0,0,0,0,0,0,0.399999,166756,0.200518
56,off,1000,4480,0.9515993708441173,3215868.1747532506,3379434.9526530383,0.0,10366,1,4281,21.325249891728163,1318,0.9539885230133001,0.020846131280171907,1.0,0.020846131280171907,2009743.1396689755,772,0.5857359635811836,1.0,1.0,1.0,0.34439778011531086,2450605.1794347083,2009743.1396689767,0.007055387855749809,0.5857359635811836,2378.979184645332,2137.2432786016007,0.32539698916965687,nan,nan,nan,nan,nan,0,0,0,0,0,0,0.399999,166756,0.142802
56,off,1250,6344,0.9254398942462219,3127463.9251952134,3379434.9526530383,0.0,12672,8,6584,26.701458126306534,1318,0.931943610044674,0.033508628375900726,1.0,0.033508628375900726,1986731.5454539617,776,0.5887708649468892,1.0,1.0,1.0,0.36014835646244725,2418188.53686251,1986731.5454539624,0.0021069791787993665,0.5887708649468892,2266.3544133748073,2134.8668667498237,0.33474881565288994,nan,nan,nan,nan,nan,0,0,0,0,0,0,0.399999,166756,0.117086
56,off,1500,7580,0.9057029850387482,3060764.324362138,3379434.9526530383,0.0,15862,22,9349,31.18186935596168,1318,0.9149481181609679,0.0462754855491936,1.0,0.0462754855491936,2030899.8377447852,778,0.590288315629742,1.0,1.0,1.0,0.38145858090898166,2493290.603429275,2030899.837744786,0.0002623598569452693,0.590288315629742,2181.260303906958,2134.322617725068,0.34776731262326144,nan,nan,nan,nan,nan,0,0,0,0,0,0,0.399999,166756,0.10539
56,off,1750,8929,0.8862224505723492,2994931.1252900264,3379434.9526530383,0.0,19739,55,12558,35.755109963938594,1318,0.8972077659269986,0.059340225895745696,1.0,0.059340225895745696,2060605.303227751,784,0.5948406676783005,1.0,1.0,1.0,0.4015770049169618,2543554.7628017804,2060605.3032277517,5.1858125284327255e-05,0.5948406676783005,2104.082926290319,2125.139735557369,0.3603218341084313,nan,nan,nan,nan,nan,0,0,0,0,0,0,0.399999,166756,0.100668
56,off,2000,10014,0.8689127055061076,2936433.967791656,3379434.9526530383,0.0,24221,143,16280,41.07799496687949,1318,0.8810782696797707,0.06948093842406147,1.0,0.06948093842406147,2053130.734347994,789,0.5986342943854325,1.0,1.0,1.0,0.41562703434625603,2517118.6308221854,2053130.734347994,0.0009410421726548762,0.5986342943854325,2032.5101753227977,2122.1832205047185,0.36941778636887435,31644279.891,2.9694815268615398,7107113.242,0.6669275317411908,5328.25,0,0,0,0,0,0,0.399999,166756,0.099761
56,on,250,672,0.9004556253156036,3331313.1186298598,3699586.1039373893,-0.09473511275398727,8498,0,957,30.495735496282578,1318,0.9893664507172716,0.0003939957573711051,0.15459388558785658,0.005257148392912747,2004507.547835518,757,0.5743550834597876,1.0,1.0,1.0,0.33229544848893977,2427196.7251143083,2004507.5478355186,0.010514884538766419,0.5743550834597876,2440.4101967423917,2146.7857970286395,0.31833300275986764,nan,nan,nan,nan,nan,6407,14325,0,250,250,0,0.399999,166756,0.593389
56,on,500,770,0.8995501408765274,3327963.200981722,3699586.10393739,-0.09473511275398727,8690,0,1312,21.021413704380393,1318,0.9868833427570826,0.0017476756362428787,1.0,0.013513570684615433,1983393.354438925,759,0.5758725341426404,1.0,1.0,1.0,0.343331718454045,2401755.454661382,1983393.3544389256,0.005603592389040214,0.5758725341426404,2359.673372838522,2146.355957154411,0.3246361306057308,nan,nan,nan,nan,nan,7752,14325,0,500,500,0,0.399999,166756,0.483759
56,on,750,953,0.8966129961237849,3317096.9810692235,3699586.1039373903,-0.0947351127539875,8979,0,1831,21.97169945575297,1318,0.9789486156893157,0.00650251784004959,1.0,0.02721104771176004,1969597.2224690455,761,0.5773899848254932,1.0,1.0,1.0,0.36251073458222716,2387489.3520350386,1969597.2224690455,0.001177513595755244,0.5773899848254932,2241.99319640057,2144.501604696961,0.3359058153827794,nan,nan,nan,nan,nan,9348,14325,0,750,750,0,0.399999,166756,0.449394
56,on,1000,1048,0.895444659095606,3312774.6176350573,3699586.10393739,-0.09473511275398727,9402,1,2502,23.233762526884675,1318,0.9689455235515172,0.013547055385604655,1.0,0.04285397465822799,1938156.6140672665,764,0.5796661608497724,1.0,1.0,1.0,0.38427227925977503,2329181.790602604,1938156.614067267,0.00021583449936200347,0.5796661608497724,2101.322679510086,2142.7578103488704,0.3490488541897405,nan,nan,nan,nan,nan,9704,14325,0,1000,1000,0,0.399999,166756,0.44346
56,on,1250,1024,0.8934230929290714,3305295.659537156,3699586.1039373903,-0.0947351127539875,9897,2,3222,23.116528464481235,1318,0.9585549023058448,0.01919647369250422,1.0,0.057501761096398235,1890749.93742029,764,0.5796661608497724,1.0,1.0,1.0,0.40580204152272703,2235369.9484158466,1890749.93742029,0.003909133974762014,0.5796661608497724,1968.5886839837372,2142.7578103488704,0.36183900586330675,nan,nan,nan,nan,nan,9704,14325,0,1250,1250,0,0.399999,166756,0.444138
56,on,1500,921,0.8949264241438354,3310857.3628089125,3699586.1039373903,-0.0947351127539875,10351,6,3742,22.455622632056475,1318,0.9555418138146388,0.02051119241045293,1.0,0.0670714433958839,1885033.4973766548,766,0.5811836115326252,1.0,1.0,1.0,0.4194718446721346,2224797.5832261075,1885033.497376655,0.007053820924861727,0.5811836115326252,1901.5230472097148,2135.2470081097827,0.369969963079227,nan,nan,nan,nan,nan,9704,14325,0,1500,1500,0,0.399999,166756,0.437483
56,on,1750,858,0.8955439266602134,3313141.866537651,3699586.1039373903,-0.0947351127539875,10742,18,4201,22.84858999028802,1318,0.9546809327093473,0.02111276043459789,1.0,0.07376006325114692,1868418.6705602452,770,0.5842185128983308,1.0,1.0,1.0,0.4268128625995873,2174311.1968407566,1868418.6705602456,0.010755690479353267,0.5842185128983308,1844.5438988529656,2132.17511369655,0.37528621587734534,nan,nan,nan,nan,nan,9704,14325,0,1750,1750,0,0.399999,166756,0.42647
56,on,2000,826,0.8961319008955044,3315317.127848007,3699586.1039373903,-0.0947351127539875,11091,24,4682,22.384401200339198,1318,0.9535857130988706,0.02163022534105132,1.0,0.0797866729716051,1857079.776830336,770,0.5842185128983308,1.0,1.0,1.0,0.43499359344298805,2141624.1532402076,1857079.7768303368,0.014998609929067305,0.5842185128983308,1793.548916075933,2132.17511369655,0.3803183253584428,5436812.622,3.0751202613122173,699322.8870000002,0.3955446193438915,884.0,9704,14325,0,2000,2000,0,0.399999,166756,0.416849
57,off,250,1002,0.9956776265991734,3315671.345325004,3330065.1302670906,-2.220446049250313e-16,8328,0,895,21.563518539071083,1350,0.9952537194802519,0.00022380350586964642,0.17812989794459355,0.00022380350586964642,2028873.010157961,780,0.5777777777777777,1.0,1.0,1.0,0.32375105065179377,2411358.7834891947,2028873.0101579614,0.02252056509374402,0.5777777777777777,2480.688645822358,2047.909711053138,0.32341636035039345,nan,nan,nan,nan,nan,0,0,0,0,0,0,0.4,166701,0.477681
57,off,500,1704,0.9872735469492909,3287685.212730943,3330065.1302670906,-2.220446049250313e-16,8477,0,1414,14.069926463067532,1350,0.9874473064271153,0.0034195513402505338,0.9828393736458066,0.0034195513402505338,2009030.10474589,780,0.5777777777777777,1.0,1.0,1.0,0.32741087060792795,2389463.6915281694,2009030.1047458902,0.019162957671300204,0.5777777777777777,2445.168515952634,2047.909711053138,0.32518814660249373,nan,nan,nan,nan,nan,0,0,0,0,0,0,0.4,166701,0.291356
57,off,750,3032,0.9704460848119653,3231648.667836545,3330065.1302670906,-2.220446049250313e-16,9205,0,2528,17.514953691512346,1350,0.9722883300522891,0.010229328658528998,1.0,0.010229328658528998,1988795.26766247,782,0.5792592592592593,1.0,1.0,1.0,0.3367352510712436,2370584.9116031933,1988795.2676624707,0.013242152508989816,0.5792592592592593,2374.5532056760485,2045.8298544883555,0.3303571070015838,nan,nan,nan,nan,nan,0,0,0,0,0,0,0.4,166701,0.192791
57,off,1000,4583,0.948780509171667,3159500.889869624,3330065.1302670906,-2.220446049250313e-16,10794,1,4132,22.330051951110363,1350,0.9536031336836337,0.020496976734562272,1.0,0.020496976734562272,1963523.079931084,783,0.58,1.0,1.0,1.0,0.35037185797140524,2346317.7130370145,1963523.079931084,0.007142291640413231,0.58,2284.1277578457543,2044.190244774585,0.33791523270764157,nan,nan,nan,nan,nan,0,0,0,0,0,0,0.4,166701,0.145135
57,off,1250,6440,0.9203196972634975,3064724.532555138,3330065.1302670906,-2.220446049250313e-16,13319,6,6369,26.8581928871572,1350,0.9301917701481315,0.035328392302117664,0.9983768298943235,0.035328392302117664,1915968.7646410158,786,0.5822222222222222,1.0,1.0,1.0,0.36751414045783104,2289701.885113709,1915968.7646410163,0.0021741005844131793,0.5822222222222222,2168.3147601274773,2037.4517299845304,0.347317917279951,nan,nan,nan,nan,nan,0,0,0,0,0,0,0.4,166701,0.12366
57,off,1500,7865,0.9015251804827236,3002137.5675832634,3330065.1302670906,-2.220446049250313e-16,16657,37,8514,31.252576800063256,1350,0.9161620520179676,0.04571539154324046,1.0,0.04571539154324046,1870722.5594735413,791,0.585925925925926,1.0,1.0,1.0,0.37679288548387757,2207865.5390674765,1870722.5594735413,0.0004718997542148733,0.585925925925926,2092.7013488042126,2032.3802574816175,0.3531707843423959,nan,nan,nan,nan,nan,0,0,0,0,0,0,0.4,166701,0.113778
57,off,1750,9356,0.8808079876132077,2933147.96601147,3330065.1302670906,-2.220446049250313e-16,20939,100,11071,36.54767335765064,1350,0.9001392797823252,0.05782780318013181,0.9994979816024239,0.05782780318013181,1881560.2915441548,796,0.5896296296296296,1.0,1.0,1.0,0.39369695101826596,2216673.778134156,1881560.2915441548,5.456382033831275e-05,0.5896296296296296,2008.8882714441002,2029.4866865984436,0.36369308459651073,nan,nan,nan,nan,nan,0,0,0,0,0,0,0.4,166701,0.110927
57,off,2000,10582,0.8582355771098261,2857980.368888085,3330065.1302670906,-2.220446049250313e-16,26061,194,14731,41.97549435123801,1350,0.880329335037248,0.07077285475316572,0.9999765037792607,0.07077285475316572,1889533.5788558275,804,0.5955555555555555,1.0,1.0,1.0,0.41158961172404673,2209667.9715501093,1889533.5788558281,0.0012381125786827697,0.5955555555555555,1922.286739066198,2020.839046677247,0.37580433443090144,32134434.486,2.884340228525267,6614184.262999998,0.5936795855847768,5570.5,0,0,0,0,0,0,0.4,166701,0.110878
57,on,250,665,0.8992748075237318,3283479.778236157,3651252.932657636,-0.09645090706222459,8569,0,903,29.92621934786439,1350,0.9894341326071366,0.0003993100433106311,0.1366612861519666,0.005968894336642933,1973494.1264068973,776,0.5748148148148148,1.0,1.0,1.0,0.33946225900784,2326607.9744898053,1973494.1264068978,0.009359813848617188,0.5748148148148148,2341.0424439477583,2066.1274123882813,0.33116150776682596,nan,nan,nan,nan,nan,6398,14485,0,250,250,0,0.4,166701,0.606027
57,on,500,803,0.8979268178685813,3278557.927054596,3651252.932657636,-0.09645090706222459,8770,0,1230,21.715668013319373,1350,0.9873581160067336,0.0011677320976019637,0.5365811685965551,0.015269787915836951,1953906.0145531618,776,0.5748148148148148,1.0,1.0,1.0,0.35119849817967475,2308198.427197758,1953906.0145531623,0.004844402058120546,0.5748148148148148,2262.924599455587,2066.1274123882813,0.3375260112156002,nan,nan,nan,nan,nan,7802,14485,0,500,500,0,0.4,166701,0.500445
57,on,750,999,0.8938310614790735,3263603.2845259546,3651252.932657636,-0.09645090706222459,9143,0,1771,22.88781971298158,1350,0.9767563881656823,0.007362785322088229,1.003413249289264,0.031924769738253776,1908730.8295174732,777,0.5755555555555556,1.0,1.0,1.0,0.3714147362684177,2242260.2728227274,1908730.8295174737,0.0005354725617294388,0.5755555555555556,2129.3910856296607,2064.7085698403375,0.3489453932846298,nan,nan,nan,nan,nan,9527,14485,0,750,750,0,0.4,166701,0.470338
57,on,1000,1098,0.8918893806752473,3256513.716796699,3651252.932657636,-0.09645090706222459,9690,0,2372,23.9622987434268,1350,0.964397800935381,0.014654050765138945,1.004994960092654,0.049088081179177366,1866966.4003435008,778,0.5762962962962963,1.0,1.0,1.0,0.3940581259101579,2166454.5440263823,1866966.4003435015,0.0008494957576540569,0.5762962962962963,1982.999418338172,2063.591952836654,0.36204933146552265,nan,nan,nan,nan,nan,9911,14485,0,1000,1000,0,0.4,166701,0.466376
57,on,1250,1145,0.8897199283634224,3248592.4976808876,3651252.932657636,-0.09645090706222459,10268,1,3163,23.906987575814128,1350,0.9547560190235026,0.01930861206335743,1.0,0.06370420123569986,1832022.8218873525,780,0.5777777777777777,1.0,1.0,1.0,0.4129696867584496,2083979.9413540314,1832022.8218873525,0.006072925467060174,0.5777777777777777,1849.4535597770287,2063.0103843353877,0.37364047178228366,nan,nan,nan,nan,nan,9911,14485,0,1250,1250,0,0.4,166701,0.466885
57,on,1500,1074,0.8903723786826451,3250974.758822363,3651252.932657636,-0.09645090706222459,10856,3,3609,23.428230663761497,1350,0.9496698289390303,0.02397632227858705,1.0,0.07253677242649592,1832513.2971510605,782,0.5792592592592593,1.0,1.0,1.0,0.426125160256956,2068071.416983113,1832513.2971510605,0.01030350890611815,0.5792592592592593,1781.5942356715937,2059.932148874927,0.38200129740490363,nan,nan,nan,nan,nan,9911,14485,0,1500,1500,0,0.4,166701,0.46013
57,on,1750,1002,0.8904430874724084,3251232.934498351,3651252.932657636,-0.09645090706222459,11429,9,4115,23.30868280492723,1350,0.9442938218266016,0.027923375580788244,1.0,0.0805780501129033,1818509.300468761,782,0.5792592592592593,1.0,1.0,1.0,0.43767669106970897,2027750.867259428,1818509.300468761,0.015525558298803548,0.5792592592592593,1719.5728655257926,2059.932148874927,0.38910495678572565,nan,nan,nan,nan,nan,9911,14485,0,1750,1750,0,0.4,166701,0.454599
57,on,2000,984,0.8899376855292744,3249387.584171312,3651252.932657636,-0.09645090706222459,11881,13,4687,22.80540795251727,1350,0.9409340546032436,0.030177792512246896,1.0,0.0874116832046715,1805407.7490997596,785,0.5814814814814815,1.0,1.0,1.0,0.4478696739978616,1985521.9250176388,1805407.7490997603,0.020313421690483082,0.5814814814814815,1667.4107448734871,2055.609295355251,0.39594639649426244,5678140.416,2.9231096092664095,685534.9239999999,0.3529137317889317,971.25,9911,14485,0,2000,2000,0,0.4,166701,0.44773
58,off,250,904,0.9964784420838076,3303054.604711362,3314727.6099662604,0.0,8276,0,998,21.34835554100573,1335,0.9959081655667974,0.0001720003477834066,0.15019407290020037,0.0001720003477834066,2250897.949696727,786,0.5887640449438202,1.0,1.0,1.0,0.33229525311637986,2721091.746849866,2250897.9496967294,0.011656083653367337,0.5887640449438202,2449.4476879108456,2120.264193555511,0.3256887075003678,nan,nan,nan,nan,nan,0,0,0,0,0,0,0.400001,166736,0.48784
58,off,500,1360,0.990210379920463,3282277.685997539,3314727.6099662604,0.0,8411,0,1502,13.854039387777448,1335,0.9907157926007464,0.0008023435017150727,0.3656060315890798,0.0008023435017150727,2218474.970985544,786,0.5887640449438202,1.0,1.0,1.0,0.3321634182027382,2672833.283313781,2218474.9709855453,0.010018830309399372,0.5887640449438202,2423.2481257046798,2120.264193555511,0.32540641608774723,nan,nan,nan,nan,nan,0,0,0,0,0,0,0.400001,166736,0.310116
58,off,750,2389,0.975942425118065,3234983.3022762793,3314727.6099662604,0.0,8802,0,2486,16.075003938749433,1335,0.9778080213965307,0.006649185770410321,0.9977854074261138,0.006649185770410321,2201210.569422863,786,0.5887640449438202,1.0,1.0,1.0,0.33951756309541437,2656933.1266480573,2201210.569422865,0.006507129972022852,0.5887640449438202,2363.48983413118,2120.264193555511,0.32959751428765705,nan,nan,nan,nan,nan,0,0,0,0,0,0,0.400001,166736,0.20204
58,off,1000,3731,0.9582386905891189,3176300.244633669,3314727.6099662604,0.0,9741,1,4141,19.58507025614381,1335,0.9612749083881938,0.014815126479464348,0.9982212771076834,0.014815126479464348,2202798.080937313,787,0.5895131086142322,1.0,1.0,1.0,0.35248556149265964,2668819.063775772,2202798.080937315,0.0031387324775809813,0.5895131086142322,2289.281447693219,2120.2497647006194,0.3373970274919442,nan,nan,nan,nan,nan,0,0,0,0,0,0,0.400001,166736,0.143544
58,off,1250,4981,0.9427093440084874,3124824.6907581147,3314727.6099662604,0.0,11497,6,6364,23.491415901109576,1335,0.946559706544989,0.022824625543282753,0.9989865492932123,0.022824625543282753,2190738.7111876598,791,0.5925093632958801,1.0,1.0,1.0,0.36169341007166156,2644465.8556363396,2190738.7111876626,0.001297578009857206,0.5925093632958801,2225.9021192957025,2117.3956570864575,0.3433506985724384,nan,nan,nan,nan,nan,0,0,0,0,0,0,0.400001,166736,0.117083
58,off,1500,5923,0.9301825724901506,3083301.8553425446,3314727.6099662604,0.0,13805,20,8911,26.182375092059374,1335,0.9342546173490207,0.03345489479982562,0.9990578829696068,0.03345489479982562,2222286.9315928626,799,0.598501872659176,1.0,1.0,1.0,0.37457263045519174,2675987.9396318602,2222286.9315928654,0.0004128431953312607,0.598501872659176,2175.65902391461,2113.869035647223,0.35246123494053716,nan,nan,nan,nan,nan,0,0,0,0,0,0,0.400001,166736,0.105233
58,off,1750,7123,0.9122468664843033,3023849.875440725,3314727.6099662604,0.0,16488,61,11789,29.165770139545202,1335,0.9185776881938716,0.04111385281255235,1.0,0.04111385281255235,2193019.747661412,803,0.601498127340824,1.0,1.0,1.0,0.38530787014916945,2641650.2014555163,2193019.747661415,8.141238075367934e-06,0.601498127340824,2110.039861540897,2101.4093969383557,0.359009057747697,nan,nan,nan,nan,nan,0,0,0,0,0,0,0.400001,166736,0.101162
58,off,2000,8523,0.8934844905226283,2961657.709811994,3314727.6099662604,0.0,19530,131,15518,33.71669190376997,1335,0.899367079087695,0.05544255636090784,0.9997211679523523,0.05544255636090784,2257444.6235601334,804,0.6022471910112359,1.0,1.0,1.0,0.407254692736325,2743541.548284572,2257444.623560136,0.0004979379603067269,0.6022471910112359,2033.1857335271388,2101.687560045834,0.37257822816915387,27101737.163,3.1031931256655407,6794996.158999998,0.778038147249098,4366.75,0,0,0,0,0,0,0.400001,166736,0.098147
58,on,250,818,0.9890547707437838,3066878.1939518694,3100817.3507373426,0.06453328429936811,8469,0,883,27.49889437481761,1335,0.9887747180271679,0.000543946309044775,0.20174436248126315,0.000543946309044775,2226696.6830289452,771,0.5775280898876405,1.0,1.0,1.0,0.343302532448154,2752287.0230203806,2226696.683028947,0.004691605132324763,0.5775280898876405,2384.7055910522868,2177.7840128555968,0.32652391975604833,nan,nan,nan,nan,nan,1987,805,0,250,250,0,0.400001,166736,0.455223
58,on,500,1234,0.9789107130831127,3035423.3239507806,3100817.3507373426,0.06453328429936811,8564,0,1402,20.951981948688626,1335,0.9800855955147453,0.0036446418597305542,0.9359994958289816,0.0036446418597305542,2204023.471000536,771,0.5775280898876405,1.0,1.0,1.0,0.3469493663363852,2719457.698422641,2204023.4710005377,0.0030550612430626945,0.5775280898876405,2343.9080942934174,2177.7840128555968,0.32856108136260276,nan,nan,nan,nan,nan,2861,805,0,500,500,0,0.400001,166736,0.281198
58,on,750,1905,0.9605173318228765,2978388.808200313,3100817.3507373426,0.06453328429936811,8990,0,2291,23.23674038425088,1335,0.9637354150026923,0.011665118890009426,0.9979706199953527,0.011665118890009426,2180523.752666285,771,0.5775280898876405,1.0,1.0,1.0,0.35710872197912646,2686839.1492702034,2180523.752666287,0.0009501555464291946,0.5775280898876405,2269.9333656935883,2177.7840128555968,0.334627308093453,nan,nan,nan,nan,nan,3977,869,0,750,750,0,0.400001,166736,0.174906
58,on,1000,2984,0.9327845514960481,2892394.521778696,3100817.3507373426,0.06453328429936811,9707,0,3688,26.202216358855367,1335,0.9396060220323351,0.02395140095622711,0.999736023998663,0.02395140095622711,2165163.0257468717,771,0.5775280898876405,1.0,1.0,1.0,0.3746305427827583,2663670.419864516,2165163.025746874,4.235332674880794e-05,0.5775280898876405,2158.3973262362383,2177.7840128555968,0.34513507541347965,nan,nan,nan,nan,nan,4257,942,0,1000,1000,0,0.400001,166736,0.112356
58,on,1250,3846,0.9043770313472228,2804307.990409798,3100817.3507373426,0.06453328429936811,10970,7,5482,28.94846043176949,1335,0.913957484208098,0.03801922208010236,0.9976464690419055,0.03801922208010236,2142180.547448238,771,0.5775280898876405,1.0,1.0,1.0,0.3938126445187762,2616489.845520137,2142180.5474482407,0.002034063162678679,0.5775280898876405,2044.1476098044645,2177.7840128555968,0.3565749734731414,nan,nan,nan,nan,nan,5783,980,0,1250,1250,0,0.400001,166736,0.077564
58,on,1500,4379,0.8883268241820729,2754539.2295491723,3100817.3507373426,0.06453328429936811,12605,24,7596,30.751223223283887,1335,0.9011891300318267,0.047994071501110146,0.9988286005624095,0.047994071501110146,2132003.2677826085,771,0.5775280898876405,1.0,1.0,1.0,0.4067349513634946,2589818.5588431493,2132003.2677826113,0.0044950532055776544,0.5775280898876405,1979.5966878062466,2177.7840128555968,0.36441593862268284,nan,nan,nan,nan,nan,6730,980,0,1500,1500,0,0.400001,166736,0.060236
58,on,1750,4875,0.8698974545056122,2697393.1202932503,3100817.3507373426,0.06453328429936811,14347,73,10174,31.8867907486856,1335,0.884561473868002,0.06056622284763843,0.9992635198248839,0.06056622284763843,2130127.6791272173,772,0.5782771535580524,1.0,1.0,1.0,0.4246313988803354,2568585.705658951,2130127.67912722,0.008566989162329158,0.5782771535580524,1905.1572716745166,2178.7064059689587,0.37512801499415027,nan,nan,nan,nan,nan,7368,980,0,1750,1750,0,0.400001,166736,0.049301
58,on,2000,5380,0.8543248867083435,2649105.431871946,3100817.3507373426,0.06453328429936811,16406,123,12939,34.35063371434808,1335,0.8713613094499862,0.06956354719353441,0.9996853914382934,0.06956354719353441,2125654.163243151,772,0.5782771535580524,1.0,1.0,1.0,0.4381622070212121,2544768.3351240437,2125654.1632431536,0.01295991914956049,0.5782771535580524,1842.6084524759356,2178.7064059689587,0.3832679323353103,19653908.669,3.0925468972896426,4830972.431,0.7601545857362023,3177.625,7929,980,0,2000,2000,0,0.400001,166736,0.041771
59,off,250,982,0.9959363389978223,3317423.17732531,3330959.0657807738,0.0,8304,0,943,21.409738644957542,1323,0.9955140935234325,0.00019537141997632646,0.16168155631433256,0.00019537141997632646,2134109.016193214,764,0.5774754346182918,1.0,1.0,1.0,0.30845332219579835,2508032.590934788,2134109.016193215,0.03189938240361476,0.5774754346182918,2569.1012085719462,2040.8911115810206,0.3166292084108355,nan,nan,nan,nan,nan,0,0,0,0,0,0,0.399999,166720,0.482249
59,off,500,1584,0.9875938622977795,3289634.7289302377,3330959.0657807738,0.0,8532,0,1475,14.1126530431211,1323,0.9886872515020276,0.0024833755914481143,0.9709920605677679,0.0024833755914481143,2107693.5303016766,765,0.5782312925170068,1.0,1.0,1.0,0.3108871733152905,2474819.97677124,2107693.530301677,0.02827795457510079,0.5782312925170068,2533.6109224894085,2039.2549850334526,0.31771929027444035,nan,nan,nan,nan,nan,0,0,0,0,0,0,0.399999,166720,0.296091
59,off,750,3009,0.9694585937755636,3229226.8918357943,3330959.0657807738,0.0,9236,0,2382,17.08597912825644,1323,0.9729828337127994,0.010606436130362298,0.9992911548020085,0.010606436130362298,2083739.9401316748,770,0.582010582010582,1.0,1.0,1.0,0.32185763291212743,2450553.2309744186,2083739.9401316755,0.02029456299253605,0.582010582010582,2454.125912367124,2037.195547253987,0.32388188762182124,nan,nan,nan,nan,nan,0,0,0,0,0,0,0.399999,166720,0.185078
59,off,1000,4668,0.9471496655557714,3154916.7651342247,3330959.0657807738,0.0,10928,1,3944,22.007787503302097,1323,0.9527061250468317,0.02255670310694038,0.9996351833404304,0.02255670310694038,2037934.2857386582,776,0.5865457294028723,1.0,1.0,1.0,0.3351028806434315,2398658.323401839,2037934.2857386589,0.013337513922846624,0.5865457294028723,2362.59429927489,2027.8078654833862,0.3315287069326167,nan,nan,nan,nan,nan,0,0,0,0,0,0,0.399999,166720,0.133217
59,off,1250,6198,0.922769272830913,3073706.674960062,3330959.0657807738,0.0,13667,10,6384,27.203898580744863,1323,0.9329979743190986,0.033598603978568876,0.9991347048833538,0.033598603978568876,1964900.133741569,785,0.5933484504913077,1.0,1.0,8.0,0.34566860444254144,2310101.5246091164,1964900.1337415702,0.008466433531056137,0.5933484504913077,2270.035024222148,2007.4594217389501,0.33698182289725653,nan,nan,nan,nan,nan,0,0,0,0,0,0,0.399999,166720,0.112092
59,off,1500,7564,0.9016294635355548,3003290.835538812,3330959.0657807738,0.0,17408,55,8513,31.08191478252411,1323,0.9171653747097935,0.04530767261853481,0.9997283967763289,0.04530767261853481,1949185.2268999587,790,0.5971277399848829,1.0,1.0,8.0,0.3600864946279274,2287307.622068049,1949185.2268999594,0.0038594780423921314,0.5971277399848829,2181.9948961061427,2005.1577339476196,0.34584268926251016,nan,nan,nan,nan,nan,0,0,0,0,0,0,0.399999,166720,0.107409
59,off,1750,8863,0.8814301597218676,2936007.78137815,3330959.0657807738,0.0,21707,132,11468,35.69475900940597,1323,0.9010964253000265,0.056203478088702574,0.9999137007161109,0.056203478088702574,1926690.1093007312,796,0.6016628873771731,1.0,1.0,8.0,0.37405935181024486,2256073.6960107093,1926690.1093007324,0.0015271454258492566,0.6016628873771731,2104.438501365389,1993.6373854035776,0.35464419584090034,nan,nan,nan,nan,nan,0,0,0,0,0,0,0.399999,166720,0.107463
59,off,2000,10471,0.8567681408442587,2853859.6060173223,3330959.0657807738,0.0,26908,197,15041,41.674478182569146,1323,0.8822848176537109,0.06878336907088084,0.9994293176731144,0.06878336907088084,1898819.585484777,803,0.6069538926681783,1.0,1.0,8.0,0.3882898471589591,2198949.0829868247,1898819.5854847776,5.157262567247282e-05,0.6069538926681783,2006.863509078699,1986.60292913938,0.36417676370406404,32056538.264,2.958678166455156,6738258.793999998,0.6219117925194396,5417.375,0,0,0,0,0,0,0.399999,166720,0.10969
59,on,250,647,0.899725472316159,3285595.517197157,3651775.589657436,-0.09631355941069275,8605,0,890,29.62366833537817,1323,0.9897204063308133,0.0003691116224300274,0.15976308526395955,0.004808687356308861,2075909.3169082792,763,0.5767195767195767,1.0,1.0,1.0,0.3236325513883447,2447905.4085565144,2075909.31690828,0.015642158167746188,0.5767195767195767,2431.2513637755383,2066.53429630281,0.3234463294084837,nan,nan,nan,nan,nan,6098,14438,0,250,250,0,0.399999,166720,0.601298
59,on,500,819,0.8979598475057428,3279147.8516139854,3651775.589657436,-0.09631355941069275,8793,0,1243,21.79114350862801,1323,0.9882701760328311,0.0008122990908347355,0.3567113204597614,0.012569511345497938,2040402.575899782,765,0.5782312925170068,1.0,1.0,1.0,0.3342575166429378,2404918.5441782847,2040402.5758997826,0.009241448751233778,0.5782312925170068,2343.8491379372977,2065.7881967501708,0.32922275981263005,nan,nan,nan,nan,nan,7564,14438,0,500,500,0,0.399999,166720,0.495421
59,on,750,949,0.8957967876029742,3271248.8422620883,3651775.589657436,-0.09631355941069275,9186,0,1776,22.251545077189803,1323,0.9787091097119599,0.0069652564183465835,1.0,0.02950033406289053,2005526.172012032,767,0.5797430083144369,1.0,1.0,1.0,0.3570657624773621,2363790.4340642905,2005526.1720120332,0.0027149541584485302,0.5797430083144369,2212.0080827597176,2062.515314580939,0.34245413676670733,nan,nan,nan,nan,nan,9263,14438,0,750,750,0,0.399999,166720,0.462131
59,on,1000,1110,0.8926130569851698,3259622.572507945,3651775.589657436,-0.09631355941069275,9638,0,2442,23.24856291897595,1323,0.9673636226716942,0.01250312622937375,1.0,0.04601471647425528,1970142.6678739726,767,0.5797430083144369,1.0,1.0,1.0,0.3807660500144696,2312114.2102792584,1970142.6678739733,1.0322561060086676e-05,0.5797430083144369,2071.6515511203206,2062.515314580939,0.35612498237268997,nan,nan,nan,nan,nan,9570,14438,0,1000,1000,0,0.399999,166720,0.452061
59,on,1250,1182,0.8893473206718728,3247696.8363567893,3651775.589657436,-0.09631355941069275,10163,0,3167,24.07619864307344,1323,0.9555316840009236,0.01956808581855068,1.0153239776272658,0.06154186097294933,1907740.3542813624,768,0.5804988662131519,1.0,1.0,1.0,0.40245899769500726,2201024.932313598,1907740.3542813635,0.0023183618986239753,0.5804988662131519,1923.5736585905697,2058.340481827439,0.3691119039241175,nan,nan,nan,nan,nan,9570,14438,0,1250,1250,0,0.399999,166720,0.45915
59,on,1500,1082,0.8894881816796738,3248211.2291466114,3651775.589657436,-0.09631355941069275,10770,4,3650,23.404511796310544,1323,0.9511629089242941,0.02286744561358315,1.0,0.07277223815543504,1889582.522949019,773,0.5842781557067271,1.0,1.0,1.0,0.41710481531886967,2148300.4583504316,1889582.52294902,0.005605103073119377,0.5842781557067271,1844.1370098210568,2052.952872079969,0.3787084101104534,nan,nan,nan,nan,nan,9570,14438,0,1500,1500,0,0.399999,166720,0.454538
59,on,1750,1042,0.8890353103753162,3246557.4447721024,3651775.589657436,-0.09631355941069275,11308,5,4116,22.681400511413813,1323,0.9464482128046112,0.025067982291883492,1.0,0.08121712816836653,1873085.996435239,777,0.5873015873015873,1.0,1.0,1.0,0.4286437696419878,2096035.821339282,1873085.9964352397,0.010008514495411625,0.5873015873015873,1775.804920941754,2053.914970965626,0.38649529503986435,nan,nan,nan,nan,nan,9570,14438,0,1750,1750,0,0.399999,166720,0.447886
59,on,2000,1034,0.888964070720845,3246297.2935408885,3651775.589657436,-0.09631355941069275,11856,7,4678,23.121576623991132,1323,0.9426852714134355,0.02801294298008645,1.0,0.08824108680032067,1853289.7446047284,781,0.5903250188964475,1.0,1.0,1.0,0.43812225095599544,2043377.3370382197,1853289.744604729,0.013925936311107364,0.5903250188964475,1721.2431153105535,2047.9201069775977,0.3931482301024991,5763103.382,2.931012527399873,672954.3310000007,0.3422526794659889,983.125,9570,14438,0,2000,2000,0,0.399999,166720,0.443113
60,off,250,935,0.9959913249853982,3242435.5808474054,3255485.765295136,1.1102230246251565e-16,8268,0,995,21.503236012533307,1334,0.9958730248170774,0.00015211340159354515,0.09529658640379124,0.00015211340159354515,2157885.6530844863,760,0.5697151424287856,1.0,1.0,1.0,0.3201233614124983,2496911.8344990443,2157885.6530844877,0.03388736684209634,0.5697151424287856,2505.101470793535,1958.9335187819077,0.3339375451979887,nan,nan,nan,nan,nan,0,0,0,0,0,0,0.400001,166814,0.486764
60,off,500,1527,0.9881730710298208,3216983.3663855605,3255485.765295136,1.1102230246251565e-16,8408,0,1566,14.091543024405837,1334,0.9893569413431367,0.0018534183725421296,0.7701709514792072,0.0018534183725421296,2118718.1370862625,763,0.5719640179910045,1.0,1.0,1.0,0.3215795570406097,2443735.813853293,2118718.1370862634,0.03153890608812948,0.5719640179910045,2474.8144505654914,1952.3756645372448,0.3344116919603961,nan,nan,nan,nan,nan,0,0,0,0,0,0,0.400001,166814,0.305278
60,off,750,2609,0.9712412582958904,3161862.0910496074,3255485.765295136,1.1102230246251565e-16,9158,0,2534,16.822543824091554,1334,0.9748348303719709,0.008022065447514708,0.9953404419255766,0.008022065447514708,2076062.3115139715,763,0.5719640179910045,1.0,1.0,1.0,0.3293740793169473,2398991.056995869,2076062.3115139727,0.023967786236823403,0.5719640179910045,2403.2023967102828,1952.3756645372448,0.3381928580124458,nan,nan,nan,nan,nan,0,0,0,0,0,0,0.400001,166814,0.198922
60,off,1000,4175,0.9491953268029628,3090091.87489171,3255485.765295136,1.1102230246251565e-16,10639,1,4112,20.72439255192876,1334,0.9575637908469729,0.017341721165591472,0.9998856767909278,0.017341721165591472,2018869.9873359057,766,0.5742128935532234,1.0,1.0,1.0,0.33789335685496913,2323178.9072401673,2018869.987335907,0.015710735487049498,0.5742128935532234,2310.202088470235,1950.021991073438,0.3427074514057933,nan,nan,nan,nan,nan,0,0,0,0,0,0,0.400001,166814,0.143175
60,off,1250,5584,0.924244447722414,3008864.643213383,3255485.765295136,1.1102230246251565e-16,13062,5,6372,24.83914305269718,1334,0.9376261970512761,0.02967929485711814,0.9994686159849817,0.02967929485711814,2013015.6222512969,772,0.5787106446776612,1.0,1.0,1.0,0.35527387596740745,2323421.783398677,2013015.6222512983,0.008097363173960372,0.5787106446776612,2205.3581266787073,1946.7903486554912,0.3532042530874948,nan,nan,nan,nan,nan,0,0,0,0,0,0,0.400001,166814,0.116236
60,off,1500,6838,0.9029447024014837,2939523.625516683,3255485.765295136,1.1102230246251565e-16,16122,18,8760,27.856757435947657,1334,0.9197213279966681,0.04239765039220933,0.9992320322738695,0.04239765039220933,1996846.9301926643,774,0.5802098950524738,1.0,1.0,1.0,0.37192815326703466,2307089.5170633527,1996846.9301926654,0.003727046803171653,0.5802098950524738,2118.2780103684886,1943.4761113244567,0.36287494113824303,nan,nan,nan,nan,nan,0,0,0,0,0,0,0.400001,166814,0.104862
60,off,1750,8112,0.8850104924404735,2881139.0602768,3255485.765295136,1.1102230246251565e-16,19901,78,11467,32.97896367311478,1334,0.9025812049987441,0.0551106431336349,0.9997102140907339,0.0551106431336349,2030312.699098034,777,0.5824587706146926,1.0,1.0,1.0,0.3911808078813197,2371675.032247614,2030312.6990980348,0.001393073522567496,0.5824587706146926,2046.5284479428885,1938.6868766546309,0.37427821877160894,nan,nan,nan,nan,nan,0,0,0,0,0,0,0.400001,166814,0.098686
60,off,2000,9533,0.8627167916453149,2808562.2346824124,3255485.765295136,1.1102230246251565e-16,24485,138,14984,38.953804625198245,1334,0.8850615696975489,0.06621352183124501,1.0,0.06621352183124501,1986057.2740010766,780,0.5847076461769115,1.0,1.0,1.0,0.4066554997061058,2293566.5099801607,1986057.274001078,5.579758175387369e-05,0.5847076461769115,1956.7278934345886,1935.3651404538737,0.3837504559603664,30312536.97,3.0842252659425635,6563396.179000001,0.667809241624908,4914.125,0,0,0,0,0,0,0.400001,166814,0.098622
60,on,250,856,0.9880174465388862,3004798.868873853,3041240.6981272777,0.0658104757980521,8438,0,891,27.91959597542882,1334,0.9888991272917955,0.000521508723458547,0.21176178640770982,0.000521508723458547,2127812.8609821005,758,0.568215892053973,1.0,1.0,1.0,0.3256249026898974,2494844.3814755487,2127812.860982102,0.02639333928854714,0.568215892053973,2459.053985890898,1980.6179645287375,0.3342170356070153,nan,nan,nan,nan,nan,1739,816,0,250,250,0,0.400001,166814,0.452268
60,on,500,1319,0.976962159731122,2971177.0807046103,3041240.6981272777,0.0658104757980521,8584,0,1372,21.196871815249324,1334,0.9792028219222086,0.0043897311120776735,0.9198382063722184,0.0043897311120776735,2106963.2019424937,758,0.568215892053973,1.0,1.0,1.0,0.3310930706550683,2475627.8567243586,2106963.201942495,0.02194132410755052,0.568215892053973,2414.6980648232948,1980.6179645287375,0.33693293849612616,nan,nan,nan,nan,nan,2603,836,0,500,500,0,0.400001,166814,0.274933
60,on,750,2065,0.9522562637575006,2896040.504385934,3041240.6981272777,0.0658104757980521,9165,0,2262,22.990172369405627,1334,0.9597440096271357,0.013933742816193929,0.9903377969089397,0.013933742816193929,2045889.0389675011,758,0.568215892053973,1.0,1.0,1.0,0.34067563582539795,2401058.8772083786,2045889.038967502,0.013454629362806938,0.568215892053973,2315.57329395433,1980.6179645287375,0.34167455340100017,nan,nan,nan,nan,nan,3910,894,0,750,750,0,0.400001,166814,0.168225
60,on,1000,3087,0.923502305095907,2808592.7950720266,3041240.6981272777,0.0658104757980521,10256,0,3660,27.62387803196907,1334,0.937497315987901,0.026846487698867556,0.9958685483293452,0.026846487698867556,2013912.37981723,758,0.568215892053973,1.0,1.0,1.0,0.35798418240428775,2372407.049319324,2013912.3798172309,0.005874358610624031,0.568215892053973,2200.206922827802,1980.6179645287375,0.35101963479837095,nan,nan,nan,nan,nan,4237,952,0,1000,1000,0,0.400001,166814,0.108604
60,on,1250,3906,0.8956519971970626,2723893.305234685,3041240.6981272777,0.0658104757980521,11876,5,5505,29.941926898434758,1334,0.9146098653782047,0.04020929583137519,0.9986446827650585,0.04020929583137519,2005100.2339353194,758,0.568215892053973,1.0,1.0,1.0,0.3784229272630426,2372696.7519144635,2005100.2339353207,0.0014232126557498696,0.568215892053973,2088.466171063499,1980.6179645287375,0.3625341417042449,nan,nan,nan,nan,nan,5612,1017,0,1250,1250,0,0.400001,166814,0.075821
60,on,1500,4626,0.8740351495810242,2658151.2684995737,3041240.6981272777,0.0658104757980521,13769,24,7418,30.654031172394753,1334,0.8990005953367314,0.05201895163746054,0.9984335591527974,0.05201895163746054,1986610.582279695,758,0.568215892053973,1.0,1.0,1.0,0.39326938121232935,2344986.5493959137,1986610.5822796957,5.507361000132238e-05,0.568215892053973,2001.7352518878906,1980.6179645287375,0.3707864594852277,nan,nan,nan,nan,nan,6583,1030,0,1500,1500,0,0.400001,166814,0.058013
60,on,1750,5178,0.8522015865558167,2591750.1480421857,3041240.6981272777,0.0658104757980521,15967,61,9486,32.8810844887048,1334,0.8815816251176222,0.06445952420525007,0.9997505503010201,0.06445952420525007,1989817.561855266,759,0.5689655172413793,1.0,1.0,1.0,0.41118981911495367,2345859.9905879973,1989817.5618552673,0.0005554639523167799,0.5689655172413793,1913.9045835577701,1981.0375115162406,0.38114359942213416,nan,nan,nan,nan,nan,7223,1030,0,1750,1750,0,0.400001,166814,0.047214
60,on,2000,5783,0.8312150442159972,2527925.0213653552,3041240.6981272777,0.0658104757980521,18523,115,12132,36.28100707940757,1334,0.8645092124500485,0.07714077008017049,0.9996599078528091,0.07714077008017049,2016380.3184292905,759,0.5689655172413793,1.0,1.0,1.0,0.43429645859263544,2384631.4487373643,2016380.3184292917,0.0027814225867537636,0.5689655172413793,1829.8135075672162,1981.0375115162406,0.39440058954770496,20284397.568,3.025264365100671,4567983.338,0.6812801398956003,3352.5,7834,1030,0,2000,2000,0,0.400001,166814,0.041236
61,off,250,897,0.9964452751587665,3291467.26020614,3303209.260219234,-2.220446049250313e-16,8375,0,899,21.27720228768885,1350,0.9962625421146148,0.00015261394163555115,0.14594408598141584,0.00015261394163555115,1966881.8456502398,780,0.5777777777777777,1.0,1.0,1.0,0.32557736379119584,2365890.8252587593,1966881.8456502405,0.023201451303566073,0.5777777777777777,2462.1672839184293,2029.6576843023097,0.3209581383642255,nan,nan,nan,nan,nan,0,0,0,0,0,0,0.4,166661,0.498307
61,off,500,1380,0.9899193607984103,3269910.799459614,3303209.260219234,-2.220446049250313e-16,8501,0,1324,13.702779928222299,1350,0.990742625115152,0.001670040550025959,0.8207656927116893,0.001670040550025959,1944140.741044927,780,0.5777777777777777,1.0,1.0,1.0,0.3272691617385539,2336222.34595051,1944140.7410449276,0.020592746171070698,0.5777777777777777,2434.7649413607555,2029.6576843023097,0.3215516956266289,nan,nan,nan,nan,nan,0,0,0,0,0,0,0.4,166661,0.320634
61,off,750,2655,0.9748722309682043,3220206.9808647563,3303209.260219234,-2.220446049250313e-16,9123,0,2208,16.770022340118885,1350,0.9775771106606014,0.00836989041768453,1.0,0.00836989041768453,1930667.389578904,782,0.5792592592592593,1.0,1.0,1.0,0.33716546393895697,2327016.337814165,1930667.3895789047,0.014978777534660008,0.5792592592592593,2372.145556721906,2027.6781464674048,0.3271779884532495,nan,nan,nan,nan,nan,0,0,0,0,0,0,0.4,166661,0.205805
61,off,1000,3822,0.9568902494955347,3160808.7331471434,3303209.260219234,-2.220446049250313e-16,10596,1,3663,19.830197488889098,1350,0.961897607177664,0.015515500393103239,0.9981319027490198,0.015515500393103239,1881896.861681632,787,0.582962962962963,1.0,1.0,1.0,0.3435903694039686,2248321.2460693773,1881896.861681633,0.00971574081811426,0.582962962962963,2297.884311230679,2023.6460325435207,0.33111760197599627,nan,nan,nan,nan,nan,0,0,0,0,0,0,0.4,166661,0.149617
61,off,1250,5579,0.9318960140746742,3078247.5432528574,3303209.260219234,-2.220446049250313e-16,12569,5,5843,24.66310777142644,1350,0.9406331201866925,0.02688470434419193,0.9996664785376688,0.02688470434419193,1831958.9094554612,797,0.5903703703703703,1.0,1.0,1.0,0.3543130602901319,2156732.73364793,1831958.909455462,0.004155659713888567,0.5903703703703703,2195.5810375057163,2018.1539615336055,0.338237206944487,nan,nan,nan,nan,nan,0,0,0,0,0,0,0.4,166661,0.118586
61,off,1500,7062,0.9122316003015096,3013291.8695805576,3303209.260219234,-2.220446049250313e-16,15104,24,8281,28.749874476343393,1350,0.9242444299757241,0.0397034224719391,1.0,0.0397034224719391,1831875.0318277127,802,0.5940740740740741,1.0,1.0,1.0,0.368961365807599,2154458.816312272,1831875.0318277136,0.0014684961628114962,0.5940740740740741,2118.063369480171,2012.4447139620966,0.34755658041181503,nan,nan,nan,nan,nan,0,0,0,0,0,0,0.4,166661,0.105555
61,off,1750,8758,0.8868943151371185,2929597.5145967253,3303209.260219234,-2.220446049250313e-16,18651,95,11076,33.4890232719481,1350,0.9034276639355044,0.05568963198240724,1.0,0.05568963198240724,1825560.8777997277,812,0.6014814814814815,1.0,1.0,8.0,0.38668813496135646,2143114.3548868317,1825560.8777997282,6.591049271475501e-05,0.6014814814814815,2022.8229210117693,2000.418173438628,0.3589988165783027,nan,nan,nan,nan,nan,0,0,0,0,0,0,0.4,166661,0.103479
61,off,2000,10264,0.8592138750529543,2838163.228583771,3303209.260219234,-2.220446049250313e-16,22933,138,15174,40.871550768613815,1350,0.8786469690550823,0.07291054653322399,1.0,0.07291054653322399,1844832.9472366567,821,0.6081481481481481,1.0,1.0,9.0,0.4100300228992737,2168315.360054218,1844832.9472366574,0.0005738039527000317,0.6081481481481481,1920.7161249126655,1987.3652794746263,0.3742632366992036,30523186.574,3.0208265407130663,7125264.562999999,0.7051750068535516,5052.125,0,0,0,0,0,0,0.4,166661,0.106558
61,on,250,810,0.9896159688157895,3056905.408358773,3088981.488462416,0.06485443545365921,8515,0,809,27.731709031388164,1350,0.9903112801157187,0.0004468709261511641,0.20792411353436502,0.0004468709261511641,1936771.5235720605,762,0.5644444444444444,1.0,1.0,1.0,0.3326546703691031,2402485.192868013,1936771.5235720621,0.019778321474486344,0.5644444444444444,2436.301773845418,2041.570504572389,0.3209965349262638,nan,nan,nan,nan,nan,1822,749,0,250,250,0,0.4,166661,0.462603
61,on,500,1200,0.9806048492027826,3029070.226683874,3088981.488462416,0.06485443545365921,8655,0,1202,21.219380781054497,1350,0.9827669684593165,0.0036642969430031275,0.91995802232224,0.0036642969430031275,1921028.088025589,762,0.5644444444444444,1.0,1.0,1.0,0.33709976306092626,2386572.794227019,1921028.0880255897,0.01642054037454608,0.5644444444444444,2399.7726640358396,2041.570504572389,0.32314679736320207,nan,nan,nan,nan,nan,2611,749,0,500,500,0,0.4,166661,0.289254
61,on,750,2074,0.9588674833252552,2961923.9058802575,3088981.488462416,0.06485443545365921,9178,0,1986,23.34425537660718,1350,0.9649728859574668,0.013059472052368813,0.9997050065922526,0.013059472052368813,1887493.4298445398,762,0.5644444444444444,1.0,1.0,1.0,0.34979903314976935,2351274.9308560207,1887493.4298445412,0.009501142465438104,0.5644444444444444,2311.654132797497,2041.570504572389,0.3297315534816301,nan,nan,nan,nan,nan,3869,889,0,750,750,0,0.4,166661,0.176575
61,on,1000,2999,0.9295242077702384,2871283.070879959,3088981.488462416,0.06485443545365921,10206,1,3332,25.64027501642704,1350,0.9417130581024432,0.02607117989075313,0.9989402459488108,0.02607117989075313,1838881.9660309537,762,0.5644444444444444,1.0,1.0,1.0,0.36446963709634805,2286975.405534088,1838881.966030955,0.0030536979088686333,0.5644444444444444,2192.702905762985,2041.570504572389,0.3372691687125593,nan,nan,nan,nan,nan,4137,943,0,1000,1000,0,0.4,166661,0.112118
61,on,1250,3998,0.8974880490248115,2772323.969553892,3088981.488462416,0.06485443545365921,11747,3,5002,28.35022941045463,1350,0.9161706736138397,0.04205836847373586,0.9992509763328719,0.04205836847373586,1807649.9885533042,763,0.5651851851851852,1.0,1.0,1.0,0.38571748232328584,2239595.068767868,1807649.9885533054,7.903682920460395e-05,0.5651851851851852,2064.0573517036964,2039.94584361835,0.3489872468896056,nan,nan,nan,nan,nan,5605,1018,0,1250,1250,0,0.4,166661,0.076566
61,on,1500,4597,0.875926461729347,2705720.6255363356,3088981.488462416,0.06485443545365921,13621,17,6624,30.444316867738962,1350,0.8983231488810428,0.05711915825220882,0.9985380645772316,0.05711915825220882,1851146.3982245657,764,0.5659259259259259,1.0,1.0,1.0,0.40922814157906173,2313383.204849419,1851146.3982245664,0.000481448368777234,0.5659259259259259,1978.0919751055949,2038.3248405386714,0.36262427234722105,nan,nan,nan,nan,nan,6673,1018,0,1500,1500,0,0.4,166661,0.058656
61,on,1750,5264,0.8557604429689987,2643428.166889634,3088981.488462416,0.06485443545365921,15981,63,8721,33.47805524431169,1350,0.8823290465539938,0.07047746381194309,0.9992690322886159,0.07047746381194309,1858002.458240156,764,0.5659259259259259,1.0,1.0,1.0,0.42806465068063515,2318348.7596557634,1858002.4582401572,0.002657238264659715,0.5659259259259259,1896.557343369075,2038.3248405386714,0.3731349557148862,nan,nan,nan,nan,nan,7304,1018,0,1750,1750,0,0.4,166661,0.048029
61,on,2000,5762,0.8367346238348092,2584657.7637812886,3088981.488462416,0.06485443545365921,18611,94,11472,35.5883112475276,1350,0.8680565168181955,0.08046757351200508,0.9995012931297362,0.08046757351200508,1838980.5559954103,764,0.5659259259259259,1.0,1.0,1.0,0.441639843915572,2272700.6603223677,1838980.5559954112,0.006388700427978447,0.5659259259259259,1819.632731970716,2038.3248405386714,0.380732017815439,20103113.164,3.011251222887957,4306733.317000003,0.6451068479628524,3338.0,7915,1018,0,2000,2000,0,0.4,166661,0.042178
62,off,250,967,0.9965966478515775,3330045.8838415323,3341417.905649502,0.0,8255,0,949,21.98357423208654,1344,0.9958445056834295,0.00017995803321036813,0.12959804953059806,0.00017995803321036813,2386275.2180091925,790,0.5877976190476191,1.0,1.0,1.0,0.34214402430399327,2886108.4079027115,2386275.218009193,0.02160170043753787,0.5877976190476191,2508.804316242993,2047.555700490434,0.3378459658347923,nan,nan,nan,nan,nan,0,0,0,0,0,0,0.400001,166588,0.472568
62,off,500,1369,0.9906949855998981,3310325.9639206748,3341417.905649502,0.0,8401,0,1496,13.681357191875577,1344,0.9906633618400975,0.0009513615647432178,0.37963220290673083,0.0009513615647432178,2353561.9770789198,790,0.5877976190476191,1.0,1.0,1.0,0.34305118416133373,2839620.528562162,2353561.9770789207,0.019612751536257286,0.5877976190476191,2484.034268250544,2047.555700490434,0.3380525200074831,nan,nan,nan,nan,nan,0,0,0,0,0,0,0.400001,166588,0.305572
62,off,750,2471,0.9755442021523064,3259700.864824274,3341417.905649502,0.0,8801,0,2450,15.791489880532025,1344,0.9765512454706347,0.006298904859501804,1.0,0.006298904859501804,2318763.6923348713,790,0.5877976190476191,1.0,1.0,1.0,0.35008246263311404,2801627.1282634963,2318763.6923348713,0.01453100714145322,0.5877976190476191,2420.4682034363705,2047.555700490434,0.3416399789867661,nan,nan,nan,nan,nan,0,0,0,0,0,0,0.400001,166588,0.205764
62,off,1000,4122,0.9526738338625745,3183281.406712165,3341417.905649502,0.0,10001,1,4030,19.60675567574799,1344,0.956302512522849,0.01789470958825356,0.9992890484228274,0.01789470958825356,2281827.1986301555,794,0.5907738095238095,1.0,1.0,1.0,0.36284203433932105,2752109.914816614,2281827.1986301565,0.008297735669884794,0.5907738095238095,2324.9019766123315,2045.0496982535287,0.34915861143864513,nan,nan,nan,nan,nan,0,0,0,0,0,0,0.400001,166588,0.146387
62,off,1250,5674,0.9305831569191308,3109467.223225424,3341417.905649502,0.0,12265,6,6115,25.03094637580216,1344,0.9360502640579218,0.029880795225070096,0.9990637924922171,0.029880795225070096,2251214.9734056494,798,0.59375,1.0,1.0,1.0,0.3764889783306762,2709738.1216658843,2251214.97340565,0.0036683816265290154,0.59375,2230.9643474379786,2045.9321779917154,0.3569593007922778,nan,nan,nan,nan,nan,0,0,0,0,0,0,0.400001,166588,0.112393
62,off,1500,7396,0.9094916777970725,3038991.7772303456,3341417.905649502,0.0,15376,28,8081,30.206331936642528,1344,0.9171266688669814,0.043758368287908904,0.9995020620035096,0.043758368287908904,2267555.1396128396,802,0.5967261904761905,1.0,1.0,1.0,0.3934250764883216,2735774.9717158065,2267555.13961284,0.001127668496855417,0.5967261904761905,2145.3122179237866,2042.2303941925124,0.36753992989272155,nan,nan,nan,nan,nan,0,0,0,0,0,0,0.400001,166588,0.096656
62,off,1750,9136,0.8832086823255508,2951169.3055476984,3341417.905649502,0.0,19503,71,10999,35.403435695916414,1344,0.8935882758536421,0.061254605215031135,1.0,0.061254605215031135,2283913.346206702,807,0.6004464285714286,1.0,1.0,1.0,0.4185334421905922,2753092.5717201172,2283913.3462067023,2.4639339412325406e-05,0.6004464285714286,2032.833436278606,2048.148884089198,0.38286788141580286,nan,nan,nan,nan,nan,0,0,0,0,0,0,0.400001,166588,0.0885
62,off,2000,10200,0.8677845694937243,2899630.898752675,3341417.905649502,0.0,24814,112,14274,40.63636602088809,1344,0.881380566767111,0.06971022786325774,1.0,0.06971022786325774,2264461.148178248,812,0.6041666666666666,1.0,1.0,1.0,0.42837882470218225,2706754.4253875935,2264461.148178249,0.000490980918678286,0.6041666666666666,1974.011082795217,2042.1947227184157,0.3896577403977084,31416398.787,3.0401740691423735,6687684.125000003,0.6471691423732917,5166.875,0,0,0,0,0,0,0.400001,166588,0.087585
62,on,250,624,0.9009129526294974,3299208.650744028,3662072.6132470593,-0.09596366472311368,8538,0,949,30.286443199962378,1344,0.9906833883705914,0.0003501610235270997,0.17331563200468558,0.005641658532590559,2329794.6975372047,780,0.5803571428571429,1.0,1.0,1.0,0.3579523579824304,2844279.707007929,2329794.697537205,0.012213706949112906,0.5803571428571429,2389.7877913284738,2047.9697436179201,0.34578010859348574,nan,nan,nan,nan,nan,6551,14312,0,250,250,0,0.400001,166588,0.59812
62,on,500,722,0.899118571921383,3292637.498295103,3662072.6132470593,-0.09596366472311368,8703,0,1248,20.935090769082308,1344,0.9884657100301782,0.001024527450334937,0.6696701512290616,0.014084010986496304,2301592.9935886576,782,0.5818452380952381,1.0,1.0,1.0,0.3681799503203178,2808126.008218332,2301592.9935886576,0.007559693571380823,0.5818452380952381,2313.968672720666,2046.5485438345509,0.35165642859221724,nan,nan,nan,nan,nan,7808,14312,0,500,500,0,0.400001,166588,0.488165
62,on,750,910,0.8956697367086096,3280007.6133148037,3662072.6132470593,-0.09596366472311368,8959,0,1758,21.570952612906694,1344,0.9796950070187999,0.006248721591173113,1.0184990756061716,0.02741938846063347,2247787.3070447105,784,0.5833333333333334,1.0,1.0,1.0,0.3834817852996186,2730840.4949872517,2247787.3070447105,0.0024058700140102925,0.5833333333333334,2196.1268553603927,2046.9639235897546,0.36015230184290736,nan,nan,nan,nan,nan,9364,14312,0,750,750,0,0.400001,166588,0.447427
62,on,1000,1130,0.8936947043739147,3272774.901491641,3662072.61324706,-0.0959636647231139,9339,0,2411,23.808265374973416,1344,0.9682068591934335,0.01327845561896412,1.0076466165532856,0.042971164471435154,2198489.251608488,784,0.5833333333333334,1.0,1.0,1.0,0.4039061262387189,2655579.2211170816,2198489.2516084886,5.56673236444617e-06,0.5833333333333334,2054.059857602279,2046.9639235897546,0.37186003843323956,nan,nan,nan,nan,nan,9676,14312,0,1000,1000,0,0.400001,166588,0.432581
62,on,1250,1226,0.8911894056471762,3263600.315636448,3662072.6132470593,-0.09596366472311368,9842,0,3101,24.46995553188026,1344,0.9563333491332525,0.020453274401023964,1.0,0.06018789616891101,2126920.5476353564,785,0.5840773809523809,1.0,1.0,1.0,0.4251176451687386,2521686.719779503,2126920.5476353574,0.002688805093598642,0.5840773809523809,1895.6534965735204,2049.084749290777,0.38432958331933453,nan,nan,nan,nan,nan,9676,14312,0,1250,1250,0,0.400001,166588,0.435632
62,on,1500,1118,0.8906180780123699,3261508.072351833,3662072.6132470593,-0.09596366472311368,10359,2,3600,23.926850276067853,1344,0.9475777457134811,0.02796740174010977,1.0,0.07314427370881342,2130364.9375229958,790,0.5877976190476191,1.0,1.0,1.0,0.44242349049108753,2498114.308608478,2130364.937522996,0.0069080154619456996,0.5877976190476191,1802.4025850694516,2048.8558035305296,0.39569845498547207,nan,nan,nan,nan,nan,9676,14312,0,1500,1500,0,0.400001,166588,0.431288
62,on,1750,1091,0.8901631819155272,3259842.2098137126,3662072.6132470598,-0.0959636647231139,10793,3,4144,23.833679016679525,1344,0.9402478018420152,0.03264926096299913,1.0125513853250219,0.08393590203447623,2124518.6826797677,792,0.5892857142857143,1.0,1.0,1.0,0.45785023168933026,2465214.960579101,2124518.6826797687,0.012038275644705236,0.5892857142857143,1723.9305266695035,2049.0025227270935,0.4054649002260031,nan,nan,nan,nan,nan,9676,14312,0,1750,1750,0,0.400001,166588,0.422829
62,on,2000,1081,0.8895609530476782,3257636.8039698564,3662072.61324706,-0.0959636647231139,11278,3,4651,23.418445855379105,1344,0.934366574664734,0.03803299598556814,1.0,0.09358152409802302,2124253.8575203274,793,0.5900297619047619,1.0,1.0,1.0,0.47395258020115194,2442196.0613275995,2124253.8575203284,0.017520085311119,0.5900297619047619,1655.9191551741087,2048.164855516203,0.4155070996735202,5685050.141,2.877777849152113,707067.8570000002,0.3579184292584157,987.75,9676,14312,0,2000,2000,0,0.400001,166588,0.418041
63,off,250,928,0.9964612056543767,3275184.2216970753,3286815.5861083018,0.0,8299,0,945,21.15925308689475,1326,0.9959214078494762,0.00015428744652644865,0.1765188418496113,0.00015428744652644865,2188661.571534664,786,0.5927601809954751,1.0,1.0,1.0,0.330021768478856,2630999.0897763097,2188661.5715346653,0.02800651577495398,0.5927601809954751,2513.836668111765,2009.9252272065721,0.330731705229075,nan,nan,nan,nan,nan,0,0,0,0,0,0,0.4,166857,0.487516
63,off,500,1536,0.9878966533332603,3247034.1176399896,3286815.5861083018,0.0,8441,0,1408,13.980908827856183,1326,0.9878920191367605,0.0016596651978615805,0.5969632243963505,0.0016596651978615805,2165960.3154876716,786,0.5927601809954751,1.0,1.0,1.0,0.33306411663397517,2606785.214502791,2165960.315487673,0.024445761768280887,0.5927601809954751,2478.266472446534,2009.9252272065721,0.3321088112853172,nan,nan,nan,nan,nan,0,0,0,0,0,0,0.4,166857,0.303679
63,off,750,2969,0.9684398148773691,3183083.077746775,3286815.5861083018,0.0,9136,0,2451,17.167869044467807,1326,0.9708113540705299,0.01127910130467729,0.9933402118311997,0.01127910130467729,2134250.485816719,787,0.5935143288084465,1.0,1.0,1.0,0.3444368805345215,2578248.857166484,2134250.48581672,0.017156965654519157,0.5935143288084465,2398.1495855356006,2008.5623576001806,0.33851617976993653,nan,nan,nan,nan,nan,0,0,0,0,0,0,0.4,166857,0.196332
63,off,1000,4512,0.9474222346401671,3114002.1674408577,3286815.5861083018,0.0,10875,0,3830,21.19898109138012,1326,0.9502782178414516,0.02308906551537022,1.0,0.02308906551537022,2141968.872694357,789,0.5950226244343891,1.0,1.0,1.0,0.36123255572459745,2609190.079160844,2141968.872694358,0.010422856252260974,0.5950226244343891,2311.3243669065323,2006.9431623505452,0.3485265790432428,nan,nan,nan,nan,nan,0,0,0,0,0,0,0.4,166857,0.144948
63,off,1250,5934,0.9261669280651273,3044139.894502507,3286815.5861083018,0.0,13492,7,5969,26.22966800816357,1326,0.9324078540881113,0.035210187740291825,1.0,0.035210187740291825,2124443.389480997,790,0.5957767722473605,1.0,1.0,1.0,0.37677922300659183,2595313.7074182904,2124443.389480998,0.005418117100574552,0.5957767722473605,2224.189350646141,2005.5671011887894,0.35766653978621443,nan,nan,nan,nan,nan,0,0,0,0,0,0,0.4,166857,0.117521
63,off,1500,7239,0.9087074210742365,2986753.71479908,3286815.5861083018,0.0,16740,49,8074,29.511597206816077,1326,0.9174726532612464,0.04659323044378409,1.0,0.04659323044378409,2128412.2142804167,796,0.6003016591251885,1.0,1.0,1.0,0.3901189434231489,2595574.861269365,2128412.2142804177,0.0026331617606994155,0.6003016591251885,2154.0428816069098,2001.2103889323762,0.3664037128137261,nan,nan,nan,nan,nan,0,0,0,0,0,0,0.4,166857,0.10514
63,off,1750,8584,0.8884141397853453,2920053.4415654726,3286815.5861083018,0.0,20634,110,10872,34.372194703668356,1326,0.8993222287988507,0.057681449406723276,0.9999761232435486,0.057681449406723276,2137319.441233379,800,0.6033182503770739,1.0,1.0,1.0,0.40683982983598854,2606483.9923468027,2137319.4412333798,0.0006237532280415089,0.6033182503770739,2072.749173722377,1998.1134446278616,0.37711109572999324,nan,nan,nan,nan,nan,0,0,0,0,0,0,0.4,166857,0.10233
63,off,2000,9798,0.8702640276594099,2860397.3701403346,3286815.5861083018,0.0,25256,159,14095,39.00000305660069,1326,0.8836738251353089,0.0687916103254291,1.0,0.0687916103254291,2156125.010395166,804,0.6063348416289592,1.0,1.0,1.0,0.4225711738039635,2639254.249879185,2156125.010395167,2.608255829041057e-05,0.6063348416289592,2004.66967792899,1989.3202458954022,0.3870566871079888,30216209.185,2.912405704578313,6387720.2689999975,0.6156838813493973,5187.5,0,0,0,0,0,0,0.4,166857,0.104517
63,on,250,841,0.9875007098538982,3034298.023716284,3072704.6506783897,0.06514236342764412,8418,0,881,28.019819520413876,1326,0.9872097226818957,0.0007294194935870814,0.33137823753001283,0.0007294194935870814,2158192.7643258865,781,0.5889894419306184,1.0,1.0,1.0,0.334998859444245,2617141.4770873855,2158192.764325887,0.021164075286511205,0.5889894419306184,2466.841805923447,2032.4671069542612,0.33135488977706706,nan,nan,nan,nan,nan,1898,783,0,250,250,0,0.4,166857,0.453237
63,on,500,1389,0.974928490767041,2995667.3076587506,3072704.6506783897,0.06514236342764412,8543,0,1319,21.236702216789126,1326,0.9758974459672849,0.005724093395340095,0.9516332662932049,0.005724093395340095,2152468.844364707,782,0.5897435897435898,1.0,1.0,1.0,0.3436860009647782,2626365.1114939814,2152468.844364708,0.01615161651434397,0.5897435897435898,2414.6910283014736,2035.6230211893358,0.33581542184019786,nan,nan,nan,nan,nan,2843,848,0,500,500,0,0.4,166857,0.271968
63,on,750,2319,0.9475432945606542,2911520.6879156455,3072704.6506783897,0.06514236342764412,9319,0,2276,23.988548269495368,1326,0.9522656332461921,0.0179652038316907,1.0,0.0179652038316907,2108997.049759478,782,0.5897435897435898,1.0,1.0,1.0,0.3590197710883054,2581370.0374565423,2108997.049759479,0.008454072144706927,0.5897435897435898,2307.0866552284488,2035.6230211893358,0.3443668916293827,nan,nan,nan,nan,nan,4252,938,0,750,750,0,0.4,166857,0.162797
63,on,1000,3390,0.9165717948239789,2816354.416636279,3072704.6506783897,0.06514236342764412,10530,1,3588,27.034384444355965,1326,0.9258375262894538,0.034301030172846,1.0,0.034301030172846,2110647.353179365,782,0.5897435897435898,1.0,1.0,1.0,0.3830750049585703,2605199.007832559,2110647.3531793654,0.00257121782751022,0.5897435897435898,2185.390656149975,2035.6230211893358,0.35844793837783007,nan,nan,nan,nan,nan,4644,1006,0,1000,1000,0,0.4,166857,0.103227
63,on,1250,4296,0.8863768717565111,2723574.3360999944,3072704.6506783897,0.06514236342764412,12345,13,5478,30.242155499756336,1326,0.8993843128410505,0.04878936272419074,1.0,0.04878936272419074,2107753.401473595,782,0.5897435897435898,1.0,1.0,1.0,0.40458337682610246,2609096.6729231034,2107753.4014735958,0.00011118919036356928,0.5897435897435898,2066.7460518836265,2035.6230211893358,0.37114811993028907,nan,nan,nan,nan,nan,6228,1013,0,1250,1250,0,0.4,166857,0.07066
63,on,1500,4994,0.8650137048421421,2657931.633768994,3072704.6506783897,0.06514236342764412,14504,52,7374,32.42470546066761,1326,0.8840102439549197,0.06232549248292252,1.0,0.06232549248292252,2102042.439079024,782,0.5897435897435898,1.0,1.0,1.0,0.4230042373884886,2598665.7047200534,2102042.439079025,0.0003211132276133766,0.5897435897435898,1982.803977291554,2035.6230211893358,0.381849596003772,nan,nan,nan,nan,nan,7288,1013,0,1500,1500,0,0.4,166857,0.054323
63,on,1750,5398,0.8453303070633399,2597450.365872916,3072704.6506783897,0.06514236342764412,16984,110,9691,34.29169736802578,1326,0.8696749790417556,0.07356496495826917,0.9995019339951395,0.07356496495826917,2086697.2800441803,782,0.5897435897435898,1.0,1.0,1.0,0.43794784723895597,2566839.708924963,2086697.280044181,0.001964353739236747,0.5897435897435898,1905.4622024883854,2035.6230211893358,0.39054487745419797,nan,nan,nan,nan,nan,7839,1013,0,1750,1750,0,0.4,166857,0.045662
63,on,2000,5736,0.8304595524957359,2551756.929153942,3072704.6506783897,0.06514236342764412,19665,183,12484,36.191199423745275,1326,0.8576977144674975,0.0798831514036855,0.9999870184780268,0.0798831514036855,2087048.4125727327,784,0.5912518853695324,1.0,1.0,1.0,0.4477853160689984,2568247.2769349427,2087048.4125727338,0.0036702330135115497,0.5912518853695324,1851.631519059316,2029.6638712388167,0.39667050988702557,21555399.178,3.039932190247858,4735277.081999998,0.6678104688502623,3545.375,8355,1013,0,2000,2000,0,0.4,166857,0.040473
64,off,250,932,0.9959812007404959,3346204.115796376,3359706.1001839465,0.0,8275,0,988,21.93578266352415,1341,0.9953150488367318,0.00022078916418557946,0.14758062497232338,0.00022078916418557946,2182940.5602553585,764,0.56972408650261,1.0,1.0,1.0,0.32587739072837585,2660839.464287996,2182940.56025536,0.0248972472347209,0.56972408650261,2538.8688973782705,2068.0099654514866,0.32320701248973904,nan,nan,nan,nan,nan,0,0,0,0,0,0,0.4,167047,0.499048
64,off,500,1494,0.9889823514652784,3322690.0391921597,3359706.1001839465,0.0,8408,0,1485,14.386927772313356,1341,0.989127461753971,0.0022283047431377093,0.9836574583573479,0.0022283047431377093,2161396.531576663,765,0.5704697986577181,1.0,1.0,1.0,0.32848044056228365,2633324.087651803,2161396.5315766637,0.021707423841844514,0.5704697986577181,2506.86221457617,2069.2814863734106,0.32430703550451256,nan,nan,nan,nan,nan,0,0,0,0,0,0,0.4,167047,0.314495
64,off,750,2524,0.9735632827143889,3270886.4998506405,3359706.1001839465,0.0,9089,0,2488,16.63789345510304,1341,0.9762308310221819,0.007313687668846787,0.9970014708964279,0.007313687668846787,2115688.192374871,766,0.5712155108128263,1.0,1.0,1.0,0.3336340819910619,2574547.823644988,2115688.1923748725,0.016206813449035747,0.5712155108128263,2441.0012831793815,2066.8432117257653,0.3266400210701881,nan,nan,nan,nan,nan,0,0,0,0,0,0,0.4,167047,0.206103
64,off,1000,3671,0.9583878829743555,3219901.6167713203,3359706.1001839465,0.0,10286,0,4106,19.912180269137025,1341,0.9632584661560789,0.012507271180804648,0.99243455865874,0.012507271180804648,2085656.6314391166,767,0.5719612229679344,1.0,1.0,1.0,0.34032609991954277,2538103.1341072517,2085656.6314391177,0.011256259106749385,0.5719612229679344,2375.415182981703,2065.749132030138,0.33011580447317135,nan,nan,nan,nan,nan,0,0,0,0,0,0,0.4,167047,0.147628
64,off,1250,5373,0.9360332906199316,3144796.756471037,3359706.1001839465,0.0,12069,8,6120,24.17756618745625,1341,0.9450408490499089,0.02400364981645301,0.9990007872118796,0.02400364981645301,2064200.962103996,770,0.5741983594332588,1.0,1.0,1.0,0.3552435594523127,2514027.737131122,2064200.9621039974,0.00570705047660303,0.5741983594332588,2280.825195606433,2061.3187860635385,0.3388248880241602,nan,nan,nan,nan,nan,0,0,0,0,0,0,0.4,167047,0.117181
64,off,1500,6627,0.9171098404547705,3081219.5255146185,3359706.1001839465,0.0,14620,40,8468,29.03494164906442,1341,0.9285028461829429,0.03548563066164962,0.9997417079023981,0.03548563066164962,2094989.341886765,776,0.5786726323639075,1.0,1.0,1.0,0.37194900568810674,2562381.1077221353,2094989.3418867658,0.0025650632549728382,0.5786726323639075,2203.198049896172,2054.7366190377284,0.3494712678133731,nan,nan,nan,nan,nan,0,0,0,0,0,0,0.4,167047,0.110355
64,off,1750,8231,0.8958775629500432,3009885.3132611876,3359706.1001839465,0.0,17832,95,10996,32.85161529108882,1341,0.9117023799901887,0.04724429979406233,1.0,0.04724429979406233,2066763.0195112976,783,0.5838926174496645,1.0,1.0,1.0,0.3843978576231364,2501907.906531506,2066763.0195112985,0.0005471604574087348,0.5838926174496645,2116.4051878055498,2048.1817672017305,0.3577024763517844,nan,nan,nan,nan,nan,0,0,0,0,0,0,0.4,167047,0.111239
64,off,2000,9582,0.8712918694866322,2927284.608954913,3359706.1001839465,0.0,21764,160,14792,39.87614079192281,1341,0.8904827039798956,0.06090774584239615,0.9999213117538732,0.06090774584239615,2092229.1780405478,786,0.5861297539149888,1.0,1.0,1.0,0.4065184694533319,2539029.4859057968,2092229.1780405492,0.00011699738086883619,0.5861297539149888,2013.9415832047687,2045.7076694226962,0.3712804866280961,28994933.558,3.017633715772493,6701163.470999997,0.6974203539574332,4804.25,0,0,0,0,0,0,0.4,167047,0.113342
64,on,250,820,0.9885797070725505,3110333.4363179523,3146264.7008287106,0.06352978296034584,8426,0,904,28.15724006295204,1341,0.9883648493023076,0.0005688630139459522,0.252444159026998,0.0005688630139459522,2154830.068246267,752,0.5607755406413124,1.0,1.0,1.0,0.32671734141023423,2593567.653359536,2154830.068246268,0.019246485435552543,0.5607755406413124,2499.6450582602633,2089.3045034061697,0.32348918214128686,nan,nan,nan,nan,nan,1683,786,0,250,250,0,0.4,167047,0.460295
64,on,500,1224,0.9796084770346251,3082107.5719266133,3146264.7008287106,0.06352978296034584,8537,0,1362,21.295359168201685,1341,0.9802882137100505,0.0032906308398366374,0.9661677833713034,0.0032906308398366374,2143121.3801126964,752,0.5607755406413124,1.0,1.0,1.0,0.33124959373264806,2585599.173052379,2143121.380112697,0.015973311899654067,0.5607755406413124,2462.1106641228453,2089.3045034061697,0.32571811587294497,nan,nan,nan,nan,nan,2475,844,0,500,500,0,0.4,167047,0.28422
64,on,750,1923,0.960754910066683,3022789.259690667,3146264.7008287106,0.06352978296034584,8950,0,2323,22.694891456514597,1341,0.9654387746689964,0.00898042814566407,0.9914151826975726,0.00898042814566407,2083920.819592467,752,0.5607755406413124,1.0,1.0,1.0,0.3377348155376354,2503129.9029240473,2083920.819592468,0.010211009490177725,0.5607755406413124,2383.2299297665336,2089.3045034061697,0.32874707337845166,nan,nan,nan,nan,nan,3658,966,0,750,750,0,0.4,167047,0.177949
64,on,1000,2684,0.9386753041617257,2953320.975023691,3146264.7008287106,0.06352978296034584,9626,0,3747,25.848537288606167,1341,0.9459072607566695,0.018893885942557923,0.9997495734756967,0.018893885942557923,2067950.5702876241,752,0.5607755406413124,1.0,1.0,1.0,0.35182763569025366,2494754.698562854,2067950.5702876255,0.004838266377437161,0.5607755406413124,2290.851891645555,2089.3045034061697,0.33630583217799637,nan,nan,nan,nan,nan,4114,996,0,1000,1000,0,0.4,167047,0.115346
64,on,1250,3714,0.9079015845982249,2856498.7074478464,3146264.7008287106,0.06352978296034584,10781,6,5439,28.487937515601516,1341,0.9218309340200161,0.03385052418998312,1.0,0.03385052418998312,2030852.1238001287,752,0.5607755406413124,1.0,1.0,1.0,0.37072231868534056,2444113.5220492687,2030852.1238001299,0.0006426772041900112,0.5607755406413124,2162.0988762521442,2089.3045034061697,0.34660346706174794,nan,nan,nan,nan,nan,5592,1058,0,1250,1250,0,0.4,167047,0.0787
64,on,1500,4096,0.8881253521645157,2794277.4454262834,3146264.7008287106,0.06352978296034584,12346,24,7289,31.02343830652535,1341,0.9051089650332387,0.04637283789777193,0.9987478673784834,0.04637283789777193,2054852.691076235,752,0.5607755406413124,1.0,1.0,1.0,0.3903509126757041,2489196.4102990297,2054852.691076236,1.185905409560862e-05,0.5607755406413124,2079.357836329853,2089.3045034061697,0.3576223592626635,nan,nan,nan,nan,nan,6618,1076,0,1500,1500,0,0.4,167047,0.060975
64,on,1750,4900,0.8701256199182417,2737645.523235463,3146264.7008287106,0.06352978296034584,14043,65,9357,32.29391166754067,1341,0.8912648113778188,0.05631316877574583,0.9989316828909245,0.05631316877574583,2064304.974778731,752,0.5607755406413124,1.0,1.0,1.0,0.4049674910277625,2502903.128906057,2064304.9747787323,0.0008672457782724426,0.5607755406413124,2004.049429161209,2089.3045034061697,0.3657510740231318,nan,nan,nan,nan,nan,7312,1076,0,1750,1750,0,0.4,167047,0.04849
64,on,2000,5412,0.8471663170294803,2665409.4790009186,3146264.7008287106,0.06352978296034584,16026,120,12352,34.918676072731614,1341,0.8721785112420779,0.0697856058315088,0.9994406415059667,0.0697856058315088,2086629.4679471115,752,0.5607755406413124,1.0,1.0,1.0,0.4277141635397732,2531466.28898545,2086629.4679471126,0.003880531513265989,0.5607755406413124,1907.9908597003782,2089.3045034061697,0.37871564385063095,19523922.788,3.1524519094175107,4638055.152999998,0.7488887341864123,3096.625,8013,1076,0,2000,2000,0,0.4,167047,0.04102
65,off,250,887,0.9963226819284126,3325071.0897504436,3337343.5635477738,0.0,8379,0,918,21.37209576368332,1356,0.9955339785015035,0.00020654615142123357,0.2100854885209511,0.00020654615142123357,2075765.4573385466,748,0.551622418879056,1.0,1.0,1.0,0.3310620451290289,2674554.5912394193,2075765.457338548,0.021416202565765697,0.551622418879056,2484.964326161544,2061.0115590109167,0.31888265399831806,nan,nan,nan,nan,nan,0,0,0,0,0,0,0.400001,166706,0.494323
65,off,500,1313,0.9909408894466427,3307110.199251059,3337343.5635477738,0.0,8475,0,1411,13.766475787386298,1356,0.9911535860870477,0.0013535408381018077,0.8991129083615716,0.0013535408381018077,2061257.5241488733,748,0.551622418879056,1.0,1.0,1.0,0.33289836396996253,2657031.7272048304,2061257.5241488747,0.019217921343677807,0.551622418879056,2461.210959494295,2061.0115590109167,0.3195974824299004,nan,nan,nan,nan,nan,0,0,0,0,0,0,0.400001,166706,0.317996
65,off,750,2275,0.9778402193418206,3263388.7621985683,3337343.5635477738,0.0,8768,0,2450,15.421712337061763,1356,0.9791981132922717,0.00609380693943898,0.9705105749598608,0.00609380693943898,2039910.778096254,750,0.5530973451327433,1.0,1.0,1.0,0.33942565493246946,2631520.371211599,2039910.7780962554,0.01399333384153336,0.5530973451327433,2401.640147729687,2061.812327569008,0.3228660938378747,nan,nan,nan,nan,nan,0,0,0,0,0,0,0.400001,166706,0.211708
65,off,1000,3524,0.9624623608397542,3212067.5651055486,3337343.5635477738,0.0,9624,0,3957,18.92618589103222,1356,0.9654043471984559,0.013902459292987177,0.9916861758831819,0.013902459292987177,2026269.0701791674,752,0.5545722713864307,1.0,1.0,1.0,0.3491940955411912,2619214.784305868,2026269.0701791684,0.009294816307728906,0.5545722713864307,2335.2465401521317,2059.124379434277,0.3282257728907938,nan,nan,nan,nan,nan,0,0,0,0,0,0,0.400001,166706,0.152089
65,off,1250,5002,0.942499220406115,3145443.7068711426,3337343.5635477738,0.0,11127,3,6186,23.02006893977523,1356,0.9490279604332913,0.0215971656893507,0.9990203486250787,0.0215971656893507,1974283.0321698016,759,0.5597345132743363,1.0,1.0,1.0,0.3566152163302798,2523816.354698006,1974283.0321698028,0.004787848790928554,0.5597345132743363,2249.680722007519,2053.82937826778,0.33285074509946755,nan,nan,nan,nan,nan,0,0,0,0,0,0,0.400001,166706,0.120262
65,off,1500,6133,0.9266515155287061,3092554.471001517,3337343.5635477738,0.0,13297,15,8467,26.017140617594123,1356,0.9347613370560437,0.03149523982303598,0.9975064421070042,0.03149523982303598,1981791.719734615,765,0.5641592920353983,1.0,1.0,1.0,0.3699503582950059,2529657.0047993558,1981791.7197346159,0.00214367191441493,0.5641592920353983,2182.175162795743,2050.730367233019,0.3410509703161142,nan,nan,nan,nan,nan,0,0,0,0,0,0,0.400001,166706,0.1092
65,off,1750,7493,0.9083298858633021,3031408.898163975,3337343.5635477738,0.0,16152,58,11476,30.478941667824984,1356,0.9196011111702853,0.04289625023515996,0.9997483143793477,0.04289625023515996,1956929.3228940591,767,0.5656342182890856,1.0,1.0,1.0,0.383919333587744,2487706.577887557,1956929.3228940605,0.00040209265840900294,0.5656342182890856,2104.6895926304446,2048.0975978537294,0.34902249086588477,nan,nan,nan,nan,nan,0,0,0,0,0,0,0.400001,166706,0.103069
65,off,2000,8539,0.8936177489731356,2982309.4428075445,3337343.5635477738,0.0,19556,142,14710,33.53029817529023,1356,0.907496676390544,0.05093304647961849,0.9999222119485255,0.05093304647961849,1959817.385735941,775,0.5715339233038348,1.0,1.0,1.0,0.39365948490062497,2475328.844309032,1959817.3857359418,7.340367148550375e-07,0.5715339233038348,2045.2337043284201,2042.8099563127134,0.3556040457926659,25711628.966,2.9246009174771084,6173229.540000001,0.7021816004094865,4395.75,0,0,0,0,0,0,0.400001,166706,0.101375
65,on,250,634,0.9007020532373855,3295352.586721583,3658648.9115652903,-0.09627577799510445,8557,0,946,29.63449510000646,1356,0.9902687420059489,0.0003646513946763972,0.1367114770855543,0.00430359596109684,2028156.1209934342,761,0.5612094395280236,1.0,1.0,1.0,0.34575395116458596,2604090.7128827376,2028156.120993435,0.00912794744309882,0.5612094395280236,2350.6531161590246,2076.4665737568266,0.325415666620247,nan,nan,nan,nan,nan,6091,14487,0,250,250,0,0.400001,166706,0.604725
65,on,500,708,0.9005271103623158,3294712.532162123,3658648.9115652903,-0.09627577799510445,8682,0,1302,21.340680500492454,1356,0.9905347165324518,0.0004967352979663978,0.21777395296546675,0.009642277403970424,2009674.2087344294,761,0.5612094395280236,1.0,1.0,1.0,0.35303436627980656,2583488.7815977754,2009674.2087344301,0.00576859098806428,0.5612094395280236,2293.4400171582793,2076.4665737568266,0.3292303626991395,nan,nan,nan,nan,nan,7276,14487,0,500,500,0,0.400001,166706,0.489498
65,on,750,860,0.8971541148588007,3282371.9258344728,3658648.9115652903,-0.09627577799510445,8923,0,1818,21.970877308398485,1356,0.9836916679383192,0.005121493804681294,1.0,0.020380667477811327,1971514.7226587988,764,0.5634218289085545,1.0,1.0,1.0,0.36571815878850367,2522835.22413116,1971514.7226587995,0.0015917863738988578,0.5634218289085545,2188.240639651117,2075.2884744169555,0.336380455931953,nan,nan,nan,nan,nan,8661,14487,0,750,750,0,0.400001,166706,0.445529
65,on,1000,1062,0.8950688251186866,3274742.5827965057,3658648.9115652903,-0.09627577799510445,9223,0,2409,22.77216010913253,1356,0.9737462498150171,0.009745053597072915,1.0,0.03413447825666553,1957263.3833093678,765,0.5641592920353983,1.0,1.0,1.0,0.3853654775129147,2501211.5159357265,1957263.3833093692,1.744334927873591e-05,0.5641592920353983,2065.2751674492642,2077.058681003319,0.3475511066174968,nan,nan,nan,nan,nan,8889,14487,0,1000,1000,0,0.400001,166706,0.433239
65,on,1250,1242,0.8904655451833147,3257900.797671327,3658648.9115652903,-0.09627577799510445,9690,3,3078,24.17963128350675,1356,0.9589455115866762,0.019571935824981276,1.0,0.05245289813133966,1932084.1222061801,770,0.5678466076696165,1.0,1.0,1.0,0.4096859337354639,2435999.6368811456,1932084.1222061808,0.0028770524248042644,0.5678466076696165,1919.515987976159,2070.021505857225,0.36235455104011205,nan,nan,nan,nan,nan,8889,14487,0,1250,1250,0,0.400001,166706,0.441275
65,on,1500,1089,0.8916425657619763,3262207.1027303375,3658648.9115652903,-0.09627577799510445,10207,4,3684,23.02158683165908,1356,0.9554251987652584,0.02049598462265838,1.0,0.06302770041898921,1908323.0231814561,775,0.5715339233038348,1.0,1.0,1.0,0.4210295840322096,2368231.1775383963,1908323.0231814568,0.0068325228085198125,0.5715339233038348,1833.9863955268063,2064.7340324423876,0.37005811758917173,nan,nan,nan,nan,nan,8889,14487,0,1500,1500,0,0.400001,166706,0.435068
65,on,1750,1118,0.8901804137003989,3256857.601681704,3658648.9115652903,-0.09627577799510445,10596,9,4187,22.932781524956226,1356,0.9464070296199713,0.028407173283465856,1.0,0.07270713196650572,1909744.9092107392,777,0.5730088495575221,1.0,1.0,1.0,0.4357646974678189,2348664.9106758153,1909744.9092107404,0.011617080232463007,0.5730088495575221,1763.4891310829664,2064.6136181021893,0.37923228732602077,nan,nan,nan,nan,nan,8889,14487,0,1750,1750,0,0.400001,166706,0.424923
65,on,2000,1093,0.8896675420484147,3254981.1843703995,3658648.9115652903,-0.09627577799510445,11065,22,4674,23.09210029989481,1356,0.9401058729497516,0.032249469063654154,1.0,0.0799845421451835,1911226.3999987226,782,0.5766961651917404,1.0,1.0,1.0,0.4476283008752491,2324447.4169189986,1911226.3999987235,0.015708010169502795,0.5766961651917404,1710.4242791916515,2061.1091431650957,0.3875027295913118,5379390.839,2.75654155213938,657212.5199999994,0.3367730053804763,975.75,8889,14487,0,2000,2000,0,0.400001,166706,0.416889
66,off,250,897,0.9964748467212484,3246444.8777850457,3257929.5789221246,0.0,8304,0,952,21.159102860838175,1337,0.9957885630681592,0.00017871299276584892,0.17840489243897006,0.00017871299276584892,2022742.2840235746,772,0.5774121166791324,1.0,1.0,1.0,0.33673470028577146,2401352.175786862,2022742.2840235748,0.00808222740088385,0.5774121166791324,2377.0690377824067,2118.2272787376182,0.3260665727761556,nan,nan,nan,nan,nan,0,0,0,0,0,0,0.399999,166700,0.489823
66,off,500,1408,0.9897899444260768,3224665.9368654015,3257929.5789221246,0.0,8430,0,1347,13.911863943561912,1337,0.9897769883849579,0.0015742878387112046,0.801446191543119,0.0015742878387112046,2000555.7392814283,772,0.5774121166791324,1.0,1.0,1.0,0.33855119076592066,2368717.3809919306,2000555.739281429,0.0065009157481995825,0.5774121166791324,2349.093890958214,2118.2272787376182,0.3269502367591497,nan,nan,nan,nan,nan,0,0,0,0,0,0,0.399999,166700,0.31178
66,off,750,2603,0.9744719010576999,3174760.8302843543,3257929.5789221246,0.0,8973,0,2225,16.21726424060762,1337,0.9751113415273431,0.008111843350085182,0.995929155022531,0.008111843350085182,1968605.9108886283,773,0.5781600598354525,1.0,1.0,1.0,0.3457102348104355,2321161.7938412046,1968605.9108886283,0.0034527207123027245,0.5781600598354525,2284.8904642321195,2117.9497659571666,0.33097977248925536,nan,nan,nan,nan,nan,0,0,0,0,0,0,0.399999,166700,0.195987
66,off,1000,4221,0.9537473394598387,3107241.668044489,3257929.5789221246,0.0,10413,0,3626,20.05884502455592,1337,0.9566564512626218,0.018894149351567767,1.0,0.018894149351567767,1946768.8302016119,775,0.5796559461480928,1.0,1.0,1.0,0.3583538279190537,2287699.4631009125,1946768.8302016123,0.0008989336792495003,0.5796559461480928,2200.0149541623177,2115.266181733547,0.3384803572010868,nan,nan,nan,nan,nan,0,0,0,0,0,0,0.399999,166700,0.137347
66,off,1250,5732,0.9355687164194508,3048016.994337134,3257929.5789221246,0.0,12924,5,5542,24.89116460084915,1337,0.940976003661004,0.02892255436085787,1.0,0.02892255436085787,1929015.591931633,782,0.5848915482423336,1.0,1.0,1.0,0.3689910278956585,2246355.926277147,1929015.5919316334,3.3635668698923056e-05,0.5848915482423336,2127.3363040989234,2110.9888757978406,0.3454560289135067,nan,nan,nan,nan,nan,0,0,0,0,0,0,0.399999,166700,0.1148
66,off,1500,7053,0.9167960148921516,2986856.854755069,3257929.5789221246,0.0,16156,28,7546,28.991368006914854,1337,0.9253078139451342,0.040541528412723,0.9992962661270176,0.040541528412723,1922427.7883200618,783,0.5856394913986537,1.0,1.0,1.0,0.38511101090696687,2230897.316272914,1922427.788320062,0.0004831096758492389,0.5856394913986537,2049.7088493668143,2111.573637433506,0.35498083729384566,nan,nan,nan,nan,nan,0,0,0,0,0,0,0.399999,166700,0.107787
66,off,1750,8387,0.8993749183429215,2930100.1490100743,3257929.5789221246,0.0,20119,88,9936,32.66243708319962,1337,0.9114532284262249,0.050107231265923466,1.0,0.050107231265923466,1881559.046810582,787,0.5886312640239342,1.0,1.0,1.0,0.39235313385149095,2162238.1500466643,1881559.0468105825,0.0018739538462029003,0.5886312640239342,1983.5738631977931,2104.2443507531084,0.3592918586014784,nan,nan,nan,nan,nan,0,0,0,0,0,0,0.399999,166700,0.10716
66,off,2000,9489,0.8804292534174253,2868376.506856953,3257929.5789221246,0.0,24525,134,13144,37.62172725237906,1337,0.8979011568334572,0.058826325452951495,1.0,0.058826325452951495,1870155.5097167236,793,0.5931189229618549,1.0,1.0,1.0,0.402456340178696,2119109.444230043,1870155.5097167236,0.004736141442853112,0.5931189229618549,1909.5295731630229,2101.107979518507,0.3667127789544544,28400815.001,2.8550706208595122,5989328.652999999,0.6020938580547875,4973.75,0,0,0,0,0,0,0.399999,166700,0.107084
66,on,250,622,0.8987777854825997,3216949.5007862747,3579249.0121002826,-0.09862688108945106,8559,0,943,30.079688005149364,1337,0.9905027659286836,0.0003587008590766382,0.16258609528316115,0.005434027283501213,1973382.2856636874,769,0.575168287210172,1.0,1.0,1.0,0.34953689543449795,2333023.315785699,1973382.2856636874,0.0031107838572714285,0.575168287210172,2263.436415130352,2104.9344684419298,0.33391050792335286,nan,nan,nan,nan,nan,6197,14509,0,250,250,0,0.399999,166700,0.616352
66,on,500,755,0.897354340510598,3211854.6367764585,3579249.0121002826,-0.09862688108945106,8740,0,1216,20.937431568279862,1337,0.9890439534713618,0.0012706594572152135,1.0,0.014471549148840378,1954584.8042374777,770,0.5759162303664922,1.0,1.0,1.0,0.36106646159862477,2305965.495999519,1954584.8042374777,0.0008708924803854468,0.5759162303664922,2186.9452877701897,2103.461134908304,0.340607325384815,nan,nan,nan,nan,nan,7659,14509,0,500,500,0,0.399999,166700,0.510806
66,on,750,974,0.8932204453043466,3197058.3964433568,3579249.012100282,-0.09862688108945106,9082,0,1626,22.019057111814618,1337,0.9774817108675119,0.007194704139730521,1.015447878357735,0.033149607765593475,1930213.3268347,774,0.5789080029917726,1.0,1.0,1.0,0.38408463848312513,2254426.7977335025,1930213.3268347,0.00045896452968897505,0.5789080029917726,2042.0141254450896,2102.297693026956,0.35460963719715477,nan,nan,nan,nan,nan,9542,14509,0,750,750,0,0.399999,166700,0.480488
66,on,1000,1216,0.8901540010654274,3186082.8289305447,3579249.012100282,-0.09862688108945106,9593,0,2273,23.070402251556516,1337,0.9634383957102451,0.016395822789562104,1.0087736816809376,0.05120589711813109,1848486.1687676872,776,0.5804038893044129,1.0,1.0,1.0,0.40305900044432086,2091226.3338938472,1848486.1687676876,0.005991525825092681,0.5804038893044129,1887.2747613557653,2100.528147804807,0.3663325586401591,nan,nan,nan,nan,nan,9885,14509,0,1000,1000,0,0.399999,166700,0.470899
66,on,1250,1146,0.887622886141399,3177023.3383392035,3579249.012100282,-0.09862688108945106,10279,0,2898,23.943419355899096,1337,0.9506399814967202,0.023842848124089613,1.0,0.06726709461190733,1803199.3103089996,778,0.5818997756170531,1.0,1.0,1.0,0.4258735879898643,2012566.9067784627,1803199.3103090003,0.015665204255394843,0.5818997756170531,1750.5129375129095,2091.254885652408,0.3800347173398675,nan,nan,nan,nan,nan,9885,14509,0,1250,1250,0,0.399999,166700,0.476026
66,on,1500,980,0.8899124626830995,3185218.3029142134,3579249.012100282,-0.09862688108945106,10820,2,3386,22.82120087184012,1337,0.9466257856555141,0.02789776641050726,1.0032402591153395,0.07698234781224915,1803054.0205461427,779,0.5826477187733732,1.0,1.0,1.0,0.4407460538893291,1986478.4921942467,1803054.0205461427,0.023219832973217138,0.5826477187733732,1676.865639604089,2091.800089874654,0.3894941518796833,nan,nan,nan,nan,nan,9885,14509,0,1500,1500,0,0.399999,166700,0.467818
66,on,1750,1014,0.8891733062159053,3182572.6778592207,3579249.012100282,-0.09862688108945106,11188,4,3936,22.756612800061703,1337,0.9416065108800186,0.030680225516033225,1.0,0.08581535312773213,1783992.3581770773,780,0.5833956619296934,1.0,1.0,1.0,0.45146958147707816,1926057.3609965246,1783992.3581770777,0.03189659637088116,0.5833956619296934,1606.7341383910834,2090.6002142834777,0.39669567818627516,nan,nan,nan,nan,nan,9885,14509,0,1750,1750,0,0.399999,166700,0.460993
66,on,2000,989,0.889807077817254,3184841.1042372454,3579249.012100282,-0.09862688108945106,11614,7,4402,22.621256835758686,1337,0.9407801871481982,0.02977125850023994,1.0,0.09169596204766295,1763702.8234829793,782,0.5848915482423336,1.0,1.0,1.0,0.45861484422466536,1868027.5942225358,1763702.8234829796,0.039029409544970126,0.5848915482423336,1554.9664700141807,2087.4304509485564,0.4020973000419319,5506548.626,2.8620315103950107,624487.7290000004,0.3245778217255719,962.0,9885,14509,0,2000,2000,0,0.399999,166700,0.457168
67,off,250,935,0.9957889633576881,3314580.1014349917,3328596.945138457,0.0,8333,0,928,21.497854651883245,1319,0.9952827294436326,0.00019978459297016434,0.14282116260273348,0.00019978459297016434,2208114.265709461,762,0.577710386656558,1.0,1.0,1.0,0.3327844282471919,2732997.8649552763,2208114.265709462,0.020217770259532135,0.577710386656558,2531.6176530672765,2103.840966064962,0.32277645854158776,nan,nan,nan,nan,nan,0,0,0,0,0,0,0.4,166699,0.488844
67,off,500,1530,0.9882085350624225,3289347.9109685295,3328596.945138457,0.0,8485,0,1375,13.854058859869838,1319,0.9882159640719601,0.0024404028717837883,0.9878022027905154,0.0024404028717837883,2194637.2719987766,762,0.577710386656558,1.0,1.0,1.0,0.33692436979494866,2721071.8223196254,2194637.271998777,0.017339787545051957,0.577710386656558,2498.7939618481205,2103.8431838965153,0.32487333343947267,nan,nan,nan,nan,nan,0,0,0,0,0,0,0.4,166699,0.30454
67,off,750,2766,0.973481648102288,3240328.0400216263,3328596.945138457,0.0,9146,0,2429,17.02883650548756,1319,0.9752962287257552,0.007689004619279283,0.9987928729855349,0.007689004619279283,2164445.1204683594,765,0.5799848369977255,1.0,1.0,1.0,0.3432060534957597,2678482.7220093245,2164445.1204683604,0.012705119330934421,0.5799848369977255,2436.260863000365,2100.274338632938,0.3285244790153474,nan,nan,nan,nan,nan,0,0,0,0,0,0,0.4,166699,0.198772
67,off,1000,4561,0.9520031147711318,3168834.6595894853,3328596.945138457,0.0,10382,0,3953,20.844315588474274,1319,0.9554931269238262,0.020443465364719055,0.9993198508030811,0.020443465364719055,2175839.6366975084,770,0.5837755875663382,1.0,1.0,1.0,0.35973287051511016,2704345.3330692947,2175839.6366975093,0.006770654458797506,0.5837755875663382,2343.9807655090076,2097.750163021953,0.3385760994702218,nan,nan,nan,nan,nan,0,0,0,0,0,0,0.4,166699,0.140137
67,off,1250,6131,0.9301371040472153,3096051.5230914922,3328596.945138457,0.0,13036,4,5938,26.220532715320587,1319,0.9356185004772405,0.031330881306810436,0.9999215569619171,0.031330881306810436,2180225.437712608,776,0.5883244882486732,1.0,1.0,1.0,0.37709206930490047,2740555.5755698807,2180225.437712609,0.0033358320246729464,0.5883244882486732,2258.0851681503627,2084.797838948306,0.3486252949505366,nan,nan,nan,nan,nan,0,0,0,0,0,0,0.4,166699,0.118913
67,off,1500,7589,0.9086845249994839,3024644.5340078725,3328596.945138457,0.0,16459,34,8334,30.599178628996015,1319,0.9172182471895891,0.04513882838823709,1.0,0.04513882838823709,2186879.965418878,784,0.5943896891584534,1.0,1.0,1.0,0.3940439720431985,2757124.053106859,2186879.9654188785,0.001268943612971712,0.5943896891584534,2176.506422468707,2069.2203101540235,0.3593951152071422,nan,nan,nan,nan,nan,0,0,0,0,0,0,0.4,166699,0.108133
67,off,1750,8922,0.8854598457549869,2947338.937622819,3328596.945138457,0.0,20609,87,11493,35.6739712767303,1319,0.8975513225450809,0.058570346602740124,1.0,0.058570346602740124,2174194.991133605,790,0.5989385898407885,1.0,1.0,1.0,0.4113183099011506,2733693.8746019574,2174194.991133606,4.6978312174331466e-05,0.5989385898407885,2083.1817381087376,2062.5611349642836,0.37026158692099553,nan,nan,nan,nan,nan,0,0,0,0,0,0,0.4,166699,0.101699
67,off,2000,10395,0.8648450047992943,2878720.440993185,3328596.945138457,0.0,25555,144,15026,40.9402911067009,1319,0.8799359642236876,0.06936095713843293,1.0,0.06936095713843293,2155268.403961761,793,0.601213040181956,1.0,1.0,1.0,0.42499818153970814,2699918.6165511287,2155268.4039617614,0.0003046398292135962,0.601213040181956,2002.6284654931526,2054.9595039002525,0.3787093365714531,30455981.738,2.8444261353755635,6444443.338,0.6018766105209088,5353.625,0,0,0,0,0,0,0.4,166699,0.103125
67,on,250,831,0.9884034295402716,3078686.0875597415,3114807.1683560493,0.06422819593542439,8470,0,865,27.894162587821484,1319,0.9884638950562421,0.000572002523141567,0.21326245035416536,0.000572002523141567,2184958.151200204,756,0.5731614859742229,1.0,1.0,1.0,0.33893397389945457,2728129.2640305473,2184958.1512002046,0.01309048044618165,0.5731614859742229,2480.0523612650322,2138.128778762658,0.32337457299902406,nan,nan,nan,nan,nan,1774,760,0,250,250,0,0.4,166699,0.455874
67,on,500,1312,0.9784150871545574,3047574.327096724,3114807.1683560493,0.06422819593542439,8596,0,1294,21.115635499358177,1319,0.9800143688395221,0.0037471810221747525,0.9980035188636625,0.0037471810221747525,2158573.93855785,756,0.5731614859742229,1.0,1.0,1.0,0.34323028277734324,2693385.885808538,2158573.938557851,0.010252836470329606,0.5731614859742229,2438.8992389594546,2138.128778762658,0.3255285169841766,nan,nan,nan,nan,nan,2598,787,0,500,500,0,0.4,166699,0.277658
67,on,750,2158,0.9554038926717048,2975898.8935690997,3114807.1683560493,0.06422819593542439,9087,0,2255,23.249662132933736,1319,0.9602574155178744,0.014850363870375737,0.995665301593517,0.014850363870375737,2144790.3730599848,756,0.5731614859742229,1.0,1.0,1.0,0.35770742735666006,2689844.030043887,2144790.3730599848,0.004838699178629261,0.5731614859742229,2344.0904644520156,2138.128778762658,0.33339559451370215,nan,nan,nan,nan,nan,3962,915,0,750,750,0,0.4,166699,0.168916
67,on,1000,3177,0.9286559375906729,2892584.171343836,3114807.1683560493,0.06422819593542439,9967,1,3561,26.178082402795553,1319,0.9381456940903404,0.02754809592502067,0.9996588644517236,0.02754809592502067,2112773.7341630296,758,0.574677786201668,1.0,1.0,1.0,0.3738124786573098,2641971.0673971046,2112773.7341630305,0.0011163307092781631,0.574677786201668,2234.793145703768,2136.5614383250986,0.3427287640018031,nan,nan,nan,nan,nan,4262,1024,0,1000,1000,0,0.4,166699,0.108584
67,on,1250,3931,0.9005276115110344,2804969.8596371217,3114807.1683560493,0.06422819593542439,11547,5,5306,29.1545980758965,1319,0.9139931037237276,0.04174004111838625,0.9990882962275757,0.04174004111838625,2089055.7559175184,758,0.574677786201668,1.0,1.0,1.0,0.3938789832887051,2604675.3179406184,2089055.7559175196,3.523825913617971e-05,0.574677786201668,2119.2069825022977,2136.5614383250986,0.35417080773245946,nan,nan,nan,nan,nan,5603,1083,0,1250,1250,0,0.4,166699,0.076026
67,on,1500,4672,0.8791055580147144,2738244.293845877,3114807.1683560493,0.06422819593542439,13603,26,7189,30.651019901037216,1319,0.8980606873687282,0.054948598423205694,0.9996535290369861,0.054948598423205694,2091397.2676059825,759,0.5754359363153905,1.0,1.0,1.0,0.41246164740277735,2622983.294840628,2091397.2676059841,0.0010061596301212741,0.5754359363153905,2036.5976265973861,2129.404812961537,0.36448397683172606,nan,nan,nan,nan,nan,6593,1083,0,1500,1500,0,0.4,166699,0.057388
67,on,1750,5243,0.856305841819168,2667227.574403506,3114807.1683560493,0.06422819593542439,15939,71,9570,33.415970742702484,1319,0.8806158763752875,0.06834052443953678,0.9996599254015406,0.06834052443953678,2085468.844540902,760,0.576194086429113,1.0,1.0,1.0,0.43244306736066385,2606587.151552218,2085468.8445409029,0.003745409141675069,0.576194086429113,1946.3621371921272,2125.2099286896046,0.3760604793186979,nan,nan,nan,nan,nan,7459,1083,0,1750,1750,0,0.4,166699,0.046378
67,on,2000,6024,0.8371315006420335,2607503.1990564624,3114807.1683560493,0.06422819593542439,18481,118,12186,35.1899887714535,1319,0.8654938709036316,0.07972032716869311,0.9993198508030811,0.07972032716869311,2049538.0340430983,760,0.576194086429113,1.0,1.0,1.0,0.4483811679884615,2529698.116683436,2049538.034043099,0.007895989491801755,0.576194086429113,1867.7774327881236,2125.2099286896046,0.3852346225277663,20177388.54,2.9512049934181657,4355660.006000001,0.6370718160011702,3418.5,8085,1083,0,2000,2000,0,0.4,166699,0.040068
68,off,250,922,0.9963713629319525,3320396.5100627323,3332488.9028243776,0.0,8303,0,979,21.098117843270302,1317,0.9960115864795738,0.00018104012731589433,0.1440514595515484,0.00018104012731589433,2578714.4060327997,780,0.592255125284738,1.0,1.0,1.0,0.3534386259237017,3326233.0012170607,2578714.406032802,0.024868956517292845,0.592255125284738,2569.094511613902,2053.7688903730336,0.3403829433621297,nan,nan,nan,nan,nan,0,0,0,0,0,0,0.4,166747,0.494016
68,off,500,1415,0.9906212444271979,3301234.3039557124,3332488.9028243776,0.0,8436,0,1523,13.473898677155375,1317,0.9906104903294003,0.0011445493969242516,0.6285055709775035,0.0011445493969242516,2553179.7105589407,780,0.592255125284738,1.0,1.0,1.0,0.3549141307826924,3293107.101196471,2553179.7105589435,0.02280014702638929,0.592255125284738,2544.7534669858082,2053.7768073804696,0.34094967203742055,nan,nan,nan,nan,nan,0,0,0,0,0,0,0.4,166747,0.314755
68,off,750,2697,0.9737800869545717,3245111.333567468,3332488.9028243776,0.0,8850,0,2595,16.173650339245796,1317,0.9759615038738828,0.009081059572670238,0.9999618893169205,0.009081059572670238,2516293.051792735,784,0.595292331055429,1.0,1.0,1.0,0.3634817281789553,3241699.3504781937,2516293.051792737,0.017402218512170563,0.595292331055429,2474.8553386568165,2048.5241970433276,0.34623224949843334,nan,nan,nan,nan,nan,0,0,0,0,0,0,0.4,166747,0.211079
68,off,1000,4549,0.9505379630719865,3167657.213650683,3332488.9028243776,0.0,10234,1,4086,20.780070524662733,1317,0.9562308269282346,0.020299719304719153,1.0,0.020299719304719153,2457901.6039761817,787,0.5975702353834472,1.0,1.0,1.0,0.37494619373463234,3164066.4626686457,2457901.6039761836,0.010222855541008664,0.5975702353834472,2374.2048591037264,2050.9620796996364,0.352451480316744,nan,nan,nan,nan,nan,0,0,0,0,0,0,0.4,166747,0.157366
68,off,1250,6360,0.9269241201227445,3088964.3440692965,3332488.9028243776,0.0,12554,8,6155,26.644449546933174,1317,0.9361925844329442,0.03259725163279268,1.0,0.03259725163279268,2413258.9155734642,794,0.6028853454821564,1.0,1.0,1.0,0.38955041166425497,3098076.4198157,2413258.915573466,0.00560404966642749,0.6028853454821564,2279.4204375507184,2041.748653159759,0.3616892677155876,nan,nan,nan,nan,nan,0,0,0,0,0,0,0.4,166747,0.13716
68,off,1500,7950,0.9061620079389199,3019774.835617506,3332488.9028243776,0.0,15929,24,8523,31.7943262886256,1317,0.9168702632976838,0.04774760487102018,1.0,0.04774760487102018,2444297.0662268596,797,0.6051632498101747,1.0,1.0,1.0,0.410854150126998,3151512.245219716,2444297.0662268624,0.00235892801710094,0.6051632498101747,2194.377257726573,2039.0351190655008,0.3751910959249274,nan,nan,nan,nan,nan,0,0,0,0,0,0,0.4,166747,0.131213
68,off,1750,9580,0.882873007406944,2942164.4997868254,3332488.9028243776,0.0,20496,65,11260,37.92533845640719,1317,0.8970246476187431,0.062083448515223134,1.0,0.062083448515223134,2424101.554036294,804,0.6104783599088838,1.0,1.0,1.0,0.427665843753116,3100573.986116359,2424101.554036296,0.0004042355151008222,0.6104783599088838,2099.7099804799755,2035.516384220316,0.38654545799252116,nan,nan,nan,nan,nan,0,0,0,0,0,0,0.4,166747,0.132919
68,off,2000,11011,0.8604937111193588,2867585.743255429,3332488.9028243776,0.0,25946,117,14951,45.72205065563321,1317,0.8767267787307824,0.07501489796496567,1.0,0.07501489796496567,2428056.896133726,810,0.6150341685649203,1.0,1.0,1.0,0.44587344752750124,3102587.9299339806,2428056.8961337283,4.267445439745893e-05,0.6150341685649203,2010.5089394363356,2031.428507062352,0.39812518876569314,31699683.615,2.8504346385217154,6746391.160999999,0.6066352990738242,5560.5,0,0,0,0,0,0,0.4,166747,0.134657
68,on,250,831,0.988807426424725,3083792.774349703,3118699.0428458955,0.06415320987184359,8452,0,899,27.655916452407837,1317,0.9889900222701018,0.0005216678961552275,0.17152339027396568,0.0005216678961552275,2548274.573825185,771,0.5854214123006833,1.0,1.0,1.0,0.36174550439977593,3334222.3749656887,2548274.5738251875,0.017365278027222455,0.5854214123006833,2518.552695216999,2091.5542973212414,0.34087013915325715,nan,nan,nan,nan,nan,1907,774,0,250,250,0,0.4,166747,0.456388
68,on,500,1222,0.9804420289145278,3057703.617141626,3118699.0428458955,0.06415320987184359,8565,0,1454,21.617502143606544,1317,0.9818952124135872,0.003394687233185601,0.9326511021630933,0.003394687233185601,2515060.624788142,771,0.5854214123006833,1.0,1.0,1.0,0.36486810078956866,3288992.894683589,2515060.6247881446,0.014916480852093203,0.5854214123006833,2484.714618423124,2091.5542973212414,0.34242152762909406,nan,nan,nan,nan,nan,2730,780,0,500,500,0,0.4,166747,0.280859
68,on,750,2099,0.958656453887262,2989760.965156244,3118699.0428458955,0.06415320987184359,8915,0,2312,22.987756855785847,1317,0.9649551948038873,0.01218801903937046,0.9995892720207469,0.01218801903937046,2454972.2148839273,772,0.5861807137433561,1.0,1.0,1.0,0.37408892026021734,3208142.9572510147,2454972.2148839296,0.009338797547693036,0.5861807137433561,2397.350687220893,2089.919696553605,0.3473741645578641,nan,nan,nan,nan,nan,3920,901,0,750,750,0,0.4,166747,0.177075
68,on,1000,3206,0.9303108280617239,2901359.489025271,3118699.0428458955,0.06415320987184359,9764,1,3746,26.99280370771885,1317,0.9415338613456866,0.024771173737240564,0.999720790411397,0.024771173737240564,2424071.1440244187,773,0.5869400151860289,1.0,1.0,1.0,0.389996049572676,3175024.1656067907,2424071.144024421,0.0037366514575409276,0.5869400151860289,2282.8470249318943,2089.556505060509,0.3564247880213578,nan,nan,nan,nan,nan,4189,1024,0,1000,1000,0,0.4,166747,0.115259
68,on,1250,4100,0.9026817330054486,2815192.656718567,3118699.0428458955,0.06415320987184359,11306,3,5440,30.87902524881065,1317,0.9192715428368916,0.03778886007191724,1.0,0.03778886007191724,2349162.4020412406,773,0.5869400151860289,1.0,1.0,1.0,0.40585698127306835,3060065.477722563,2349162.4020412425,0.0006908934867370356,0.5869400151860289,2171.37634924405,2089.556505060509,0.3657079778131129,nan,nan,nan,nan,nan,5611,1102,0,1250,1250,0,0.4,166747,0.082048
68,on,1500,4558,0.8830794690144563,2754059.0947722467,3118699.0428458955,0.06415320987184359,13309,14,7438,32.342213939875364,1317,0.9031297871804834,0.05055658542151713,1.0,0.05055658542151713,2357210.0080926423,774,0.5876993166287016,1.0,1.0,1.0,0.42485559517539806,3073692.440643797,2357210.0080926446,3.7832220885737674e-09,0.5876993166287016,2091.0819469614185,2091.273789731324,0.37708480051527693,nan,nan,nan,nan,nan,6640,1102,0,1500,1500,0,0.4,166747,0.064099
68,on,1750,5079,0.8633180115837037,2692429.0563977184,3118699.0428458955,0.06415320987184359,15562,49,9673,34.02773901633918,1317,0.8867229160232717,0.06174788613153828,0.999611604897919,0.06174788613153828,2347117.98639752,775,0.5884586180713743,1.0,1.0,1.0,0.4408249819028278,3050113.744250764,2347117.9863975225,0.0006781529160835763,0.5884586180713743,2011.0011164692157,2092.072308365455,0.3867326889372009,nan,nan,nan,nan,nan,7323,1102,0,1750,1750,0,0.4,166747,0.053083
68,on,2000,5551,0.8479320107126841,2644444.7502080435,3118699.0428458955,0.06415320987184359,17982,103,12463,36.193485179916024,1317,0.8747359354318787,0.07125001164345604,1.0,0.07125001164345604,2324347.4608850577,775,0.5884586180713743,1.0,1.0,1.0,0.4502314848251232,3005709.4008892914,2324347.4608850596,0.002130188368385666,0.5884586180713743,1949.085882676087,2092.072308365455,0.3918403327708351,19878475.491,2.9840839887412747,4452249.817999998,0.6683554481723333,3330.75,7843,1102,0,2000,2000,0,0.4,166747,0.045026
69,off,250,871,0.9965210719738459,3296587.7243384253,3308096.3534556804,-2.220446049250313e-16,8348,0,929,20.596534475684166,1313,0.9957232970681424,0.00018701054985405228,0.14895440436418284,0.00018701054985405228,2293922.5655839494,755,0.575019040365575,1.0,1.0,1.0,0.33508875362393953,2924507.9052575454,2293922.5655839513,0.030196741706151286,0.575019040365575,2574.2578617008267,2041.8510911552123,0.32398445060956926,nan,nan,nan,nan,nan,0,0,0,0,0,0,0.4,166751,0.494897
69,off,500,1327,0.9904272705941092,3276428.842215435,3308096.3534556804,-2.220446049250313e-16,8457,0,1398,13.240291068330407,1313,0.990813873177575,0.0008606177028327407,0.48341055838946423,0.0008606177028327407,2253607.1882832507,757,0.5765422696115765,1.0,1.0,1.0,0.33540398133298455,2861359.455570396,2253607.1882832525,0.0280863426205658,0.5765422696115765,2548.3988305613375,2039.2249762282102,0.32384845783851346,nan,nan,nan,nan,nan,0,0,0,0,0,0,0.4,166751,0.320699
69,off,750,2420,0.9751991979010007,3226052.910469205,3308096.3534556804,-2.220446049250313e-16,8826,0,2338,16.0981013327837,1313,0.9771320031339132,0.0071282518578372625,0.998366262838903,0.0071282518578372625,2230447.7035357216,758,0.5773038842345773,1.0,1.0,1.0,0.3438353889939185,2844403.1135496497,2230447.7035357244,0.021714428325940425,0.5773038842345773,2483.021442724555,2037.515138180548,0.3282076848264954,nan,nan,nan,nan,nan,0,0,0,0,0,0,0.4,166751,0.209132
69,off,1000,3783,0.9572296196024257,3166607.8140265527,3308096.3534556804,-2.220446049250313e-16,9980,1,3718,19.40734033100307,1313,0.9612087502409321,0.014171645708871356,0.9974794703328735,0.014171645708871356,2184402.369427981,760,0.5788271134805788,1.0,1.0,1.0,0.35241564311274054,2784998.7291486883,2184402.3694279836,0.015094997312790872,0.5788271134805788,2404.667714656772,2036.8961022808776,0.33263817707500887,nan,nan,nan,nan,nan,0,0,0,0,0,0,0.4,166751,0.150112
69,off,1250,5489,0.9344033769743405,3091096.4040254895,3308096.3534556804,-2.220446049250313e-16,11862,4,5817,23.4078875426203,1313,0.9415864533994684,0.025962259288279287,0.9984291059935061,0.025962259288279287,2169520.1490251375,764,0.5818735719725818,1.0,1.0,1.0,0.3665397763676179,2772396.796808566,2169520.14902514,0.008558844286782,0.5818735719725818,2308.3219584667218,2032.0598760388498,0.34085609828747265,nan,nan,nan,nan,nan,0,0,0,0,0,0,0.4,166751,0.117737
69,off,1500,6646,0.9160443687371063,3030363.035822832,3308096.3534556804,-2.220446049250313e-16,14624,25,7863,27.503048116341233,1313,0.9258294523743674,0.03893170325455667,0.9999207213309914,0.03893170325455667,2219884.4893086995,770,0.5864432597105864,1.0,1.0,1.0,0.38424154070054994,2854212.224704566,2219884.4893087023,0.004523139786873445,0.5864432597105864,2231.107952470697,2027.6359580924536,0.35203397258126556,nan,nan,nan,nan,nan,0,0,0,0,0,0,0.4,166751,0.107334
69,off,1750,8058,0.8955168080463528,2962455.88715641,3308096.3534556804,-2.220446049250313e-16,17881,65,10430,32.15536499582231,1313,0.9084765792423537,0.050776964807681374,1.0,0.050776964807681374,2235059.706352172,774,0.5894897182025894,1.0,1.0,1.0,0.40146718359216593,2892797.879798643,2235059.7063521747,0.001920504650342859,0.5894897182025894,2150.424251242984,2017.240234346542,0.3623804314419803,nan,nan,nan,nan,nan,0,0,0,0,0,0,0.4,166751,0.102278
69,off,2000,9297,0.8752356077173373,2895363.72230429,3308096.3534556804,-2.220446049250313e-16,21947,106,13591,36.82898338511586,1313,0.890132216639229,0.06231671486473719,1.0,0.06231671486473719,2256285.68986405,776,0.591012947448591,1.0,1.0,1.0,0.4196949004785371,2928850.391628206,2256285.6898640525,0.00025921347104152274,0.591012947448591,2065.0604237527714,2015.8709075774839,0.373405137669127,28608603.438,3.0200948444749414,6308575.383000002,0.6659708514422953,4736.375,0,0,0,0,0,0,0.4,166751,0.099822
69,on,250,805,0.98901503222655,3060301.49770858,3094292.1977828625,0.06463057082647383,8447,0,878,27.47620560415089,1313,0.9888643448656246,0.0005642008257737428,0.19843871633842014,0.0005642008257737428,2267810.0012715748,742,0.5651180502665651,1.0,1.0,1.0,0.34120590893327307,2931167.310619527,2267810.001271577,0.023086903667309873,0.5651180502665651,2531.4957473985155,2069.9328426250117,0.32462871049243724,nan,nan,nan,nan,nan,1916,799,0,250,250,0,0.4,166751,0.454378
69,on,500,1230,0.9796430630519535,3031301.8866137643,3094292.1977828625,0.06463057082647383,8560,0,1332,20.892756037414074,1313,0.9805736539579998,0.003830594050293377,0.9188620434403312,0.003830594050293377,2232560.940791068,742,0.5651180502665651,1.0,1.0,1.0,0.3448026379441198,2883818.263726752,2232560.9407910705,0.019648042216977343,0.5651180502665651,2492.4127135780095,2069.9328426250117,0.3262394644765043,nan,nan,nan,nan,nan,2762,799,0,500,500,0,0.4,166751,0.280538
69,on,750,1928,0.9602144033314104,2971183.93642711,3094292.1977828625,0.06463057082647383,8992,0,2199,22.624825758859515,1313,0.9639501577627007,0.011618146156604942,0.9977414028908111,0.011618146156604942,2201069.4604760925,742,0.5651180502665651,1.0,1.0,1.0,0.35579506245929515,2855009.9744164264,2201069.4604760953,0.013018242314820202,0.5651180502665651,2411.3912173695803,2069.9328426250117,0.331819659006481,nan,nan,nan,nan,nan,3900,927,0,750,750,0,0.4,166751,0.172492
69,on,1000,2854,0.9350777718276649,2893403.8536865273,3094292.1977828625,0.06463057082647383,9890,0,3453,25.340963585302234,1313,0.9429675575882136,0.021567347476966755,0.9966822386505605,0.021567347476966755,2140366.590153233,742,0.5651180502665651,1.0,1.0,1.0,0.36774153933364406,2773946.8703782586,2140366.5901532355,0.006429463359820308,0.5651180502665651,2306.566308015696,2069.9328426250117,0.3378322028805545,nan,nan,nan,nan,nan,4157,994,0,1000,1000,0,0.4,166751,0.111365
69,on,1250,3897,0.9013655507608516,2789088.3910695557,3094292.1977828625,0.06463057082647383,11167,4,5160,28.169954013079405,1313,0.9150614217855794,0.03895380746869996,0.9997136694167583,0.03895380746869996,2114313.4674081076,743,0.5658796648895659,1.0,1.0,1.0,0.3906410410367558,2745376.774231292,2114313.46740811,0.0011327829551017858,0.5658796648895659,2167.0753291504448,2068.335827211887,0.3504169609365404,nan,nan,nan,nan,nan,5691,994,0,1250,1250,0,0.4,166751,0.076915
69,on,1500,4315,0.8821241356862937,2729549.8305300497,3094292.1977828625,0.06463057082647383,12984,31,7105,30.45292967185378,1313,0.898691845926621,0.05294632704603882,0.9983134881687483,0.05294632704603882,2139292.5961145516,745,0.5674028941355674,1.0,1.0,1.0,0.41403901574518964,2802972.012746396,2139292.596114554,0.00011836704281760793,0.5674028941355674,2092.759680358257,2060.6406138435714,0.36403169763135446,nan,nan,nan,nan,nan,6666,994,0,1500,1500,0,0.4,166751,0.05897
69,on,1750,4903,0.8654523020625642,2677962.3058254095,3094292.1977828625,0.06463057082647383,15025,73,9074,31.791673367843032,1313,0.8849990574801374,0.06253158657705532,0.9991001533605346,0.06253158657705532,2099517.492225867,745,0.5674028941355674,1.0,1.0,1.0,0.42726353548487017,2732721.7473585336,2099517.4922258686,0.00016114261765207277,0.5674028941355674,2023.514680754713,2060.6406138435714,0.37139115256526845,nan,nan,nan,nan,nan,7270,994,0,1750,1750,0,0.4,166751,0.048021
69,on,2000,5514,0.8450357588601107,2614787.555488361,3094292.1977828625,0.06463057082647383,17426,110,11763,34.902913914993405,1313,0.8687595291803432,0.07245005265052959,0.9994417964424112,0.07245005265052959,2061431.1404244248,745,0.5674028941355674,1.0,1.0,1.0,0.44050445651841064,2659763.2284504627,2061431.1404244266,0.001770054139472321,0.5674028941355674,1938.7163581546483,2060.6406138435714,0.37881951171871364,19713720.659,3.0989107378762872,4367115.312000002,0.6864914425842964,3180.75,7833,994,0,2000,2000,0,0.4,166751,0.040538
70,off,250,947,0.9963341197973169,3371755.2148144227,3384161.1441554716,0.0,8312,0,944,21.25932063534856,1340,0.9962763438461958,0.00014661171890772924,0.13305620930279616,0.00014661171890772924,2414693.10772646,777,0.5798507462686567,1.0,1.0,1.0,0.3313472472468346,3094616.593277175,2414693.107726461,0.028885245775586686,0.5798507462686567,2581.815994808185,2046.7478496545436,0.3249625211667946,nan,nan,nan,nan,nan,0,0,0,0,0,0,0.400001,166656,0.488266
70,off,500,1619,0.9873383526281695,3341312.0890987245,3384161.1441554716,0.0,8416,0,1421,14.130186600610614,1340,0.9876153979379615,0.0028866619347562524,0.987930565757974,0.0028866619347562524,2386992.3775521093,777,0.5798507462686567,1.0,1.0,1.0,0.3355876391073711,3063687.1966346414,2386992.37755211,0.025129206337906444,0.5798507462686567,2542.946414566656,2046.7484324381094,0.3269291375546828,nan,nan,nan,nan,nan,0,0,0,0,0,0,0.400001,166656,0.30401
70,off,750,3007,0.968820921510424,3278646.1182204746,3384161.1441554716,0.0,9068,0,2496,16.745350368320942,1340,0.970704588041788,0.011814918841192111,0.9963825084822665,0.011814918841192111,2352410.319850568,778,0.5805970149253732,1.0,1.0,1.0,0.3466556493836568,3031132.2908999855,2352410.319850569,0.01811469965881002,0.5805970149253732,2463.4881760318463,2045.158235356017,0.3327822566925356,nan,nan,nan,nan,nan,0,0,0,0,0,0,0.400001,166656,0.189257
70,off,1000,4431,0.950643272700326,3217130.025425237,3384161.1441554716,0.0,10760,1,4146,21.497564444318414,1340,0.9549043087073366,0.019754337262803703,0.999576083997213,0.019754337262803703,2279201.3560953923,782,0.5835820895522388,1.0,1.0,1.0,0.3547931534605506,2915842.4837212116,2279201.356095393,0.012591462758448267,0.5835820895522388,2385.6076284354876,2041.9596746148973,0.33746238830194586,nan,nan,nan,nan,nan,0,0,0,0,0,0,0.400001,166656,0.134009
70,off,1250,5931,0.9261190658762711,3134136.157600038,3384161.1441554716,0.0,13252,7,6730,25.578466614708304,1340,0.9346500099571181,0.030258173284625423,1.0,0.030258173284625423,2168535.388093124,785,0.585820895522388,1.0,1.0,1.0,0.3660192438128673,2771320.5751346443,2168535.388093125,0.007490802153144696,0.585820895522388,2288.063739659058,2029.3193757103002,0.34286875050332544,nan,nan,nan,nan,nan,0,0,0,0,0,0,0.400001,166656,0.105133
70,off,1500,7175,0.9047184120337189,3061712.896406552,3384161.1441554716,0.0,16330,40,9685,30.175144623965025,1340,0.9168476058362992,0.04545646045912698,0.9992113579327399,0.04545646045912698,2185601.3834839035,790,0.5895522388059702,1.0,1.0,1.0,0.38547584636013443,2801420.2448403975,2185601.383483904,0.0032425490529528474,0.5895522388059702,2197.554783901678,2026.4198530088297,0.3547923972159839,nan,nan,nan,nan,nan,0,0,0,0,0,0,0.400001,166656,0.090987
70,off,1750,8323,0.8882214334195032,3005884.462384359,3384161.1441554716,0.0,20030,137,13090,34.03670768812299,1340,0.9027068303896082,0.05496898335434861,0.9992679111236881,0.05496898335434861,2186512.820795591,799,0.5962686567164179,1.0,1.0,1.0,0.39596584378118904,2783120.593223854,2186512.8207955915,0.0014790316995280772,0.5962686567164179,2132.7927440724784,2016.8889823831707,0.3624808199492877,nan,nan,nan,nan,nan,0,0,0,0,0,0,0.400001,166656,0.085926
70,off,2000,9660,0.8671553237164751,2934593.3524688547,3384161.1441554716,0.0,24193,226,17172,38.70465451851487,1340,0.8853769522099743,0.06598403919243469,0.9995071105071648,0.06598403919243469,2172307.451236065,803,0.5992537313432836,1.0,1.0,1.0,0.41289303488125206,2753850.426406561,2172307.451236066,0.00014519087334798178,0.5992537313432836,2047.9117217065382,2011.6715549304288,0.37321989575560477,30713715.06,2.989678539897306,6880046.2639999995,0.6697049389433724,5136.625,0,0,0,0,0,0,0.400001,166656,0.085454
70,on,250,644,0.9018655216779133,3340964.1788209565,3704503.718697573,-0.09465937374032585,8533,0,941,30.114303551614285,1340,0.9906027691331932,0.00035397043248220153,0.14355565922347213,0.004835358362448245,2353852.712475997,761,0.567910447761194,1.0,1.0,1.0,0.34691910712710716,3067093.1699446053,2353852.7124759974,0.017266147534173385,0.567910447761194,2465.4681038802864,2058.499830135741,0.331868833627881,nan,nan,nan,nan,nan,6192,14614,0,250,249,0,0.400001,166656,0.60103
70,on,500,759,0.9001992523761143,3334791.4779960904,3704503.718697573,-0.09465937374032585,8732,0,1254,21.513568012043834,1340,0.9866667070017643,0.0025507920820314407,1.0033876595123263,0.013747775179586596,2314610.8052749964,762,0.5686567164179105,1.0,1.0,1.0,0.3583773768381251,3018373.936546682,2314610.8052749974,0.011744225529893843,0.5686567164179105,2390.187202841467,2057.2866066816932,0.3380744167951124,nan,nan,nan,nan,nan,7440,14614,0,500,499,0,0.400001,166656,0.487779
70,on,750,952,0.8977505430871643,3325720.2253291663,3704503.7186975735,-0.09465937374032607,9051,0,1738,22.04917113482952,1340,0.9790793861513827,0.007823099947117924,1.0239569974433747,0.025619714121724455,2232738.2585653276,763,0.5694029850746268,1.0,1.0,1.0,0.371518439304799,2897752.2292459584,2232738.2585653285,0.005262932817157688,0.5694029850746268,2276.4095072553273,2057.4884973169246,0.3449242539544095,nan,nan,nan,nan,nan,8872,14614,0,750,749,0,0.400001,166656,0.451619
70,on,1000,1025,0.8962771130006073,3320261.8980942746,3704503.718697573,-0.09465937374032585,9482,0,2392,23.525837492197752,1340,0.9726835109124662,0.010591411556195019,1.0,0.039622159526512164,2162487.8719437905,765,0.5708955223880597,1.0,1.0,1.0,0.3897145013202701,2784924.071699381,2162487.8719437914,0.0008427622941357266,0.5708955223880597,2143.1613313074445,2056.909257270741,0.35516807655661653,nan,nan,nan,nan,nan,9203,14614,0,1000,999,0,0.400001,166656,0.437095
70,on,1250,1132,0.8930891329942641,3308452.014305643,3704503.718697573,-0.09465937374032585,9913,1,3155,23.82674964889884,1340,0.9594588674422447,0.01893947976231095,1.0,0.05549508274134218,2060859.4564861646,768,0.573134328358209,1.0,1.0,1.0,0.41050855648201634,2619125.9947009794,2060859.4564861646,0.00037244873900321083,0.573134328358209,1993.200342848347,2049.2126698750976,0.3670337915618278,nan,nan,nan,nan,nan,9203,14614,0,1250,1249,0,0.400001,166656,0.435138
70,on,1500,1033,0.8932724508389205,3309131.115942876,3704503.718697573,-0.09465937374032585,10377,4,3673,22.55969207175076,1340,0.9551181216438795,0.0208142968333898,1.0,0.06649746964089644,2031188.1584980402,775,0.5783582089552238,1.0,1.0,1.0,0.4263899902650956,2571140.542651498,2031188.1584980406,0.0015967232815612812,0.5783582089552238,1916.3389731985928,2031.6629553086684,0.3769516319216748,nan,nan,nan,nan,nan,9203,14614,0,1500,1499,0,0.400001,166656,0.425132
70,on,1750,1010,0.8930199657262718,3308195.783904154,3704503.7186975735,-0.09465937374032607,10791,9,4155,22.971822291612625,1340,0.9470253926160916,0.027703830851495876,1.0024346431230011,0.07618302573664461,2015789.4363604358,778,0.5805970149253732,1.0,1.0,1.0,0.44057648460204657,2529140.802663522,2015789.436360436,0.004073491377514509,0.5805970149253732,1846.7413393768181,2030.3752256055257,0.3856580967124479,nan,nan,nan,nan,nan,9203,14614,0,1750,1749,0,0.400001,166656,0.415813
70,on,2000,1027,0.8925927374079683,3306613.1150102653,3704503.7186975735,-0.09465937374032607,11144,11,4676,23.070866636931896,1340,0.9444760628397975,0.028784108691461013,1.0,0.08208270288999842,1970388.6237844687,781,0.5828358208955224,1.0,1.0,1.0,0.44758094624542255,2433453.065820448,1970388.6237844694,0.007058512207470788,0.5828358208955224,1788.903113415137,2028.0726754520294,0.39042861930946127,5539730.795,2.922569662358217,718593.1299999993,0.37910479029279837,947.75,9203,14614,0,2000,1999,0,0.400001,166656,0.408966
71,off,250,967,0.9960921182147647,3374948.501426324,3388189.1440673564,0.0,8288,0,916,20.999407444149256,1343,0.9960021177041088,0.0001536004790922138,0.14053940493168127,0.0001536004790922138,2309902.420428901,782,0.5822784810126582,1.0,1.0,1.0,0.3299558604201802,2851247.753093272,2309902.4204289024,0.027835382912695942,0.5822784810126582,2568.8136708261295,2054.667480130708,0.32512849469532035,nan,nan,nan,nan,nan,0,0,0,0,0,0,0.400001,166554,0.47596
71,off,500,1564,0.9886034747757336,3349575.5610224074,3388189.1440673564,0.0,8409,0,1379,14.052442954853177,1343,0.9892972374609419,0.001941411175250431,0.959923028456898,0.001941411175250431,2287539.506732416,782,0.5822784810126582,1.0,1.0,1.0,0.3324375523880989,2826204.7990214103,2287539.5067324173,0.024706055461695117,0.5822784810126582,2536.700970789137,2054.667480130708,0.3261737691892608,nan,nan,nan,nan,nan,0,0,0,0,0,0,0.400001,166554,0.295936
71,off,750,2702,0.9731593838615373,3297248.059846938,3388189.1440673564,0.0,8966,0,2404,16.170017179101706,1343,0.9748359284239247,0.007109562242930866,0.9923833099859872,0.007109562242930866,2253201.7218839577,782,0.5822784810126582,1.0,1.0,1.0,0.3400357716376896,2792174.388384905,2253201.7218839596,0.018637243386376318,0.5822784810126582,2470.1780549328046,2054.667480130708,0.33002329134744235,nan,nan,nan,nan,nan,0,0,0,0,0,0,0.400001,166554,0.190746
71,off,1000,4470,0.950020240186775,3218848.2644450935,3388189.1440673564,0.0,10331,1,3944,20.339629812166095,1343,0.9547872809917417,0.01801166645061245,0.9959518025565531,0.01801166645061245,2208404.239550203,791,0.5889798957557707,1.0,1.0,1.0,0.3492726625695073,2717961.229614802,2208404.239550204,0.010874570699046435,0.5889798957557707,2368.1550047246346,2053.1890745825626,0.33562888762290544,nan,nan,nan,nan,nan,0,0,0,0,0,0,0.400001,166554,0.136207
71,off,1250,6060,0.9278729085081848,3143808.915681635,3388189.1440673564,0.0,12727,6,6237,25.78481639176607,1343,0.9346949052972341,0.029450442978756805,0.9970325748879516,0.029450442978756805,2207679.9119731435,796,0.5927029039463887,1.0,1.0,1.0,0.36556979633134024,2730228.6289281514,2207679.9119731444,0.0056169839826295045,0.5927029039463887,2275.6366658420125,2048.992021354005,0.34510228130238185,nan,nan,nan,nan,nan,0,0,0,0,0,0,0.400001,166554,0.113478
71,off,1500,7714,0.9073400700400032,3074239.7752868533,3388189.1440673564,0.0,15793,27,8580,29.832942532375455,1343,0.9164262569679835,0.04416971992384232,1.0,0.04416971992384232,2217938.786116668,801,0.5964259121370067,1.0,1.0,1.0,0.3841205984507561,2747206.554174259,2217938.7861166704,0.002307009197574747,0.5964259121370067,2190.894516386192,2045.0938354818898,0.3566446781856054,nan,nan,nan,nan,nan,0,0,0,0,0,0,0.400001,166554,0.106405
71,off,1750,9095,0.8857236498235267,3000999.2549757897,3388189.1440673564,0.0,19834,76,11488,35.80958730354905,1343,0.8969956241133922,0.05761561671374236,0.9993484300899532,0.05761561671374236,2206095.8236319693,806,0.6001489203276247,1.0,1.0,1.0,0.40237413473808004,2720592.5528063267,2206095.823631971,0.00042320440815815094,0.6001489203276247,2102.975723566586,2040.601001064612,0.3683148764914739,nan,nan,nan,nan,nan,0,0,0,0,0,0,0.400001,166554,0.106354
71,off,2000,10401,0.8646293853193862,2929527.8969807755,3388189.1440673564,0.0,24342,153,15432,40.76118953153491,1343,0.8781798097445133,0.0698595092188939,0.9993080680621913,0.0698595092188939,2232233.799095038,810,0.6031273268801192,1.0,1.0,1.0,0.4198146635022706,2764829.249097323,2232233.7990950393,1.1071137994190378e-05,0.6031273268801192,2021.189157101858,2031.3501435126066,0.37925534240892467,32116603.777,2.98946815693575,7143765.387999999,0.6649538443208526,5371.625,0,0,0,0,0,0,0.400001,166554,0.10685
71,on,250,715,0.9005627585054793,3339633.397972733,3708384.969766006,-0.09450352742535206,8480,0,947,29.71583609469235,1343,0.9890537302530102,0.00038394073205604104,0.12751124320045715,0.006501875982968172,2256048.674950738,788,0.5867460908413998,1.0,1.0,1.0,0.34960796571158936,2806886.239414415,2256048.6749507384,0.012672114914413342,0.5867460908413998,2412.378716732746,2069.0064650650756,0.3345020893963564,nan,nan,nan,nan,nan,6652,14422,0,250,250,0,0.400001,166554,0.606631
71,on,500,823,0.8989096442628988,3333503.013962241,3708384.969766006,-0.09450352742535206,8721,0,1259,21.58604816906154,1343,0.9865534623909439,0.0010546748416059943,0.615754283939014,0.016687723550336212,2232770.511978661,788,0.5867460908413998,1.0,1.0,1.0,0.36365594844316784,2789683.530971159,2232770.5119786616,0.006899216438827791,0.5867460908413998,2321.0574164723125,2069.0064650650756,0.34241102798640455,nan,nan,nan,nan,nan,8260,14422,0,500,500,0,0.400001,166554,0.503013
71,on,750,1032,0.8951357514100764,3319507.966429327,3708384.969766006,-0.09450352742535206,9105,0,1754,22.23647530004382,1343,0.976393535724319,0.006188397386213065,1.0180513097858852,0.03542387598189449,2219939.111229872,792,0.5897244973938943,1.0,1.0,1.0,0.38722521352491457,2790256.652437286,2219939.111229873,0.001669219583842542,0.5897244973938943,2185.1158824984745,2061.36027411814,0.3562246229535606,nan,nan,nan,nan,nan,10150,14422,0,750,750,0,0.400001,166554,0.474893
71,on,1000,1104,0.8921642230661344,3308488.395381419,3708384.969766006,-0.09450352742535206,9673,0,2457,23.739470597356558,1343,0.9619202776179602,0.013479776510242392,1.0,0.05554472411030331,2165512.9475769363,794,0.5912137006701415,1.0,1.0,1.0,0.4135262748542159,2697140.142273637,2165512.9475769377,0.00020864688633714386,0.5912137006701415,2018.5731906914405,2061.811224385345,0.37201915408737607,nan,nan,nan,nan,nan,10581,14422,0,1000,1000,0,0.400001,166554,0.471218
71,on,1250,1060,0.892033803882843,3308004.750842332,3708384.969766006,-0.09450352742535206,10193,3,3175,24.200194096192718,1343,0.9539991923728481,0.01798717023584401,1.000510379197925,0.07049121216259009,2119656.2012214498,797,0.5934475055845123,1.0,1.0,1.0,0.4338071612215715,2600346.6106953463,2119656.201221451,0.003320533904200299,0.5934475055845123,1887.4776848351567,2058.2774239895743,0.38497257118841377,nan,nan,nan,nan,nan,10581,14422,0,1250,1250,0,0.400001,166554,0.466843
71,on,1500,958,0.8944900046576869,3317113.2888784907,3708384.969766006,-0.09450352742535206,10680,6,3644,22.71431872807443,1343,0.9525615530692675,0.019432801033936204,1.0,0.07971347907687117,2119652.8278560294,800,0.5956813104988831,1.0,1.0,1.0,0.44730180594286617,2582347.1461751917,2119652.8278560303,0.0062779078602106025,0.5956813104988831,1821.1915708129825,2056.2473538206714,0.3937296075827066,nan,nan,nan,nan,nan,10581,14422,0,1500,1500,0,0.400001,166554,0.456465
71,on,1750,921,0.8929310864221325,3311332.2199246665,3708384.969766006,-0.09450352742535206,11105,7,4227,23.39642573148012,1343,0.9460653544995925,0.023763985601265896,1.0,0.08821738339079309,2083245.9622644538,803,0.5979151154132539,1.0,1.0,1.0,0.458601690411639,2512085.6079256954,2083245.9622644552,0.00974747892522252,0.5979151154132539,1757.504302798817,2048.1325260993704,0.4010821495318373,nan,nan,nan,nan,nan,10581,14422,0,1750,1750,0,0.400001,166554,0.445854
71,on,2000,957,0.8932831686031437,3312637.876192851,3708384.969766006,-0.09450352742535206,11486,10,4804,22.59029341302812,1343,0.941306416554255,0.02695662680035401,1.0,0.09591890676486088,2067504.4966934177,803,0.5979151154132539,1.0,1.0,1.0,0.46978827907362697,2468687.7229416454,2067504.4966934186,0.014758459775986601,0.5979151154132539,1691.8741290595717,2048.1325260993704,0.4081843397911642,5942141.389,3.1398369294583888,728733.8800000004,0.38506413738441236,946.25,10581,14422,0,2000,2000,0,0.400001,166554,0.438612
72,off,250,933,0.9959797373206178,3309387.828642247,3322746.140945752,0.0,8248,0,1022,21.001149401068687,1337,0.9957063923046352,0.00017171811586363448,0.12293014334444241,0.00017171811586363448,2041245.3335613979,783,0.5856394913986537,1.0,1.0,1.0,0.32859926301301745,2448299.4230785067,2041245.333561399,0.025491513006018412,0.5856394913986537,2507.292371215619,2044.2283350499952,0.32248815582323,nan,nan,nan,nan,nan,0,0,0,0,0,0,0.4,166713,0.482008
72,off,500,1469,0.9889338911648272,3285976.270518396,3322746.140945752,0.0,8382,0,1557,13.888951152563095,1337,0.9893464358032596,0.0018173143769246345,0.9318488205028607,0.0018173143769246345,2015751.5501965296,784,0.5863874345549738,1.0,1.0,1.0,0.3308577668227348,2415918.6771298046,2015751.5501965303,0.022181488650300084,0.5863874345549738,2475.6962876255725,2046.3332486785282,0.3232471913939923,nan,nan,nan,nan,nan,0,0,0,0,0,0,0.4,166713,0.304841
72,off,750,2683,0.9738270811581227,3235780.175866618,3322746.140945752,0.0,8852,0,2580,16.852653881534934,1337,0.974651929271235,0.00921856924733984,0.99893468851987,0.00921856924733984,1990337.7423532011,786,0.5878833208676141,1.0,1.0,1.0,0.3394315675883357,2390294.5864481963,1990337.7423532018,0.01612415362332796,0.5878833208676141,2410.8553366135634,2046.9015956587502,0.3278239335457689,nan,nan,nan,nan,nan,0,0,0,0,0,0,0.4,166713,0.200309
72,off,1000,4192,0.952121162978357,3163656.9199991175,3322746.140945752,0.0,10088,0,4233,20.66038740798831,1337,0.9559237534174417,0.019437526101611508,0.9992834314221525,0.019437526101611508,1959552.241190156,788,0.5893792071802543,1.0,1.0,1.0,0.35075217247656454,2356413.9250404052,1959552.2411901571,0.009461144351562733,0.5893792071802543,2321.05031662559,2044.2717959916029,0.334163651205144,nan,nan,nan,nan,nan,0,0,0,0,0,0,0.4,166713,0.145062
72,off,1250,5705,0.9322116639594792,3097502.7089659777,3322746.140945752,0.0,12205,7,6349,25.065067181363702,1337,0.9386833272748855,0.029179628496229335,0.9995952590594706,0.029179628496229335,1942089.9565227176,795,0.5946148092744952,1.0,1.0,1.0,0.36240075542661065,2324104.291553037,1942089.956522719,0.005036151168778351,0.5946148092744952,2240.077178050384,2038.6434225690173,0.3419227382925871,nan,nan,nan,nan,nan,0,0,0,0,0,0,0.4,166713,0.121539
72,off,1500,6826,0.9136019233848641,3035667.265287674,3322746.140945752,0.0,15280,26,8928,29.282856015488505,1337,0.9229137875956319,0.04114465536988856,0.9996134167166598,0.04114465536988856,1959035.1441547312,801,0.5991024682124159,1.0,1.0,1.0,0.377817789370686,2348745.001091515,1959035.1441547319,0.0022833158115055673,0.5991024682124159,2167.291779005821,2030.8218832022724,0.35208676337573297,nan,nan,nan,nan,nan,0,0,0,0,0,0,0.4,166713,0.110736
72,off,1750,8246,0.8943350631339495,2971648.3797408063,3322746.140945752,0.0,18882,89,11701,33.49626359529793,1337,0.9067088838715262,0.05442722459455363,1.0,0.05442722459455363,1972862.3482670092,804,0.6013462976813763,1.0,1.0,1.0,0.396476586180891,2376626.5256641633,1972862.3482670102,0.00044659797715302036,0.6013462976813763,2089.4981497265762,2028.8738763377823,0.3632444184609478,nan,nan,nan,nan,nan,0,0,0,0,0,0,0.4,166713,0.111299
72,off,2000,9602,0.8751979064234024,2908060.466132162,3322746.140945752,0.0,23192,180,15462,38.08160309307277,1337,0.889703997052131,0.06555874822753162,1.0,0.06555874822753162,1961144.491026958,813,0.6080777860882572,1.0,1.0,8.0,0.40806517754135685,2337453.107178645,1961144.4910269587,6.553870743096485e-06,0.6080777860882572,2015.3101656406036,2022.6540228333763,0.3715929091897898,29697693.257,2.9955308913657452,6518682.468999997,0.6575229442202942,4957.0,0,0,0,0,0,0,0.4,166713,0.113823
72,on,250,629,0.8996475349173686,3278136.6314173257,3643801.0489501515,-0.09662336344269074,8483,0,1018,30.13403780758381,1337,0.9897069238557626,0.00043078815002161794,0.1734051368528683,0.005970964182654157,2006274.4729959238,772,0.5774121166791324,1.0,1.0,1.0,0.35077398462431986,2501814.231273072,2006274.4729959243,0.014772302656954703,0.5774121166791324,2390.092611184578,2041.5805558121376,0.3311963026574203,nan,nan,nan,nan,nan,6218,14401,0,250,250,0,0.4,166713,0.607061
72,on,500,766,0.8975035809868296,3270324.489836327,3643801.0489501515,-0.09662336344269074,8651,0,1403,21.38251098804176,1337,0.987613769459404,0.0013953395091622506,0.668913008702694,0.014914981180726592,1994388.047312711,775,0.5796559461480928,1.0,1.0,1.0,0.3636343019503223,2498975.1619222388,1994388.0473127116,0.008916119885537276,0.5796559461480928,2308.8705297471597,2038.72040075196,0.3383028435536113,nan,nan,nan,nan,nan,7702,14401,0,500,500,0,0.4,166713,0.50108
72,on,750,907,0.8954846964688231,3262968.076311906,3643801.0489501515,-0.09662336344269074,8984,0,1883,21.855458924546838,1337,0.9786426737342198,0.006694014659936791,1.0090880192233505,0.02977156588318808,1978622.7626939295,780,0.5833956619296934,1.0,1.0,1.0,0.38122584581952346,2479043.52262772,1978622.7626939302,0.0031328608736796394,0.5833956619296934,2192.4935287072985,2032.7921875681134,0.3488907980315479,nan,nan,nan,nan,nan,9297,14401,0,750,750,0,0.4,166713,0.461688
72,on,1000,1078,0.8923292411274409,3251470.224829062,3643801.0489501515,-0.09662336344269074,9433,0,2560,23.201446913182735,1337,0.9665369032187843,0.014404571588250804,1.0,0.04554199162223597,1957570.4311184199,782,0.5848915482423336,1.0,1.0,1.0,0.4026674696925725,2449175.8633442246,1957570.4311184206,9.658258423968637e-05,0.5848915482423336,2057.368567369871,2029.4630776691715,0.36149167587529263,nan,nan,nan,nan,nan,9615,14401,0,1000,1000,0,0.4,166713,0.445657
72,on,1250,1118,0.8901878254780313,3243667.332239505,3643801.0489501515,-0.09662336344269074,9975,4,3208,23.932426506653428,1337,0.9572955476151274,0.018929959307139473,1.0,0.059350999325668875,1926686.6920233557,784,0.5863874345549738,1.0,1.0,1.0,0.4226822039141582,2386191.6760030007,1926686.6920233562,0.001433431717639283,0.5863874345549738,1921.5454426880056,2028.2553798193726,0.37399338623316436,nan,nan,nan,nan,nan,9615,14401,0,1250,1250,0,0.4,166713,0.43788
72,on,1500,1056,0.889569094380314,3241412.7992166243,3643801.0489501515,-0.09662336344269074,10493,6,3718,23.29534754343331,1337,0.945711942548251,0.028308877330339374,1.0112319197448962,0.07248814315447225,1937760.0455336142,787,0.5886312640239342,1.0,1.0,1.0,0.44370086661242025,2384306.5691104163,1937760.0455336154,0.00509534935943184,0.5886312640239342,1825.0703354161606,2026.9997927145885,0.387505551315273,nan,nan,nan,nan,nan,9615,14401,0,1500,1500,0,0.4,166713,0.425131
72,on,1750,1034,0.8886607430319515,3238102.947620646,3643801.0489501515,-0.09662336344269074,10953,10,4199,22.936880961060524,1337,0.9408422562793454,0.030787258223423222,1.0,0.08318711715861483,1954985.6303143918,788,0.5893792071802543,1.0,1.0,1.0,0.46162748038184986,2397416.5076231477,1954985.6303143923,0.009181224685408447,0.5893792071802543,1753.4016517548785,2025.7371278634068,0.3987096600276403,nan,nan,nan,nan,nan,9615,14401,0,1750,1750,0,0.4,166713,0.414339
72,on,2000,1018,0.8878395908330805,3235110.832377052,3643801.0489501515,-0.09662336344269074,11420,17,4826,23.252380752936006,1337,0.9366717041226396,0.03204036104240833,1.0061028738235984,0.0911017082582237,1949750.1166233977,790,0.5908750934928946,1.0,1.0,1.0,0.4731040410315852,2370555.4337450014,1949750.1166233984,0.013548752981734946,0.5908750934928946,1691.6141592559145,2022.1840835938604,0.4062475299058508,5671536.663,2.982664561135945,700236.554,0.3682548272416513,950.75,9615,14401,0,2000,2000,0,0.4,166713,0.409182
73,off,250,914,0.9957806302068157,3316341.0850577354,3330393.2457181434,0.0,8309,0,970,21.089802322909236,1309,0.9954232682712841,0.0001867603068741432,0.12175608776925195,0.0001867603068741432,2568005.248533589,756,0.5775401069518716,1.0,1.0,1.0,0.3483878205709623,3155424.094218039,2568005.248533592,0.022807304681415053,0.5775401069518716,2577.1741797773752,2087.2249053935748,0.34257077451865525,nan,nan,nan,nan,nan,0,0,0,0,0,0,0.400001,166822,0.499971
73,off,500,1606,0.985894203836397,3283415.397449403,3330393.2457181434,0.0,8485,0,1422,13.551751034334302,1309,0.9885152406427996,0.0017890423572793856,0.670362420074621,0.0017890423572793856,2493776.5486404914,757,0.5783040488922842,1.0,1.0,1.0,0.34736548426459035,3040116.6851094356,2493776.5486404947,0.019674392135475824,0.5783040488922842,2534.3750033040365,2085.8345704820977,0.341504435410658,nan,nan,nan,nan,nan,0,0,0,0,0,0,0.400001,166822,0.310088
73,off,750,3411,0.9639742197548373,3210413.2305179276,3330393.2457181434,0.0,9187,0,2357,17.247150983661413,1309,0.971136958548313,0.01214330287984039,0.9993944368531666,0.01214330287984039,2439408.000719784,762,0.5821237585943468,1.0,1.0,1.0,0.35816741378253014,2961743.6972707133,2439408.0007197876,0.012296605491834058,0.5821237585943468,2436.6960108866992,2085.5373860607697,0.3475585537020831,nan,nan,nan,nan,nan,0,0,0,0,0,0,0.400001,166822,0.196262
73,off,1000,5207,0.936909147002509,3120275.8950287034,3330393.2457181434,0.0,11193,2,3963,22.414133047685027,1309,0.9479942769683974,0.024656608967380447,0.9992323047919481,0.024656608967380447,2391434.2724763984,766,0.5851795263559969,1.0,1.0,1.0,0.37547562885285357,2895679.0276826755,2391434.2724764016,0.005751765586963109,0.5851795263559969,2320.4256716523,2082.3828111314415,0.35769867840804714,nan,nan,nan,nan,nan,0,0,0,0,0,0,0.400001,166822,0.141664
73,off,1250,7131,0.9109904361903403,3033956.3956021345,3330393.2457181434,0.0,14189,6,6339,29.058339135721326,1309,0.9275360332463188,0.038190448024844885,0.9998712111473009,0.038190448024844885,2307345.4064248437,769,0.5874713521772346,1.0,1.0,1.0,0.387356163033455,2759567.0931377816,2307345.4064248474,0.001841064028421081,0.5874713521772346,2210.9494976144288,2078.554873968069,0.3646628364812545,nan,nan,nan,nan,nan,0,0,0,0,0,0,0.400001,166822,0.119601
73,off,1500,8767,0.8890895979671584,2961017.9919080837,3330393.2457181434,0.0,18142,53,8974,34.29719791933894,1309,0.9106533715858944,0.05114264695064861,1.0,0.05114264695064861,2302176.30312845,775,0.5920550038197097,1.0,1.0,1.0,0.404376888879161,2797027.7843351294,2302176.3031284534,0.0005336871603113815,0.5920550038197097,2130.3452930178146,2059.022090785109,0.37433432159561075,nan,nan,nan,nan,nan,0,0,0,0,0,0,0.400001,166822,0.113838
73,off,1750,10304,0.8650466511998328,2880945.524387022,3330393.2457181434,0.0,23146,128,12641,40.52846686914563,1309,0.889261124176473,0.06491133759454264,1.0,0.06491133759454264,2329269.8830701266,784,0.5989304812834224,1.0,1.0,1.0,0.42577087493456967,2830864.3180851606,2329269.8830701304,5.156693520501826e-06,0.5989304812834224,2037.913830437038,2044.9851022186165,0.3887198249933437,nan,nan,nan,nan,nan,0,0,0,0,0,0,0.400001,166822,0.112488
73,off,2000,11794,0.8449431604171348,2813992.9944689674,3330393.2457181434,0.0,28918,224,16635,45.33678937703371,1309,0.8707731656841099,0.07586308589986047,1.0,0.07586308589986047,2313938.362380805,788,0.6019862490450726,1.0,1.0,1.0,0.4413328339593665,2789368.1465090048,2313938.3623808087,0.0007653142977937839,0.6019862490450726,1956.0082230774508,2041.9795208760213,0.3989815753356991,34276844.402,2.7904786422436603,7039767.023000006,0.5731075852159405,6141.75,0,0,0,0,0,0,0.400001,166822,0.114136
73,on,250,815,0.988764612231175,3081441.022569841,3116455.6098103905,0.06423795033298563,8446,0,905,26.824161008000374,1309,0.9894117702828892,0.00048441530151593383,0.18839235637559482,0.00048441530151593383,2535313.7056126706,748,0.5714285714285714,1.0,1.0,1.0,0.3533848532758692,3142475.772005995,2535313.7056126744,0.01661796838605886,0.5714285714285714,2531.802609701698,2117.0279331782026,0.3427765893708983,nan,nan,nan,nan,nan,1912,733,0,250,250,0,0.400001,166822,0.460203
73,on,500,1447,0.973569729178604,3034086.844040243,3116455.6098103905,0.06423795033298563,8592,0,1313,20.662259688600898,1309,0.9780601947750853,0.00480809081615134,0.8732752259572112,0.00480809081615134,2457582.9649076285,748,0.5714285714285714,1.0,1.0,1.0,0.3557838374566715,3027236.553409763,2457582.964907632,0.012309657411584948,0.5714285714285714,2468.4948843947486,2117.0279331782026,0.34347468199557896,nan,nan,nan,nan,nan,2886,819,0,500,500,0,0.400001,166822,0.275087
73,on,750,2652,0.9435089759261532,2940403.840931517,3116455.6098103905,0.06423795033298563,9283,0,2237,24.196691911667585,1309,0.9547532431999246,0.019254426388941877,0.9996972184265833,0.019254426388941877,2388087.835227883,748,0.5714285714285714,1.0,1.0,1.0,0.37308842317335067,2936628.2869840222,2388087.8352278867,0.005248143195243702,0.5714285714285714,2343.250227832281,2117.0279331782026,0.352786069629061,nan,nan,nan,nan,nan,4426,934,0,750,750,0,0.400001,166822,0.158399
73,on,1000,3676,0.9087754301847384,2832158.2874570787,3116455.6098103905,0.06423795033298563,10693,2,3725,27.51041571237147,1309,0.92780529714233,0.03493048871266875,0.9993114050134496,0.03493048871266875,2321908.2347525824,748,0.5714285714285714,1.0,1.0,1.0,0.3918993074861059,2839899.4767929404,2321908.2347525856,0.000700730651589904,0.5714285714285714,2198.536921048272,2117.0279331782026,0.3630121772639472,nan,nan,nan,nan,nan,4738,1001,0,1000,1000,0,0.400001,166822,0.098849
73,on,1250,4552,0.8792230113569354,2740059.486017706,3116455.6098103905,0.06423795033298563,12776,9,5644,31.042408104985952,1309,0.9039476291674392,0.04990784450595,0.9996572177005965,0.04990784450595,2278356.670086179,748,0.5714285714285714,1.0,1.0,1.0,0.4123094484623131,2765789.243406831,2278356.670086182,0.00018617471157966365,0.5714285714285714,2075.4101811560627,2117.0279331782026,0.3746145988118792,nan,nan,nan,nan,nan,6157,1022,0,1250,1250,0,0.400001,166822,0.069692
73,on,1500,4999,0.8604022646658799,2681405.4644115455,3116455.6098103905,0.06423795033298563,15254,44,7782,32.559135960415006,1309,0.8903457491258709,0.060131678898538085,0.9996871565149072,0.060131678898538085,2271214.218200917,749,0.5721925133689839,1.0,1.0,1.0,0.4259183187153661,2744256.7749561425,2271214.2182009197,0.0015401860885032527,0.5721925133689839,1997.297148141329,2116.8391079530193,0.38257179913203565,nan,nan,nan,nan,nan,7119,1022,0,1500,1500,0,0.400001,166822,0.054759
73,on,1750,5460,0.8468599903378916,2639201.5676124953,3116455.6098103905,0.06423795033298563,18001,114,10015,33.93672578036785,1309,0.8775102802256065,0.0682754655807079,0.9996557025067249,0.0682754655807079,2280541.0811605426,754,0.5760122230710466,1.0,1.0,1.0,0.43639239745816627,2738446.401710627,2280541.0811605463,0.0030900851519011755,0.5760122230710466,1944.1747973898175,2114.0428295145475,0.38967327899264204,nan,nan,nan,nan,nan,7688,1022,0,1750,1750,0,0.400001,166822,0.045945
73,on,2000,6079,0.8271023207278706,2577627.667319565,3116455.6098103905,0.06423795033298563,20901,213,12874,36.25575658492744,1309,0.8616175539985863,0.07736037591911234,0.9991844830407085,0.07736037591911234,2267563.2554295138,754,0.5760122230710466,1.0,1.0,1.0,0.4520816209212888,2701325.3636868,2267563.255429517,0.006814104082864221,0.5760122230710466,1862.5117996538359,2114.0428295145475,0.39908513763913955,21735567.197,2.929321724663073,4590533.062000002,0.6186702239892186,3710.0,8308,1022,0,2000,2000,0,0.400001,166822,0.040745
74,off,250,920,0.9963401576826587,3326242.5118294633,3338460.7517635506,1.1102230246251565e-16,8353,0,948,21.157998949289322,1346,0.9962041605486351,0.00014791064639187504,0.1384673313320396,0.00014791064639187504,2573607.801956487,762,0.5661218424962853,1.0,1.0,1.0,0.35195405497655763,3425612.809167707,2573607.801956487,0.019931433415506652,0.5661218424962853,2510.7562400901825,2053.7716037827854,0.33635079132144896,nan,nan,nan,nan,nan,0,0,0,0,0,0,0.400001,166732,0.500411
74,off,500,1415,0.9887288023780967,3300832.3008774556,3338460.7517635506,1.1102230246251565e-16,8486,0,1516,13.483154395595193,1346,0.9895144249764063,0.001497627921940858,0.6431761313943216,0.001497627921940858,2530538.6577625223,762,0.5661218424962853,1.0,1.0,1.0,0.35352944527453745,3362152.8079319303,2530538.6577625223,0.017439115722134236,0.5661218424962853,2477.621319845566,2053.754063661967,0.3368291200101048,nan,nan,nan,nan,nan,0,0,0,0,0,0,0.400001,166732,0.316189
74,off,750,2740,0.9700694204388818,3238538.6866212212,3338460.7517635506,1.1102230246251565e-16,8971,0,2630,16.01548166759312,1346,0.9747814856964447,0.009535435608026036,0.9979079094003928,0.009535435608026036,2440964.9916083836,766,0.5690936106983655,1.0,1.0,1.0,0.35945170257991044,3219304.9564567483,2440964.9916083845,0.011672882855734368,0.5690936106983655,2394.7043261479,2053.836102608361,0.3395424857098468,nan,nan,nan,nan,nan,0,0,0,0,0,0,0.400001,166732,0.205106
74,off,1000,4409,0.945819315231063,3157580.662158781,3338460.7517635506,1.1102230246251565e-16,10337,1,4239,21.34236797876656,1346,0.9553375357738061,0.02284310031824535,0.9995168110309683,0.02284310031824535,2439720.2864138447,768,0.5705794947994056,1.0,1.0,1.0,0.3777014952009312,3234895.874951462,2439720.2864138447,0.005691166225972672,0.5705794947994056,2290.4443384359724,2052.3926946863435,0.34981827685165734,nan,nan,nan,nan,nan,0,0,0,0,0,0,0.400001,166732,0.144458
74,off,1250,5795,0.9253743237473756,3089325.8605203507,3338460.7517635506,1.1102230246251565e-16,12833,7,6420,26.245757868513465,1346,0.9368956898668498,0.03450593340987499,0.9997758041759127,0.03450593340987499,2431705.5867195716,773,0.5742942050520059,1.0,1.0,1.0,0.3914879610239195,3215526.1314506726,2431705.5867195725,0.0024763911075882817,0.5742942050520059,2204.766727177274,2047.823305756307,0.3583705374812163,nan,nan,nan,nan,nan,0,0,0,0,0,0,0.400001,166732,0.117893
74,off,1500,6961,0.9084409769647424,3032794.546890528,3338460.7517635506,1.1102230246251565e-16,16027,32,8789,29.918925669044256,1346,0.9223518972962629,0.04482563625856147,0.999030894314597,0.04482563625856147,2397896.884661559,775,0.575780089153046,1.0,1.0,1.0,0.40657013411975496,3157563.9930684906,2397896.884661559,0.0006860674816543176,0.575780089153046,2131.228032980813,2049.1598489283006,0.36706662499774145,nan,nan,nan,nan,nan,0,0,0,0,0,0,0.400001,166732,0.106604
74,off,1750,8395,0.8920821579675843,2978181.271723312,3338460.7517635506,1.1102230246251565e-16,19927,98,11657,34.03612033650279,1346,0.9080722626849023,0.05484537001620546,0.9991374979340832,0.05484537001620546,2356364.7873933148,781,0.5802377414561665,1.0,1.0,1.0,0.41974034962868223,3066071.0824733544,2356364.7873933148,2.1401909979502833e-05,0.5802377414561665,2062.396827512329,2048.007422136494,0.37570777043432435,nan,nan,nan,nan,nan,0,0,0,0,0,0,0.400001,166732,0.104901
74,off,2000,9553,0.8755183360513649,2922883.6023568125,3338460.7517635506,1.1102230246251565e-16,24429,208,15036,38.662108704447746,1346,0.8934186971766717,0.06287452191963239,0.9996639347035288,0.06287452191963239,2321682.046521934,789,0.5861812778603269,1.0,1.0,1.0,0.4293129115429186,2981861.8503304264,2321682.046521934,0.0002714831869457522,0.5861812778603269,1994.6351314799604,2045.6094938037077,0.38236446678244906,30215199.683,3.00738525758933,6168195.227,0.6139340327460934,5023.5,0,0,0,0,0,0,0.400001,166732,0.107597
74,on,250,812,0.9892619007559325,3091112.6028435607,3124665.5718587004,0.06404004593791102,8477,0,883,27.57725885696709,1346,0.9892217970673003,0.0005347019686443465,0.27157428602361666,0.0005347019686443465,2544809.0704569123,752,0.5586924219910847,1.0,1.0,1.0,0.35806453181430187,3439894.3049484086,2544809.0704569127,0.015804783063191122,0.5586924219910847,2474.757946069001,2070.866376093724,0.3368221554152977,nan,nan,nan,nan,nan,1967,775,0,250,250,0,0.400001,166732,0.467225
74,on,500,1193,0.9796819286764314,3061178.393907376,3124665.5718587004,0.06404004593791102,8604,0,1340,20.799836041405797,1346,0.981529459977757,0.0027946440976713885,0.7013857646065059,0.0027946440976713885,2490739.0527285645,752,0.5586924219910847,1.0,1.0,1.0,0.35960936813886857,3356518.2704843245,2490739.052728565,0.013125613385129447,0.5586924219910847,2434.975320275922,2070.8366213129343,0.33721870553239497,nan,nan,nan,nan,nan,2817,775,0,500,500,0,0.400001,166732,0.290779
74,on,750,2238,0.9534539124426107,2979224.6145634055,3124665.5718587004,0.06404004593791102,8955,0,2289,22.716147975996137,1346,0.9617041093035542,0.01377481123459065,0.997638168125848,0.01377481123459065,2422751.630867744,752,0.5586924219910847,1.0,1.0,1.0,0.37184497688926377,3264427.7720150375,2422751.6308677443,0.006631676516180289,0.5586924219910847,2326.046229700294,2070.77079095755,0.34326044270844136,nan,nan,nan,nan,nan,4293,855,0,750,750,0,0.400001,166732,0.176411
74,on,1000,3100,0.9247530557195404,2889544.0356779783,3124665.5718587004,0.06404004593791102,9959,1,3609,26.700455060228705,1346,0.9387288158918682,0.029122240879827416,0.9981622326381069,0.029122240879827416,2414164.924185029,752,0.5586924219910847,1.0,1.0,1.0,0.39458272760489854,3269766.1368653355,2414164.9241850297,0.001887345270098355,0.5586924219910847,2206.7557858513237,2070.8142840366713,0.3557072845185363,nan,nan,nan,nan,nan,4607,897,0,1000,1000,0,0.400001,166732,0.111247
74,on,1250,3846,0.9021163839094196,2818812.0066114296,3124665.5718587004,0.06404004593791102,11433,7,5314,29.350857304409146,1346,0.9191282330321207,0.04005363671644787,0.9985314193733191,0.04005363671644787,2400655.61062986,755,0.5609212481426449,1.0,1.0,1.0,0.41177662398454373,3240211.8288400453,2400655.61062986,0.00019080928170929368,0.5609212481426449,2113.1498282997964,2070.023496184574,0.3658797751746079,nan,nan,nan,nan,nan,5576,967,0,1250,1250,0,0.400001,166732,0.077641
74,on,1500,4523,0.8850764716757331,2765567.9795073355,3124665.5718587004,0.06404004593791102,13261,36,7000,30.906264390796423,1346,0.9033137170912872,0.05178182170572152,0.9987151421386165,0.05178182170572152,2426726.8436612743,756,0.5616641901931649,1.0,1.0,1.0,0.4313473193784283,3282772.2725906447,2426726.8436612743,7.781562969826429e-05,0.5616641901931649,2042.5170170693689,2070.2120586489705,0.3772300003285658,nan,nan,nan,nan,nan,6471,967,0,1500,1500,0,0.400001,166732,0.059264
74,on,1750,5033,0.8679298601859798,2711990.5529112667,3124665.5718587004,0.06404004593791102,15541,77,8962,33.06283166073263,1346,0.8892477453023174,0.06197810280139435,0.9993944368531666,0.06197810280139435,2405561.5526929363,757,0.562407132243685,1.0,1.0,1.0,0.44476620562649427,3237257.729146645,2405561.5526929363,0.0009690071838429335,0.562407132243685,1972.2643913644233,2069.5864323402357,0.3848613736587083,nan,nan,nan,nan,nan,7149,967,0,1750,1750,0,0.400001,166732,0.049148
74,on,2000,5556,0.8511630214456569,2659599.7891504727,3124665.5718587004,0.06404004593791102,18089,152,11329,35.01405636779964,1346,0.874840396593608,0.07157541026189261,1.0,0.07157541026189261,2384993.971435255,757,0.562407132243685,1.0,1.0,1.0,0.4582282922491936,3192653.0362023343,2384993.9714352544,0.0028604337827907327,0.562407132243685,1903.0718538802898,2069.5660369492252,0.3924557197269354,19586455.227,2.978815288696248,4171934.430000002,0.6344906170868031,3287.625,7754,967,0,2000,2000,0,0.400001,166732,0.042853
75,off,250,943,0.996123007964247,3325724.099257798,3338668.0888482854,0.0,8301,0,960,21.394234532490373,1318,0.9959843285054186,0.00016618824308572473,0.18441728389148127,0.00016618824308572473,2394635.4735040474,743,0.563732928679818,1.0,1.0,1.0,0.3307701701318102,2910892.086340514,2394635.4735040483,0.021857842127711774,0.563732928679818,2562.4519838675265,2101.1233308943433,0.32842943677302494,nan,nan,nan,nan,nan,0,0,0,0,0,0,0.400001,166780,0.485387
75,off,500,1487,0.9892408281471068,3302746.785120596,3338668.0888482854,0.0,8436,0,1446,13.784897267818451,1318,0.989745987441811,0.0017216130568423723,0.9403102789510074,0.0017216130568423723,2360993.2914849934,743,0.563732928679818,1.0,1.0,1.0,0.33297636958282184,2863117.1492466913,2360993.2914849943,0.01932777188417118,0.563732928679818,2531.8702792750373,2101.1202127628367,0.3293370436925893,nan,nan,nan,nan,nan,0,0,0,0,0,0,0.400001,166780,0.302283
75,off,750,2683,0.9743971290274963,3253188.6005494874,3338668.0888482854,0.0,8893,0,2373,16.598879611119628,1318,0.9770416553624445,0.006399698970777049,0.9948806214136946,0.006399698970777049,2275777.126025085,744,0.5644916540212443,1.0,1.0,1.0,0.3374632016250807,2731468.474475753,2275777.1260250853,0.01430629926944754,0.5644916540212443,2465.065547178187,2101.1492431337415,0.33139921317890164,nan,nan,nan,nan,nan,0,0,0,0,0,0,0.400001,166780,0.192958
75,off,1000,4424,0.9499265029503364,3171489.3021515347,3338668.0888482854,0.0,10077,1,3888,20.488266656175256,1318,0.9569996210721499,0.017982776304592427,0.9990351939331565,0.017982776304592427,2161239.185213809,748,0.56752655538695,1.0,1.0,1.0,0.34885937591085114,2545623.108170503,2161239.18521381,0.007297498998256625,0.56752655538695,2354.606494034186,2101.1136977973993,0.3376596359505597,nan,nan,nan,nan,nan,0,0,0,0,0,0,0.400001,166780,0.130265
75,off,1250,6423,0.9243814294062264,3086202.780282532,3338668.0888482854,0.0,12303,3,6153,28.279497457668185,1318,0.9376266266935951,0.02975078795480549,0.9998090766861805,0.02975078795480549,2065082.839969153,750,0.5690440060698028,1.0,1.0,1.0,0.3613691844644573,2421178.046441414,2065082.8399691535,0.002872097763029775,0.5690440060698028,2247.811667576695,2092.2942775764845,0.34389931011101926,nan,nan,nan,nan,nan,0,0,0,0,0,0,0.400001,166780,0.103274
75,off,1500,7678,0.9033968809454352,3016142.3379775984,3338668.0888482854,0.0,15696,22,8570,32.177869115024805,1318,0.9192972614911971,0.043643807680841036,0.9990563200573763,0.043643807680841036,2067533.890603543,758,0.575113808801214,1.0,1.0,1.0,0.3773370103483704,2408861.8962231064,2067533.8906035437,0.0005130242872073347,0.575113808801214,2156.0331636881556,2090.148842558958,0.35416458791299354,nan,nan,nan,nan,nan,0,0,0,0,0,0,0.400001,166780,0.092853
75,off,1750,8968,0.8836738714632184,2950293.7556032687,3338668.0888482854,0.0,19620,75,11459,37.85366482846439,1318,0.9050160998164959,0.05420905489221415,1.0,0.05420905489221415,2021103.2187987568,762,0.5781487101669196,1.0,1.0,1.0,0.38831918766139695,2320402.037418965,2021103.2187987575,1.7970235778583925e-05,0.5781487101669196,2073.3861142412916,2085.589256196715,0.3610255737611281,nan,nan,nan,nan,nan,0,0,0,0,0,0,0.400001,166780,0.089266
75,off,2000,9957,0.8668722725428988,2894198.79344637,3338668.0888482854,0.0,24132,150,15291,42.36589639261365,1318,0.8903036665979792,0.06350226770227127,1.0,0.06350226770227127,2021310.5683304265,767,0.5819423368740516,1.0,1.0,1.0,0.4010627921611145,2311435.414875287,2021310.5683304276,0.0009605964775682476,0.5819423368740516,1998.978522917994,2088.3150256520694,0.3684270047191647,31001277.511,2.913448536146418,6667040.011000001,0.6265573395672298,5320.375,0,0,0,0,0,0,0.400001,166780,0.088787
75,on,250,868,0.9882860978964015,3088244.9366310174,3124849.1132319327,0.06404319624659427,8392,0,903,28.779445676133037,1318,0.988681072365858,0.0005387361463161891,0.21771966927470598,0.0005387361463161891,2359230.712253132,744,0.5644916540212443,1.0,1.0,1.0,0.3325300794283814,2830732.992473463,2359230.712253133,0.016737973619139077,0.5644916540212443,2517.674176287106,2116.8908527411327,0.3288744039552416,nan,nan,nan,nan,nan,1900,806,0,250,250,0,0.400001,166780,0.446662
75,on,500,1283,0.9790000094159178,3059227.3112773844,3124849.1132319327,0.06404319624659427,8541,0,1408,21.50337740406394,1318,0.9804581734598421,0.0037438649158026394,0.9798818105882998,0.0037438649158026394,2325810.796109871,744,0.5644916540212443,1.0,1.0,1.0,0.33681816165794287,2784482.1811888083,2325810.796109872,0.013834754871553714,0.5644916540212443,2478.6719916720076,2116.8908527411327,0.33099955874255005,nan,nan,nan,nan,nan,2683,861,0,500,500,0,0.400001,166780,0.271316
75,on,750,2073,0.9582078355877215,2994254.905328181,3124849.1132319327,0.06404319624659427,8976,0,2398,23.124825729057193,1318,0.9621620586458096,0.01228672920515969,0.9962249518129132,0.01228672920515969,2296355.775981266,744,0.5644916540212443,1.0,1.0,1.0,0.3484981513060801,2756499.883220915,2296355.7759812665,0.008063983799934716,0.5644916540212443,2391.343489052111,2116.8908527411327,0.33710686985398075,nan,nan,nan,nan,nan,4013,974,0,750,750,0,0.400001,166780,0.167387
75,on,1000,3076,0.9289957312804696,2902971.4870880265,3124849.1132319327,0.06404319624659427,9863,0,3699,26.70460768789053,1318,0.9381867255746873,0.02563804231432485,0.9993800664078503,0.02563804231432485,2218434.988461319,744,0.5644916540212443,1.0,1.0,1.0,0.3627795383503398,2641236.9105270626,2218434.98846132,0.002552238126995078,0.5644916540212443,2268.650722600291,2116.8908527411327,0.34454979708366373,nan,nan,nan,nan,nan,4359,1053,0,1000,1000,0,0.400001,166780,0.106294
75,on,1250,3901,0.9007406900197792,2814678.7464602264,3124849.1132319327,0.06404319624659427,11298,4,5613,29.902826556935906,1318,0.9160773015681356,0.03812424822577164,0.9986445643556325,0.03812424822577164,2158415.213651301,745,0.5652503793626708,1.0,1.0,1.0,0.37753643239213863,2541466.255327427,2158415.213651301,0.00011242122026386569,0.5652503793626708,2149.229354862947,2117.806068215238,0.3527549934855341,nan,nan,nan,nan,nan,5798,1053,0,1250,1250,0,0.400001,166780,0.073814
75,on,1500,4503,0.8809581357792811,2752861.249384343,3124849.1132319327,0.06404319624659427,13186,21,7401,31.713876072317362,1318,0.9006914007202956,0.05236389484637449,0.9983205836641912,0.05236389484637449,2175613.559572322,745,0.5652503793626708,1.0,1.0,1.0,0.3977961831237431,2571166.1550499327,2175613.5595723223,0.00030019945643479455,0.5652503793626708,2066.252848720821,2117.806068215238,0.36416775402983825,nan,nan,nan,nan,nan,6758,1053,0,1500,1500,0,0.400001,166780,0.0558
75,on,1750,5025,0.8578166490604859,2680547.5951322475,3124849.1132319327,0.06404319624659427,15306,44,9702,33.49476885609329,1318,0.8849725380481412,0.0627034798956277,0.9990258784344812,0.0627034798956277,2108793.6677460936,746,0.5660091047040972,1.0,1.0,1.0,0.40767677247795775,2441590.867026408,2108793.6677460936,0.0025264908519791935,0.5660091047040972,1969.8841366578167,2117.1573936809727,0.3699054958228798,nan,nan,nan,nan,nan,7496,1053,0,1750,1750,0,0.400001,166780,0.045067
75,on,2000,5575,0.8430342320318404,2634354.7723888597,3124849.1132319327,0.06404319624659427,17660,77,12246,35.226956624537706,1318,0.8734475552570997,0.0706799842205235,0.9998826145017738,0.0706799842205235,2110566.4906307235,747,0.5667678300455236,1.0,1.0,1.0,0.4202332329418641,2432638.6969146365,2110566.490630724,0.004996511168590856,0.5667678300455236,1908.9694288718892,2116.2077215789113,0.3773336008298873,20157766.796,3.065353831508516,4429227.629000002,0.6735443474756694,3288.0,8035,1053,0,2000,2000,0,0.400001,166780,0.037976
76,off,250,925,0.9963372864909589,3250845.29690901,3262795.9838362522,-2.220446049250313e-16,8353,0,913,21.768784169107676,1313,0.9958885777927622,0.00021299399781483222,0.2513639501803496,0.00021299399781483222,2144292.8224910167,781,0.5948210205635949,1.0,1.0,1.0,0.3229762550972304,2576227.753012218,2144292.822491017,0.022504181557548453,0.5948210205635949,2494.299384581066,2046.8364665956858,0.32260236796500785,nan,nan,nan,nan,nan,0,0,0,0,0,0,0.4,166747,0.485928
76,off,500,1535,0.988036598172249,3223761.844399647,3262795.9838362522,-2.220446049250313e-16,8539,0,1431,13.931980764493346,1313,0.9883382880731026,0.0022695279204940316,0.9699430644812729,0.0022695279204940316,2122624.3828635258,781,0.5948210205635949,1.0,1.0,1.0,0.3262472836516863,2551792.6828591833,2122624.3828635258,0.019373003090113597,0.5948210205635949,2459.9015079908218,2046.8364665956858,0.32413950668461844,nan,nan,nan,nan,nan,0,0,0,0,0,0,0.4,166747,0.304016
76,off,750,2580,0.9730206763780983,3174767.955076093,3262795.9838362522,-2.220446049250313e-16,9178,0,2435,16.337158035486937,1313,0.9751264815922803,0.006922088240967869,0.9956915625845577,0.006922088240967869,2065526.419595396,782,0.5955826351865956,1.0,1.0,1.0,0.33023947675875887,2472325.7985691293,2065526.4195953966,0.014542745241353081,0.5955826351865956,2398.2710821852293,2045.126405318365,0.3259632909479637,nan,nan,nan,nan,nan,0,0,0,0,0,0,0.4,166747,0.196283
76,off,1000,4229,0.9497836610073335,3098950.31464802,3262795.9838362522,-2.220446049250313e-16,10613,0,3961,20.273096663877368,1313,0.9534445624814103,0.019549258223532383,0.9936240814485974,0.019549258223532383,2008498.0206726384,783,0.5963442498095963,1.0,1.0,1.0,0.34305113871813897,2397240.1444309913,2008498.0206726391,0.00793412006107447,0.5963442498095963,2302.03662622203,2044.741832599919,0.3331656175493731,nan,nan,nan,nan,nan,0,0,0,0,0,0,0.4,166747,0.138142
76,off,1250,6106,0.9204893116650932,3003368.829265062,3262795.9838362522,-2.220446049250313e-16,13020,18,5913,26.249908773228526,1313,0.9302913112124858,0.03343092362797655,0.9975197650611877,0.03343092362797655,1943022.567829223,786,0.5986290936785986,1.0,1.0,1.0,0.35608844435869624,2299689.7733480236,1943022.567829223,0.0025388219218889308,0.5986290936785986,2183.4022514186513,2040.1164398971107,0.34071537209261527,nan,nan,nan,nan,nan,0,0,0,0,0,0,0.4,166747,0.109899
76,off,1500,7500,0.897609669111386,2928717.2234292175,3262795.9838362522,-2.220446049250313e-16,16397,85,8304,31.38831180892885,1313,0.9114713133977517,0.0464082996751881,0.9975532061235393,0.0464082996751881,1948464.6458339118,789,0.6009139375476009,1.0,1.0,1.0,0.375101660170329,2316873.307600065,1948464.6458339125,0.00044212895777296393,0.6009139375476009,2093.3874818791255,2033.4523691818817,0.35215520563988223,nan,nan,nan,nan,nan,0,0,0,0,0,0,0.4,166747,0.097071
76,off,1750,8946,0.8757555446207727,2857411.673810987,3262795.9838362522,-2.220446049250313e-16,20633,135,11268,36.307794243097305,1313,0.8933205626685194,0.06050031227555279,0.9999266881539527,0.06050031227555279,1936526.9998186203,794,0.6047220106626047,1.0,1.0,1.0,0.39328906099518,2298464.2257445785,1936526.9998186207,6.740738391741563e-05,0.6047220106626047,2006.5690548563855,2029.937849406104,0.36299580333291126,nan,nan,nan,nan,nan,0,0,0,0,0,0,0.4,166747,0.094146
76,off,2000,10453,0.8521603879156077,2780425.4912753874,3262795.9838362522,-2.220446049250313e-16,25424,191,15030,40.26094165444374,1313,0.8742454894430989,0.07353605118338119,0.9997721176643053,0.07353605118338119,1885051.6633512166,803,0.6115765422696116,1.0,1.0,1.0,0.4042617573874716,2207925.2830507862,1885051.663351217,0.0010053490797309933,0.6115765422696116,1922.7374383641616,2012.0560443727063,0.3706892388278069,31928449.947,3.0210957039314947,7004889.607999998,0.662808308463831,5284.25,0,0,0,0,0,0,0.4,166747,0.092764
76,on,250,638,0.8975602932753101,3217455.0650481135,3584667.335613986,-0.09864893587348722,8558,0,912,30.194825123995543,1313,0.9899552144879415,0.0003418975311825323,0.15053661461239154,0.005449241637320144,2083289.3695906515,778,0.5925361766945926,1.0,1.0,1.0,0.33664351026149797,2524661.907979423,2083289.3695906517,0.013426563288872229,0.5925361766945926,2377.882794059502,2037.5096650105336,0.32966325059373025,nan,nan,nan,nan,nan,6488,14629,0,250,250,0,0.4,166747,0.606103
76,on,500,773,0.8955104038581152,3210106.893412674,3584667.3356139855,-0.09864893587348722,8739,0,1228,21.458215119317174,1313,0.9876287585076127,0.0014100223192970503,1.0,0.013500910024930552,2036012.6466351608,779,0.5932977913175933,1.0,1.0,1.0,0.3458992108895409,2469313.521499185,2036012.6466351612,0.008455313843404057,0.5932977913175933,2299.538205841482,2032.434157425093,0.3343895901229019,nan,nan,nan,nan,nan,7849,14629,0,500,500,0,0.4,166747,0.493532
76,on,750,969,0.8918866834472596,3197117.0612224825,3584667.3356139855,-0.09864893587348722,9048,0,1786,22.791704481467605,1313,0.9748921758335343,0.010356912863975814,1.0075585715338904,0.02848000794597375,1979827.3417004785,781,0.5948210205635949,1.0,1.0,1.0,0.36366848760121107,2390395.70295484,1979827.3417004785,0.002154316524815197,0.5948210205635949,2166.126593626805,2033.0959144969615,0.34450746726533654,nan,nan,nan,nan,nan,9447,14629,0,750,750,0,0.4,166747,0.45896
76,on,1000,1181,0.8884413560967541,3184766.708808628,3584667.3356139855,-0.09864893587348722,9445,0,2473,23.993621688336134,1313,0.9655395609394338,0.01444455739744707,1.0202556587402716,0.04466587790022767,1918559.4865528906,782,0.5955826351865956,1.0,1.0,1.0,0.3837510790045353,2292749.0067775897,1918559.4865528906,1.9868987492721342e-05,0.5955826351865956,2018.7058723769683,2031.2861316533476,0.3563790417499786,nan,nan,nan,nan,nan,9775,14629,0,1000,1000,0,0.4,166747,0.451228
76,on,1250,1188,0.8854651609790044,3174098.039385617,3584667.335613986,-0.09864893587348722,10013,3,3297,24.36706613563001,1313,0.9535200020110413,0.020269168703157692,1.0,0.061413114379300346,1830282.4140816317,782,0.5955826351865956,1.0,1.0,1.0,0.4031052768517902,2131968.9466464836,1830282.4140816324,0.004108032292546336,0.5955826351865956,1854.605042872478,2031.2861316533476,0.36820661152075185,nan,nan,nan,nan,nan,9775,14629,0,1250,1250,0,0.4,166747,0.451205
76,on,1500,1036,0.8874760836383017,3181306.5281568454,3584667.3356139855,-0.09864893587348722,10558,7,3863,24.798054795712233,1313,0.9457723666474849,0.02671719225957013,1.0111532774825165,0.0754711782265985,1844148.3020656765,786,0.5986290936785986,1.0,1.0,1.0,0.4266805749820737,2132240.5548399203,1844148.3020656768,0.008866728696312907,0.5986290936785986,1765.2489961351507,2026.1211819295102,0.38331982486974825,nan,nan,nan,nan,nan,9775,14629,0,1500,1500,0,0.4,166747,0.443906
76,on,1750,1003,0.8884723101324077,3184877.6687291404,3584667.3356139855,-0.09864893587348722,11044,14,4349,24.14695655182004,1313,0.9441618002321057,0.027282353113995475,1.0,0.0826518464817312,1835141.4089551282,787,0.5993907083015994,1.0,1.0,1.0,0.43823056079064604,2135887.7177084526,1835141.4089551284,0.01193638255080348,0.5993907083015994,1714.7592497016954,2016.7931005796702,0.3898472143574032,nan,nan,nan,nan,nan,9775,14629,0,1750,1750,0,0.4,166747,0.438412
76,on,2000,973,0.8877779662928543,3182388.677047809,3584667.335613986,-0.09864893587348722,11469,16,4931,22.926992680877447,1313,0.9398265840159135,0.029713725020480516,1.0,0.0894506466921305,1831026.6788445816,788,0.6001523229246002,1.0,1.0,1.0,0.4478743904335811,2111371.3473583045,1831026.6788445818,0.016864136198416764,0.6001523229246002,1658.1646421419043,2016.8811410888316,0.3962285393518772,5942290.144,3.062641486406391,784139.6770000004,0.40414362942919746,970.125,9775,14629,0,2000,2000,0,0.4,166747,0.431884
