seed,arm,tick,pop,global_sat,abs_food,abs_cap,cap_lost_frac,d_starv,d_old,d_pred,ms_per_tick,n_patches,patch_sat_mean,patch_sat_var,patch_sat_range,patch_sat_init_var,patch_abs_food_var,l1_visited_patch_n,l1_visited_patch_frac,l1_first_visit_median,l1_first_visit_p25,l1_first_visit_p75,l2_visited_gini,l2_visited_var,l2_total_var,l2_between_share,l2_visited_frac,l2_visited_mean,l2_unvisited_mean,l2_total_gini,l3_forage_sum,l3_intake_per_capita,l3_net_sum,l3_net_per_capita,l3_pop_mean,l0_peak_dead,l0_peak_rest,l0_peak_demoted,l0_any_dead,l0_any_rest,l0_any_demoted
42,off,250,51,0.9995253010880334,913938.2759138844,914372.3274628634,0.0,1909,0,44,9.520048599690199,442,0.9994291528887642,3.0970473938559144e-05,0.09927473230989148,3.0970473938559144e-05,1224893.05911216,67,0.1515837104072398,1.0,1.0,1.0,0.3195836607049436,1377564.3224202914,1224893.05911216,0.0016769031340903395,0.1515837104072398,1960.5122968909754,2086.890538725838,0.29137531602403355,nan,nan,nan,nan,nan,0,0,0,0,0,0
42,off,500,84,0.9980288565397969,912569.9684293943,914372.3274628634,0.0,1909,0,72,8.173300651833415,442,0.9980747929972814,0.00039749196439614295,0.3855866298654713,0.00039749196439614295,1224836.989378175,67,0.1515837104072398,1.0,1.0,1.0,0.3219210943669282,1372508.2621554607,1224836.989378175,0.002261956462750804,0.1515837104072398,1940.1120918985855,2086.8865553925043,0.2918693915562234,nan,nan,nan,nan,nan,0,0,0,0,0,0
42,off,750,144,0.9942217358862147,909088.8426564464,914372.3274628634,0.0,1935,0,118,8.796780452132225,442,0.9945981291750678,0.002891661554231042,0.984424711904086,0.002891661554231042,1234778.068179705,67,0.1515837104072398,1.0,1.0,1.0,0.33672547436361455,1422809.9075627904,1234778.068179705,0.004114538906039154,0.1515837104072398,1888.132696033689,2086.890538725838,0.2942187444033466,nan,nan,nan,nan,nan,0,0,0,0,0,0
42,off,1000,206,0.9908478597687463,906003.8636983455,914372.3274628634,0.0,1977,0,231,9.156661318615079,442,0.991233032613719,0.0057132368926161746,0.995386268031172,0.0057132368926161746,1244241.0490156747,68,0.15384615384615385,1.0,1.0,1.0,0.34856008721156706,1465688.2705336376,1244241.0490156747,0.005313774402301384,0.15384615384615385,1859.0893159996565,2084.4539845197028,0.2965597867517311,nan,nan,nan,nan,nan,0,0,0,0,0,0
42,off,1250,289,0.9862370474992838,901787.8645520227,914372.3274628634,0.0,2075,0,363,9.74009983241558,442,0.9868888737546665,0.007311680550102505,0.9891920181973515,0.007311680550102505,1241025.3930081346,69,0.15610859728506787,1.0,1.0,1.0,0.3553323157617603,1417974.9473321824,1241025.3930081346,0.007595467952363317,0.15610859728506787,1814.5097801913178,2082.0018491121227,0.29825374427864815,nan,nan,nan,nan,nan,0,0,0,0,0,0
42,off,1500,368,0.9823604873957188,898243.2452675763,914372.3274628634,0.0,2182,0,470,9.664313111454248,442,0.9837137746862856,0.009514345142137594,0.9968311571431315,0.009514345142137594,1243295.8889500336,69,0.15610859728506787,1.0,1.0,1.0,0.36385862559417226,1407099.724155198,1243295.8889500336,0.01077328453904428,0.15610859728506787,1763.1384862138332,2082.0018491121227,0.29991425349448964,nan,nan,nan,nan,nan,0,0,0,0,0,0
42,off,1750,412,0.978476102107642,894691.470850955,914372.3274628634,0.0,2344,1,623,10.118553439155221,442,0.9813570835056289,0.01113076050512082,0.9951177098465291,0.01113076050512082,1236856.1231780357,69,0.15610859728506787,1.0,1.0,1.0,0.3710081665724423,1335909.4491353512,1236856.123178036,0.014608027757623454,0.15610859728506787,1711.6634946685979,2082.0018491121227,0.3012258367602145,nan,nan,nan,nan,nan,0,0,0,0,0,0
42,off,2000,516,0.9731357247246392,889808.3775537286,914372.3274628634,0.0,2530,1,774,10.010181464254856,442,0.9755828388416212,0.01672264746957508,0.9984891561933004,0.01672264746957508,1250641.4146185115,69,0.15610859728506787,1.0,1.0,1.0,0.39614542558678,1375754.2468706972,1250641.4146185115,0.020496046458124105,0.15610859728506787,1640.8940265928532,2082.0018491121227,0.30504738874819015,nan,nan,nan,nan,nan,0,0,0,0,0,0
42,off,2250,600,0.9662851555135242,883544.4066397161,914372.3274628634,0.0,2729,1,1036,10.27674930728972,442,0.9699579841277136,0.02059777572549349,0.9941607489044333,0.02059777572549349,1252958.3222837648,69,0.15610859728506787,1.0,1.0,1.0,0.4098937249566874,1316054.2243855374,1252958.3222837641,0.029745441892944653,0.15610859728506787,1550.1118394332507,2082.0018491121227,0.30791382569868664,nan,nan,nan,nan,nan,0,0,0,0,0,0
42,off,2500,721,0.9606278600965746,878371.5322621749,914372.3274628634,0.0,2977,3,1247,10.288735276088119,442,0.9662246555640286,0.026381865903832683,0.9971165764299779,0.026381865903832683,1271318.7738742656,69,0.15610859728506787,1.0,1.0,1.0,0.4385774600911698,1361623.605736308,1271318.7738742656,0.038162323530082115,0.15610859728506787,1475.1426455558412,2082.0018491121227,0.31209436757045994,nan,nan,nan,nan,nan,0,0,0,0,0,0
42,off,2750,705,0.9600747393233053,877865.7739333526,914372.3274628634,0.0,3271,3,1555,10.591224540024996,442,0.9661761293624304,0.025799118064047374,0.997430741574546,0.025799118064047374,1271232.667805975,69,0.15610859728506787,1.0,1.0,1.0,0.4372263065376949,1353519.1346600165,1271232.6678059748,0.03909241098043324,0.15610859728506787,1467.8128147033449,2082.0018491121227,0.31223786098967277,nan,nan,nan,nan,nan,0,0,0,0,0,0
42,off,3000,700,0.9598861298496226,877693.3146499197,914372.3274628634,0.0,3574,3,1841,10.614337764680386,442,0.9660367261417354,0.02574559947620206,0.9966263758200016,0.02574559947620206,1265081.7528689941,69,0.15610859728506787,1.0,1.0,1.0,0.43360064935614484,1311521.4172279648,1265081.7528689937,0.03960284749069736,0.15610859728506787,1465.313404798521,2082.0018491121227,0.311697619439659,nan,nan,nan,nan,nan,0,0,0,0,0,0
42,off,3250,778,0.9564783649552806,874577.348732034,914372.3274628634,0.0,3844,3,2197,10.64886099472642,442,0.9628101512602865,0.028171680868874532,0.9987506387916846,0.028171680868874532,1281617.5024555405,69,0.15610859728506787,1.0,1.0,1.0,0.45262188054234653,1368722.0589480652,1281617.5024555405,0.04502675506177605,0.15610859728506787,1420.1544784523517,2082.0018491121227,0.3149052768969698,nan,nan,nan,nan,nan,0,0,0,0,0,0
42,off,3500,775,0.9561043222771916,874235.3344578993,914372.3274628634,0.0,4147,3,2671,11.448601111769676,442,0.9631248771592217,0.028383969335770715,0.9981792031671288,0.028383969335770715,1276742.6508102263,69,0.15610859728506787,1.0,1.0,1.0,0.44915795829432836,1331937.0781518223,1276742.6508102263,0.04587821785128328,0.15610859728506787,1415.1977498417034,2082.0018491121227,0.3145004592418976,nan,nan,nan,nan,nan,0,0,0,0,0,0
42,off,3750,721,0.9562118322226218,874333.6385769278,914372.3274628634,0.0,4472,6,3093,11.021946303546429,442,0.9632679880872396,0.028055665195407024,1.0,0.028055665195407024,1278277.5657703606,69,0.15610859728506787,1.0,1.0,1.0,0.4489802357084096,1343371.1026803334,1278277.5657703604,0.04562752602828629,0.15610859728506787,1416.6224472189285,2082.0018491121227,0.31457631133970865,nan,nan,nan,nan,nan,0,0,0,0,0,0
42,off,4000,725,0.9552234790666646,873429.9158013599,914372.3274628634,0.0,4736,6,3441,11.010237516835332,442,0.9616610036448983,0.028726671638223844,0.9954321463058929,0.028726671638223844,1278015.7560584373,69,0.15610859728506787,1.0,1.0,1.0,0.45244158348936114,1326840.6153306551,1278015.7560584373,0.04745120245721151,0.15610859728506787,1403.5250156889567,2082.0018491121227,0.3150059746236784,nan,nan,nan,nan,nan,0,0,0,0,0,0
42,off,4250,786,0.9554474951736041,873634.7499304513,914372.3274628634,0.0,4971,7,3820,10.97169828787446,442,0.9622209872225134,0.02898086577543154,0.9969702901264954,0.02898086577543154,1279544.009293766,69,0.15610859728506787,1.0,1.0,1.0,0.45266581165047226,1340022.2784411681,1279544.009293766,0.04698069487635445,0.15610859728506787,1406.4936262554995,2082.0018491121227,0.3150092496346035,nan,nan,nan,nan,nan,0,0,0,0,0,0
42,off,4500,773,0.9541239815748619,872424.5657207407,914372.3274628634,0.0,5266,7,4378,11.241881635040045,442,0.9612317323371241,0.02898764417716472,0.9982226257875325,0.02898764417716472,1279799.444857018,69,0.15610859728506787,1.0,1.0,1.0,0.4553415550974722,1321402.657309914,1279799.444857018,0.0494421101961006,0.15610859728506787,1388.9547246654922,2082.0018491121227,0.3156480421537171,nan,nan,nan,nan,nan,0,0,0,0,0,0
42,off,4750,727,0.9561884548656773,874312.2629686485,914372.3274628634,0.0,5547,7,4796,11.13249397650361,442,0.962145922865206,0.02832853644204857,0.9924515979191542,0.02832853644204857,1276876.2071234046,69,0.15610859728506787,1.0,1.0,1.0,0.4480275596250596,1334046.3018332724,1276876.2071234046,0.04572014539163637,0.15610859728506787,1416.312655794589,2082.0018491121227,0.31440935706105977,nan,nan,nan,nan,nan,0,0,0,0,0,0
42,off,5000,739,0.9547154600953963,872965.397312206,914372.3274628634,0.0,5817,8,5100,11.340002540498972,442,0.9612615152100598,0.029253443862963267,0.9989900967088318,0.029253443862963267,1280120.448274826,69,0.15610859728506787,1.0,1.0,1.0,0.45574668683762587,1332575.4676527125,1280120.448274826,0.048317966432258413,0.15610859728506787,1396.7928636722354,2082.0018491121227,0.31541041517916213,nan,nan,nan,nan,nan,0,0,0,0,0,0
42,off,5250,756,0.955663001256927,873831.8027294418,914372.3274628634,0.0,6039,8,5561,11.391898484900594,442,0.961826502514186,0.029897753559604164,0.99690150175045,0.029897753559604164,1283314.101205795,69,0.15610859728506787,1.0,1.0,1.0,0.45797364563428533,1367421.8120711795,1283314.101205795,0.04644744086913259,0.15610859728506787,1409.3494639220285,2082.0018491121227,0.3154676499894953,nan,nan,nan,nan,nan,0,0,0,0,0,0
42,off,5500,815,0.953247508614717,871623.1431002147,914372.3274628634,0.0,6250,9,6090,11.646839233115315,442,0.9590110354774725,0.032510024166528345,0.9980831806617583,0.032510024166528345,1297888.2429585052,69,0.15610859728506787,1.0,1.0,1.0,0.4762391011022644,1423575.976517099,1297888.2429585052,0.05040083389037548,0.15610859728506787,1377.339904078158,2082.0018491121227,0.3181016286060747,nan,nan,nan,nan,nan,0,0,0,0,0,0
42,off,5750,763,0.9540492135726599,872356.1999285475,914372.3274628634,0.0,6482,9,6588,11.469431919977069,442,0.9607756484391854,0.029314609447871596,0.999209201578255,0.029314609447871596,1275303.349182268,69,0.15610859728506787,1.0,1.0,1.0,0.4519621219443646,1291441.7905198976,1275303.349182268,0.04975838763028576,0.15610859728506787,1387.9639160829834,2082.0018491121227,0.3153038587773829,nan,nan,nan,nan,nan,0,0,0,0,0,0
42,off,6000,763,0.9547870551741208,873030.8618709742,914372.3274628634,0.0,6723,11,6924,11.295094715431333,442,0.9615180504495877,0.02839536607784542,0.9911583235010364,0.02839536607784542,1277412.381977488,69,0.15610859728506787,1.0,1.0,1.0,0.4507685818132572,1316324.6124839587,1277412.3819774876,0.04828640275213537,0.15610859728506787,1397.7416253935128,2082.0018491121227,0.31507385356663,nan,nan,nan,nan,nan,0,0,0,0,0,0
42,off,6250,808,0.9528686283783171,871276.7054966281,914372.3274628634,0.0,6908,14,7363,11.104656232520938,442,0.9597758131508475,0.030264751857341027,0.9989900967088318,0.030264751857341027,1282635.8480021302,69,0.15610859728506787,1.0,1.0,1.0,0.45911666195539946,1319879.5948595898,1282635.8480021295,0.05172953147433651,0.15610859728506787,1372.31906924357,2082.0018491121227,0.3164378042729665,nan,nan,nan,nan,nan,0,0,0,0,0,0
42,off,6500,803,0.9510427835904206,869607.2035483333,914372.3274628634,0.0,7132,22,7955,11.255167355760932,442,0.9571592586074827,0.031694232327854996,0.9955580943573549,0.031694232327854996,1292757.7864132063,69,0.15610859728506787,1.0,1.0,1.0,0.4709327435383299,1355243.284896858,1292757.7864132063,0.054883841798957514,0.15610859728506787,1348.1233888335,2082.0018491121227,0.3183118922592405,nan,nan,nan,nan,nan,0,0,0,0,0,0
42,off,6750,765,0.952395710649338,870844.282612083,914372.3274628634,0.0,7313,22,8462,11.484878275543451,442,0.9588486496043861,0.03202899975287131,0.9946215526398018,0.03202899975287131,1285695.4833988217,69,0.15610859728506787,1.0,1.0,1.0,0.46510607329679043,1331939.3039643888,1285695.4833988212,0.05252189454341197,0.15610859728506787,1366.0520709168306,2082.0018491121227,0.31704581500225015,nan,nan,nan,nan,nan,0,0,0,0,0,0
42,off,7000,725,0.9552645331314115,873467.4545020943,914372.3274628634,0.0,7523,22,8986,10.917068436741829,442,0.961278739140128,0.02782245418883503,0.9937258429126693,0.02782245418883503,1270189.5166723242,69,0.15610859728506787,1.0,1.0,1.0,0.4412235351285996,1277330.0549174869,1270189.5166723242,0.04766703577718066,0.15610859728506787,1404.0690548300367,2082.0018491121227,0.3139866064158645,nan,nan,nan,nan,nan,0,0,0,0,0,0
42,off,7250,751,0.9556076531548456,873781.1939565209,914372.3274628634,0.0,7698,25,9378,11.094319788739085,442,0.9624414620878651,0.028575127104769792,0.9976995924255524,0.028575127104769792,1271823.2884332375,69,0.15610859728506787,1.0,1.0,1.0,0.4475298449139635,1292980.8517623176,1271823.2884332372,0.046969352973306844,0.15610859728506787,1408.616003444915,2082.0018491121227,0.3141871435396715,nan,nan,nan,nan,nan,0,0,0,0,0,0
42,off,7500,811,0.9516002425080202,870116.9285562837,914372.3274628634,0.0,7900,26,9879,10.795996151864529,442,0.9576593801888601,0.032841409276908984,0.99523334913115,0.032841409276908984,1290218.261124645,69,0.15610859728506787,1.0,1.0,1.0,0.4709284878870832,1348079.6839314536,1290218.261124645,0.05389033029413459,0.15610859728506787,1355.5107077893044,2082.0018491121227,0.31790150467263634,nan,nan,nan,nan,nan,0,0,0,0,0,0
42,off,7750,757,0.9519345686136607,870422.6270956297,914372.3274628634,0.0,8106,27,10443,11.046404952183366,442,0.9581572625848302,0.0323752913436879,0.9964122186652938,0.0323752913436879,1285696.091105336,70,0.1583710407239819,1.0,1.0,6.25,0.4649380690687457,1340775.5964463234,1285696.091105336,0.050389936501685294,0.1583710407239819,1382.51788512594,2079.694556819392,0.3173786762152029,nan,nan,nan,nan,nan,0,0,0,0,0,0
42,off,8000,788,0.9515251752251835,870048.28911016,914372.3274628634,0.0,8313,27,10924,10.961678769439459,442,0.9573025829417344,0.032869852968673986,0.9969702901264954,0.032869852968673986,1291646.6522284285,70,0.1583710407239819,1.0,1.0,6.25,0.46692243968517166,1372049.4113545695,1291646.6522284285,0.05093021283060105,0.1583710407239819,1377.1701996192305,2079.694556819392,0.3179175947025472,nan,nan,nan,nan,nan,0,0,0,0,0,0
42,off,8250,786,0.9526873201346192,871110.9222558498,914372.3274628634,0.0,8489,28,11363,10.94748093187809,442,0.9593825172452782,0.030184449041727776,0.99698593784166,0.030184449041727776,1277371.9264990706,70,0.1583710407239819,1.0,1.0,6.25,0.4521845307875443,1299672.1245177544,1277371.9264990706,0.049297763717323854,0.1583710407239819,1392.3506731290852,2079.694556819392,0.31582537639749586,nan,nan,nan,nan,nan,0,0,0,0,0,0
42,off,8500,808,0.9516233922121498,870138.0960051287,914372.3274628634,0.0,8694,28,11893,10.757804576307535,442,0.9585618048891644,0.03112733812567694,0.9982059148478039,0.03112733812567694,1284358.9016398015,70,0.1583710407239819,1.0,1.0,6.25,0.45936508376537,1327548.2197576978,1284358.901639801,0.05103229965881898,0.1583710407239819,1378.45315526164,2079.694556819392,0.3170574069477874,nan,nan,nan,nan,nan,0,0,0,0,0,0
42,off,8750,770,0.9496699281041551,868351.9024820864,914372.3274628634,0.0,8882,31,12520,11.092955335974693,442,0.9563490869947041,0.032998957705296345,0.9979801934176635,0.032998957705296345,1280425.968711414,70,0.1583710407239819,1.0,1.0,6.25,0.4629846327087521,1272046.9919045244,1280425.9687114137,0.054982204630683665,0.1583710407239819,1352.936104932465,2079.694556819392,0.31763759544839254,nan,nan,nan,nan,nan,0,0,0,0,0,0
42,off,9000,786,0.9511159209884286,869674.0783611743,914372.3274628634,0.0,9058,35,13072,11.35487361624837,442,0.9585149171003928,0.031395325017473025,0.9974752417720795,0.031395325017473025,1286725.9691088179,70,0.1583710407239819,1.0,1.0,6.25,0.45997729864923986,1334633.11247252,1286725.9691088179,0.05190601229612539,0.1583710407239819,1371.824331776578,2079.694556819392,0.3174817197270108,nan,nan,nan,nan,nan,0,0,0,0,0,0
42,off,9250,858,0.9505179279561977,869127.2900804868,914372.3274628634,0.0,9267,38,13503,11.053353440016508,442,0.9579533918413174,0.03187014176039773,0.9989839522552176,0.03187014176039773,1280087.706702914,70,0.1583710407239819,1.0,1.0,6.25,0.45935393776631583,1283358.5366892116,1280087.706702914,0.053333032682369524,0.1583710407239819,1364.0130706239004,2079.694556819392,0.3172502412575149,nan,nan,nan,nan,nan,0,0,0,0,0,0
42,off,9500,821,0.9502417426326358,868874.7538633705,914372.3274628634,0.0,9519,44,14068,11.379560451954603,442,0.9574379539215734,0.0316909513589959,0.9980057536378465,0.0316909513589959,1288614.3197647163,70,0.1583710407239819,1.0,1.0,6.25,0.46416348030444676,1332840.9901364334,1288614.319764716,0.05351561274149649,0.1583710407239819,1360.405410379381,2079.694556819392,0.3181159914997671,nan,nan,nan,nan,nan,0,0,0,0,0,0
42,off,9750,809,0.9504939623193233,869105.3765653188,914372.3274628634,0.0,9758,55,14543,11.232160540297627,442,0.9570984299763959,0.03293009313998864,0.9962844182859614,0.03293009313998864,1292217.6690257255,70,0.1583710407239819,1.0,1.0,6.25,0.46786478514843344,1359573.3777705766,1292217.669025725,0.052878628545256344,0.1583710407239819,1363.700020407214,2079.694556819392,0.3184375833649957,nan,nan,nan,nan,nan,0,0,0,0,0,0
42,off,10000,903,0.9462557418426119,865230.0650437274,914372.3274628634,0.0,9984,58,15066,11.175046548247337,442,0.9535840714038353,0.03613640856540905,0.9930106349747672,0.03613640856540905,1302448.321367608,70,0.1583710407239819,1.0,1.0,6.25,0.4878955908544933,1354871.1416984426,1302448.3213676075,0.0608899771156454,0.1583710407239819,1308.3384272416238,2079.694556819392,0.3215468967106463,nan,nan,nan,nan,nan,0,0,0,0,0,0
42,off,10250,873,0.9497000474114087,868379.4427431615,914372.3274628634,0.0,10246,61,15557,11.379134269431233,442,0.9572970621478919,0.033668020351692626,0.9939037135313055,0.033668020351692626,1296883.6079036866,70,0.1583710407239819,1.0,1.0,6.25,0.4749551018153728,1376446.392029828,1296883.6079036866,0.05422571442881885,0.1583710407239819,1353.3295372335374,2079.694556819392,0.3193795306547009,nan,nan,nan,nan,nan,0,0,0,0,0,0
42,off,10500,862,0.9486469595961379,867416.5283864895,914372.3274628634,0.0,10519,65,16031,11.0563725810498,442,0.955264195880049,0.03454100388602379,0.9984759283828264,0.03454100388602379,1290124.2712511825,70,0.1583710407239819,1.0,1.0,6.25,0.47314349222395635,1316787.943795007,1290124.2712511825,0.056593985307488506,0.1583710407239819,1339.5736178525103,2079.694556819392,0.31913587967357304,nan,nan,nan,nan,nan,0,0,0,0,0,0
42,off,10750,860,0.9477196600961738,866568.6313844522,914372.3274628634,0.0,10731,66,16740,11.457725200802088,442,0.954124083117571,0.03453545446276475,0.991410339968496,0.03453545446276475,1296311.3330856788,70,0.1583710407239819,1.0,1.0,6.25,0.47749093026464995,1340641.0170454222,1296311.3330856788,0.05818255069316847,0.1583710407239819,1327.46080353769,2079.694556819392,0.32011631941460417,nan,nan,nan,nan,nan,0,0,0,0,0,0
42,off,11000,873,0.9497416165888591,868417.4524486975,914372.3274628634,0.0,10939,69,17309,11.258923627436161,442,0.9571913713332152,0.03153507797433315,0.9984851450632477,0.03153507797433315,1281350.5279846678,70,0.1583710407239819,1.0,1.0,6.25,0.4587812610705899,1279029.738306761,1281350.527984667,0.05480103652432609,0.1583710407239819,1353.8725330269097,2079.694556819392,0.3175560233749608,nan,nan,nan,nan,nan,0,0,0,0,0,0
42,off,11250,847,0.9521080028755571,870581.2105853418,914372.3274628634,0.0,11194,74,17802,11.24737000092864,442,0.9603800564739006,0.028842920523640875,0.9947687478281411,0.028842920523640875,1271441.55593353,70,0.1583710407239819,1.0,1.0,6.25,0.44692865054575326,1253422.6717887574,1271441.55593353,0.05062425599303305,0.1583710407239819,1384.7833635504007,2079.694556819392,0.31543919449531854,nan,nan,nan,nan,nan,0,0,0,0,0,0
42,off,11500,816,0.9512086960048224,869758.9092688448,914372.3274628634,0.0,11409,74,18286,11.810660813003778,442,0.9588650890730586,0.030026028116295244,0.9979679045104352,0.030026028116295244,1275450.7028222242,70,0.1583710407239819,1.0,1.0,6.25,0.4523318520983115,1264880.6009572581,1275450.702822224,0.052185729626567756,0.1583710407239819,1373.0362018861551,2079.694556819392,0.31628255832601093,nan,nan,nan,nan,nan,0,0,0,0,0,0
42,off,11750,853,0.9511051999931684,869664.2753797856,914372.3274628634,0.0,11585,81,18761,10.96895307675004,442,0.9586516052185184,0.02991444538979901,0.9979679045104352,0.02991444538979901,1274010.6041841116,70,0.1583710407239819,1.0,1.0,6.25,0.4509976695103617,1254177.7841792332,1274010.6041841116,0.05244480925336323,0.1583710407239819,1371.6842891853098,2079.694556819392,0.3161146325208526,nan,nan,nan,nan,nan,0,0,0,0,0,0
42,off,12000,895,0.9481223346223713,866936.8258281815,914372.3274628634,0.0,11758,83,19537,11.702197695150971,442,0.9551285968728669,0.0342056163935385,0.9961403757538023,0.0342056163935385,1288099.9940664228,70,0.1583710407239819,1.0,1.0,6.25,0.47222823162802796,1295429.12072383,1288099.9940664226,0.057737455359269656,0.1583710407239819,1332.7207241623944,2079.694556819392,0.31913515150754757,nan,nan,nan,nan,nan,0,0,0,0,0,0
42,off,12250,838,0.9480565492053179,866876.6734632772,914372.3274628634,0.0,11994,83,20072,11.264846621081233,442,0.9574625094159738,0.0324474627099013,0.9928697399885763,0.0324474627099013,1275593.1040528473,70,0.1583710407239819,1.0,1.0,6.25,0.46189081724669134,1215375.9572528873,1275593.1040528473,0.0584377796237775,0.1583710407239819,1331.8614046637613,2079.694556819392,0.31759586771257564,nan,nan,nan,nan,nan,0,0,0,0,0,0
42,off,12500,836,0.9499414601496333,868600.1838704911,914372.3274628634,0.0,12214,87,20607,11.503636563196778,442,0.9582140334504586,0.031346396231416905,0.9924257253162384,0.031346396231416905,1276992.8459310383,70,0.1583710407239819,1.0,1.0,6.25,0.4590686553375909,1254697.6581519344,1276992.845931038,0.054593220400693476,0.1583710407239819,1356.4829819096758,2079.694556819392,0.31707811477241643,nan,nan,nan,nan,nan,0,0,0,0,0,0
42,off,12750,851,0.9509147215483945,869490.1071609062,914372.3274628634,0.0,12396,87,21118,11.438415927812457,442,0.9587482757479666,0.030754154655289787,0.9948927419729308,0.030754154655289787,1279500.3410643921,70,0.1583710407239819,1.0,1.0,6.25,0.4572940602713511,1285871.0925564861,1279500.3410643921,0.05258746372495104,0.1583710407239819,1369.1961717727488,2079.694556819392,0.31691930028038273,nan,nan,nan,nan,nan,0,0,0,0,0,0
42,off,13000,888,0.9504397996453118,869055.8517150213,914372.3274628634,0.0,12609,90,21617,11.626440024003386,442,0.9575349104177988,0.03170814961950341,1.0,0.03170814961950341,1284706.468512404,70,0.1583710407239819,1.0,1.0,6.25,0.464067222221795,1311292.411512357,1284706.468512404,0.05329295536237095,0.1583710407239819,1362.9925225458205,2079.694556819392,0.31769915534213733,nan,nan,nan,nan,nan,0,0,0,0,0,0
42,off,13250,875,0.9496944410192394,868374.316413305,914372.3274628634,0.0,12865,92,22276,11.434741616249084,442,0.9567764929819395,0.03182648312661453,0.9964438328932615,0.03182648312661453,1277140.7712829097,70,0.1583710407239819,1.0,1.0,6.25,0.4591906012626834,1251694.9368995167,1277140.7712829097,0.05507507309392886,0.1583710407239819,1353.2563039498734,2079.694556819392,0.3172131265531837,nan,nan,nan,nan,nan,0,0,0,0,0,0
42,off,13500,877,0.9495638205969309,868254.8807137446,914372.3274628634,0.0,13110,93,22792,11.593656975775957,442,0.9576217055915697,0.031675072183994284,0.9966684161347206,0.031675072183994284,1278616.9347490673,70,0.1583710407239819,1.0,1.0,6.25,0.46007924782914644,1258927.0626912797,1278616.934749067,0.05527020922914773,0.1583710407239819,1351.5500796704391,2079.694556819392,0.3174096561519635,nan,nan,nan,nan,nan,0,0,0,0,0,0
42,off,13750,894,0.9469806432563354,865892.8948365749,914372.3274628634,0.0,13355,95,23427,11.4442517478019,442,0.9546377085824023,0.03522553948278798,0.9970770720966802,0.03522553948278798,1297183.985079284,70,0.1583710407239819,1.0,1.0,6.25,0.48373870482672077,1333849.6197238492,1297183.9850792836,0.05964528809847296,0.1583710407239819,1317.8074242823006,2079.694556819392,0.32062557725292984,nan,nan,nan,nan,nan,0,0,0,0,0,0
42,off,14000,877,0.9481919908459399,867000.5175514481,914372.3274628634,0.0,13587,96,24052,12.029475459828973,442,0.9558176292803702,0.03502590241096135,0.9984759283828264,0.03502590241096135,1295286.7033307396,70,0.1583710407239819,1.0,1.0,6.25,0.48124874823902,1341951.3990776492,1295286.7033307396,0.057277314234355545,0.1583710407239819,1333.6306059233445,2079.694556819392,0.32000553778390595,nan,nan,nan,nan,nan,0,0,0,0,0,0
42,off,14250,858,0.9485702376470558,867346.3759593399,914372.3274628634,0.0,13840,98,24591,11.434621712192893,442,0.9560931383754191,0.03215143026539167,0.9974598806380439,0.03215143026539167,1271897.447929656,70,0.1583710407239819,1.0,1.0,6.25,0.45693348255456034,1200449.2011503999,1271897.447929656,0.0575605671658616,0.1583710407239819,1338.5714403218,2079.694556819392,0.31692889626889453,nan,nan,nan,nan,nan,0,0,0,0,0,0
42,off,14500,866,0.9496999602675416,868379.3630612209,914372.3274628634,0.0,14072,100,25212,11.931337367743254,442,0.957227795847237,0.031744172313419444,0.9964438328932615,0.031744172313419444,1287058.7425716121,70,0.1583710407239819,1.0,1.0,6.25,0.4642416821962576,1314407.9934477047,1287058.7425716121,0.05463982199080864,0.1583710407239819,1353.3283989201007,2079.694556819392,0.3182139569052025,nan,nan,nan,nan,nan,0,0,0,0,0,0
42,off,14750,871,0.9484165770104772,867205.872925432,914372.3274628634,0.0,14280,105,25828,11.176025807857513,442,0.9562596041894716,0.03373546917847512,0.9940782191926008,0.03373546917847512,1289071.7370097756,70,0.1583710407239819,1.0,1.0,6.25,0.47377685063180297,1306385.2110887405,1289071.7370097756,0.057101733986060964,0.1583710407239819,1336.5642541231184,2079.694556819392,0.31916916763818337,nan,nan,nan,nan,nan,0,0,0,0,0,0
42,off,15000,893,0.9479894480413782,866815.3180158302,914372.3274628634,0.0,14480,107,26427,11.948444787412882,442,0.9547539898249413,0.0342447177360649,0.9994950483544159,0.0342447177360649,1291419.144146686,70,0.1583710407239819,1.0,1.0,6.25,0.4765557107176397,1314202.1067321587,1291419.1441466857,0.05785702418379687,0.1583710407239819,1330.9848982716621,2079.694556819392,0.31961980547015867,nan,nan,nan,nan,nan,0,0,0,0,0,0
42,off,15250,866,0.9479628768368759,866791.0220417259,914372.3274628634,0.0,14732,108,27023,11.462913790717721,442,0.954716652636859,0.03504211381153308,0.9980178136560203,0.03504211381153308,1285875.2398028548,70,0.1583710407239819,1.0,1.0,6.25,0.47302874259148675,1278758.787588816,1285875.2398028546,0.05816035439129498,0.1583710407239819,1330.6378129273146,2079.694556819392,0.3189608948195106,nan,nan,nan,nan,nan,0,0,0,0,0,0
42,off,15500,846,0.9502227518126831,868857.3891831299,914372.3274628634,0.0,14915,111,27522,11.25777662359178,442,0.9578760756516295,0.031029824191347383,0.9963304193776878,0.031029824191347383,1265023.2126344403,70,0.1583710407239819,1.0,1.0,6.25,0.4481540571104332,1183579.6008671275,1265023.2126344403,0.05455121981056356,0.1583710407239819,1360.1573435188002,2079.694556819392,0.3153491707936136,nan,nan,nan,nan,nan,0,0,0,0,0,0
42,off,15750,954,0.9465978862811318,865542.9124503054,914372.3274628634,0.0,15119,114,28142,11.617241287603974,442,0.9541005376478947,0.03417448055603967,0.9963198947579381,0.03417448055603967,1285084.7623007474,70,0.1583710407239819,1.0,1.0,6.25,0.4732622813186538,1251018.6915254213,1285084.762300747,0.060999641681857696,0.1583710407239819,1312.807675907022,2079.694556819392,0.3193938541922028,nan,nan,nan,nan,nan,0,0,0,0,0,0
42,off,16000,861,0.9502041823149558,868840.4097482732,914372.3274628634,0.0,15352,120,28706,11.8128198441118,442,0.958350287484302,0.029734551738369017,0.9944541727716926,0.029734551738369017,1255984.0185476283,70,0.1583710407239819,1.0,1.0,6.25,0.43623952951962885,1126209.7125959706,1255984.0185476283,0.0549808700931157,0.1583710407239819,1359.9147801637046,2079.694556819392,0.3141027830839134,nan,nan,nan,nan,nan,0,0,0,0,0,0
42,off,16250,867,0.9492941982580568,868008.3455082123,914372.3274628634,0.0,15576,128,29177,11.53266217187047,442,0.957315416985058,0.03195516917263997,0.9951438751188957,0.03195516917263997,1268810.0596508796,70,0.1583710407239819,1.0,1.0,6.25,0.4532036584192942,1192676.5389795515,1268810.0596508796,0.05623750714720335,0.1583710407239819,1348.0281481628367,2079.694556819392,0.3161107044579792,nan,nan,nan,nan,nan,0,0,0,0,0,0
42,off,16500,837,0.9494814289785355,868179.544097869,914372.3274628634,0.0,15810,139,29728,11.44280917569995,442,0.9573878200001308,0.031392035283226136,0.9924119329613412,0.031392035283226136,1277888.680173815,70,0.1583710407239819,1.0,1.0,6.25,0.4618016629679662,1253008.5847155883,1277888.6801738148,0.055465305819229545,0.1583710407239819,1350.4738423007875,2079.694556819392,0.31740824216255525,nan,nan,nan,nan,nan,0,0,0,0,0,0
42,off,16750,941,0.9462200256508101,865197.4071463016,914372.3274628634,0.0,16008,149,30280,11.789815183728933,442,0.9550423542488458,0.0332680116321312,0.9944221295902445,0.0332680116321312,1270066.3663312607,70,0.1583710407239819,1.0,1.0,6.25,0.4567699886143337,1149796.2891317739,1270066.3663312607,0.06251800171883946,0.1583710407239819,1307.8718858498253,2079.694556819392,0.3173719418132801,nan,nan,nan,nan,nan,0,0,0,0,0,0
42,off,17000,907,0.9459265840008853,864929.0922218852,914372.3274628634,0.0,16243,154,30987,11.561613427475095,442,0.954381087373473,0.033643989934926254,0.9989900967088318,0.033643989934926254,1272023.9875140185,70,0.1583710407239819,1.0,1.0,6.25,0.45937878563134626,1157165.0676368512,1272023.9875140188,0.06304333261207341,0.1583710407239819,1304.0388155010194,2079.694556819392,0.31776213260379893,nan,nan,nan,nan,nan,0,0,0,0,0,0
42,off,17250,856,0.9469672187311102,865880.6198221997,914372.3274628634,0.0,16502,158,31512,11.498108372092247,442,0.9558887415248419,0.033257602560672485,0.9978514441556466,0.033257602560672485,1267106.1504166147,70,0.1583710407239819,1.0,1.0,6.25,0.45285900690680947,1143704.6646382634,1267106.1504166147,0.06108922464308008,0.1583710407239819,1317.6320669340828,2079.694556819392,0.31666509785923314,nan,nan,nan,nan,nan,0,0,0,0,0,0
42,off,17500,893,0.9471088419624061,866010.1161858225,914372.3274628634,0.0,16693,163,32022,11.231073660776019,442,0.9550981348499384,0.03363813324861965,0.9984851450632477,0.03363813324861965,1277088.1502000373,70,0.1583710407239819,1.0,1.0,6.25,0.4650052405152656,1209103.9996038724,1277088.1502000373,0.060317818546531864,0.1583710407239819,1319.482014985836,2079.694556819392,0.31808488234074006,nan,nan,nan,nan,nan,0,0,0,0,0,0
42,off,17750,962,0.943895908083387,863072.2983568795,914372.3274628634,0.0,16881,168,32642,12.066290045157075,442,0.9525694145644213,0.03556052773303453,0.9974871170181844,0.03556052773303453,1285375.7348305678,70,0.1583710407239819,1.0,1.0,6.25,0.47735813851365383,1206247.0187797204,1285375.7348305671,0.06672851886376797,0.1583710407239819,1277.5131888580806,2079.694556819392,0.3202200564533342,nan,nan,nan,nan,nan,0,0,0,0,0,0
42,off,18000,913,0.9433980774926823,862617.0958409747,914372.3274628634,0.0,17134,171,33318,11.821528790518641,442,0.9538619122117326,0.03578165885609874,0.9984759283828264,0.03578165885609874,1279689.427247651,70,0.1583710407239819,1.0,1.0,6.25,0.472273208832521,1161525.743180714,1279689.427247651,0.06811611043185124,0.1583710407239819,1271.010295773726,2079.694556819392,0.3196417641220093,nan,nan,nan,nan,nan,0,0,0,0,0,0
42,off,18250,889,0.9467956124994313,865723.7078327324,914372.3274628634,0.0,17340,174,33871,11.408127104863524,442,0.9567897053832498,0.03217864016378376,0.9975250186414243,0.03217864016378376,1263361.8263869435,70,0.1583710407239819,1.0,1.0,6.25,0.4479923548770579,1117182.2968188736,1263361.8263869435,0.061631261612879254,0.1583710407239819,1315.3904670845504,2079.694556819392,0.3162975878436134,nan,nan,nan,nan,nan,0,0,0,0,0,0
42,off,18500,879,0.9472506330604393,866139.7660421447,914372.3274628634,0.0,17562,178,34480,11.484870083630085,442,0.9557362437300999,0.03214626841944671,0.9895466571726772,0.03214626841944671,1268837.9693155424,70,0.1583710407239819,1.0,1.0,6.25,0.4536615121543548,1159377.175099553,1268837.9693155421,0.060414553496689366,0.1583710407239819,1321.3341557904419,2079.694556819392,0.3168515267732823,nan,nan,nan,nan,nan,0,0,0,0,0,0
42,off,18750,964,0.9459794772994232,864977.4563903766,914372.3274628634,0.0,17779,180,35044,11.186074087396264,442,0.9550130553483543,0.03425285325215993,0.997174653439498,0.03425285325215993,1278233.504789124,70,0.1583710407239819,1.0,1.0,6.25,0.467520908317699,1197275.4127363914,1278233.504789124,0.06262535852280103,0.1583710407239819,1304.7297321937524,2079.694556819392,0.3185563559931801,nan,nan,nan,nan,nan,0,0,0,0,0,0
42,off,19000,882,0.9473337532736273,866215.7688649367,914372.3274628634,0.0,18079,182,35730,11.400757003575563,442,0.9567489703469269,0.031689683582048024,0.9989211602244524,0.031689683582048024,1263659.7416392171,70,0.1583710407239819,1.0,1.0,6.25,0.4483137954629328,1128065.357188748,1263659.7416392171,0.060488543213270095,0.1583710407239819,1322.419910401753,2079.694556819392,0.31617076893781837,nan,nan,nan,nan,nan,0,0,0,0,0,0
42,off,19250,855,0.9487647247838671,867524.2096152876,914372.3274628634,0.0,18311,184,36344,11.643987795338035,442,0.9578389881818163,0.03219223605769989,0.9969956958210943,0.03219223605769989,1268274.670780238,70,0.1583710407239819,1.0,1.0,6.25,0.4531477038245424,1180737.772478622,1268274.670780238,0.057329916364567954,0.1583710407239819,1341.1119211210544,2079.694556819392,0.3162357208707538,nan,nan,nan,nan,nan,0,0,0,0,0,0
42,off,19500,846,0.948037969673467,866859.6848534956,914372.3274628634,0.0,18505,186,37028,12.037467231974006,442,0.9569787454620644,0.03139168328691229,0.9909253932312128,0.03139168328691229,1262770.9103455434,70,0.1583710407239819,1.0,1.0,6.25,0.44671836375687546,1134107.4103384053,1262770.9103455434,0.059069478666964,0.1583710407239819,1331.6187102383112,2079.694556819392,0.315758489689552,nan,nan,nan,nan,nan,0,0,0,0,0,0
42,off,19750,935,0.9474074134629964,866283.1217037314,914372.3274628634,0.0,18678,187,37564,11.460555056110024,442,0.9566485227564684,0.03179478597472478,0.9994950483544159,0.03179478597472478,1265677.5400307502,70,0.1583710407239819,1.0,1.0,6.25,0.4509988554280764,1142032.0177419588,1265677.5400307502,0.06023874035992104,0.1583710407239819,1323.3820938131084,2079.694556819392,0.3163666431817964,nan,nan,nan,nan,nan,0,0,0,0,0,0
42,off,20000,901,0.9466708150328464,865609.5964827497,914372.3274628634,0.0,18941,190,38210,11.756972927600145,442,0.9572702090142677,0.03213587222493731,0.9943129877656959,0.03213587222493731,1264364.365699344,70,0.1583710407239819,1.0,1.0,6.25,0.44959159815787775,1121413.1422231384,1264364.365699344,0.061845367741847304,0.1583710407239819,1313.760304941941,2079.694556819392,0.3164781993620813,49711680.301,3.216387448101839,12743468.322999997,0.8245130985555535,772.7875,0,0,0,0,0,0
42,on,250,49,0.9976941566850204,912263.9281441808,914372.3274628634,0.0,1907,0,47,15.540843287482858,442,0.9972192590651267,0.00021643882110834953,0.2221852647839696,0.00021643882110834953,1223413.1439562566,66,0.1493212669683258,1.0,1.0,1.0,0.3153061940438613,1343620.2504960136,1223413.1439562566,0.0015593010478755843,0.1493212669683258,1959.6961515062203,2082.244633363751,0.29192610790730744,nan,nan,nan,nan,nan,192,58,0,250,249,0
42,on,500,65,0.996463282800893,911138.451125938,914372.3274628634,0.0,1907,0,84,14.67727953568101,442,0.9964442642918218,0.0003673369860606945,0.23437543278271944,0.0003673369860606945,1219292.2901237898,66,0.1493212669683258,1.0,1.0,1.0,0.31378019193684836,1312177.913642434,1219292.2901237896,0.002030973347554559,0.1493212669683258,1942.6234062110395,2082.24815509577,0.29185533804827113,nan,nan,nan,nan,nan,249,69,0,500,499,0
42,on,750,100,0.9920057191033153,907062.5782329699,914372.3274628634,0.0,1916,0,145,15.330310167744756,442,0.9927124934034796,0.0025391626932696272,0.7936804788307997,0.0025391626932696272,1218914.4402296573,66,0.1493212669683258,1.0,1.0,1.0,0.32432209367432896,1291696.28636715,1218914.440229657,0.004226996033573441,0.1493212669683258,1880.8513012793753,2082.2510434801356,0.2936496780526505,nan,nan,nan,nan,nan,328,69,0,750,749,0
42,on,1000,163,0.9869304317965862,902421.8759657734,914372.3274628634,0.0,1926,0,246,15.667818015441297,442,0.988018120560547,0.00645735100817955,0.9891783241806937,0.00645735100817955,1236818.6403968302,67,0.1515837104072398,1.0,1.0,1.0,0.3453756062590363,1383378.0050540217,1236818.6403968302,0.006579797358215907,0.1515837104072398,1828.2572792773778,2079.809702011171,0.2974225550583933,nan,nan,nan,nan,nan,342,69,0,1000,999,0
42,on,1250,214,0.9806561272581029,896684.8255217095,914372.3274628634,0.0,1997,0,382,16.05824152380228,442,0.9816841259434803,0.008915630283751547,0.9790531287796929,0.008915630283751547,1232930.8186560206,67,0.1515837104072398,1.0,1.0,1.0,0.35781123414782035,1314959.8295911294,1232930.8186560206,0.011858958310217785,0.1515837104072398,1742.6296607092606,2079.809702011171,0.2999006347476907,nan,nan,nan,nan,nan,371,69,0,1250,1249,0
42,on,1500,231,0.9771148874144898,893446.8138038008,914372.3274628634,0.0,2088,0,531,16.37783471122384,442,0.9795546283741293,0.010366118303617068,0.9881380383877906,0.010366118303617068,1229840.7444130084,68,0.15384615384615385,1.0,1.0,1.0,0.3563273623380079,1271008.8718684865,1229840.744413008,0.01401397516010706,0.15384615384615385,1713.4893535464535,2077.3517052477064,0.30060113978062075,nan,nan,nan,nan,nan,452,70,0,1500,1499,0
42,on,1750,287,0.9710072813968444,887862.1878742202,914372.3274628634,0.0,2196,0,660,16.283629447221756,442,0.9745828210864852,0.014751253311009425,0.9927328473957469,0.014751253311009425,1237576.6214266953,68,0.15384615384615385,1.0,1.0,1.0,0.37888860464465557,1265013.9073627312,1237576.621426695,0.020922451539673807,0.15384615384615385,1631.3625016408548,2077.3517052477064,0.3043103140625576,nan,nan,nan,nan,nan,502,70,0,1750,1749,0
42,on,2000,368,0.9642613854642258,881693.9273094895,914372.3274628634,0.0,2338,0,848,16.75167136080563,442,0.9686258878956818,0.02149052760298453,0.9977856827096709,0.02149052760298453,1252853.0477730676,68,0.15384615384615385,1.0,1.0,1.0,0.40970296226124403,1288885.067467846,1252853.0477730671,0.0299293497600843,0.15384615384615385,1540.6527874536382,2077.3517052477064,0.3086866054094064,nan,nan,nan,nan,nan,543,70,0,2000,1999,0
42,on,2250,363,0.9616794540745432,879333.080695356,914372.3274628634,0.0,2521,0,1071,16.858718026429415,442,0.966660113282375,0.02316273849759738,0.9942655217550022,0.02316273849759738,1258389.6943652602,68,0.15384615384615385,1.0,1.0,1.0,0.41659601627223286,1292320.085543285,1258389.69436526,0.03377750114134717,0.15384615384615385,1505.9344548928511,2077.3517052477064,0.31002468482361367,nan,nan,nan,nan,nan,581,70,0,2250,2249,0
42,on,2500,454,0.9558082963548965,873964.656546341,914372.3274628634,0.0,2696,0,1249,16.362055212259293,442,0.9614619592016878,0.027643100906101253,0.9971090698118871,0.027643100906101253,1271799.6026619228,68,0.15384615384615385,1.0,1.0,1.0,0.44118680480360073,1297867.4319028824,1271799.6026619226,0.0432943441856892,0.15384615384615385,1426.9870409367488,2077.3517052477064,0.31400936142182667,nan,nan,nan,nan,nan,625,70,0,2500,2499,0
42,on,2750,410,0.9547441741107586,872991.6526132637,914372.3274628634,0.0,2923,0,1450,16.85908037982881,442,0.9610836534245922,0.027829523826521194,0.9969702901264954,0.027829523826521194,1270498.212899464,68,0.15384615384615385,1.0,1.0,1.0,0.4424969934837075,1273486.5535881375,1270498.212899464,0.045266686519200156,0.15384615384615385,1412.6781595679643,2077.3517052477064,0.31427774173553025,nan,nan,nan,nan,nan,647,70,0,2750,2749,0
42,on,3000,436,0.954202868649917,872496.6978791655,914372.3274628634,0.0,3134,0,1615,16.849225357174873,442,0.960464379615142,0.029300701036731342,0.997448032603767,0.029300701036731342,1276613.9041425546,68,0.15384615384615385,1.0,1.0,1.0,0.44839955561225,1305006.349670946,1276613.9041425546,0.046041905059570815,0.15384615384615385,1405.3994134782865,2077.3517052477064,0.31520787374375403,nan,nan,nan,nan,nan,663,70,0,3000,2999,0
42,on,3250,428,0.9517720964690279,870274.067062594,914372.3274628634,0.0,3316,1,1923,16.8718580044806,442,0.9590964734272149,0.030238844939308843,0.9930098153116071,0.030238844939308843,1271956.1071325585,68,0.15384615384615385,1.0,1.0,1.0,0.45151968394798225,1236658.0752119133,1271956.1071325585,0.05081547857458468,0.15384615384615385,1372.7136661757647,2077.3517052477064,0.3158028885298154,nan,nan,nan,nan,nan,688,70,0,3250,3249,0
42,on,3500,441,0.9523528279926168,870805.071897449,914372.3274628634,0.0,3513,4,2184,16.55188098922372,442,0.9597875501129207,0.03003002414321173,0.997822492048715,0.03003002414321173,1276663.094659002,68,0.15384615384615385,1.0,1.0,1.0,0.4510451825079491,1276513.725303141,1276663.0946590018,0.04951220695978574,0.15384615384615385,1380.522560805984,2077.3517052477064,0.3160004845445177,nan,nan,nan,nan,nan,711,70,0,3500,3499,0
42,on,3750,462,0.9512685018720829,869813.5940988876,914372.3274628634,0.0,3731,7,2393,16.789953235536814,442,0.9582299772155167,0.03124687181201643,0.995343217572001,0.03124687181201643,1272589.2386810833,68,0.15384615384615385,1.0,1.0,1.0,0.4541074144542152,1232659.6647883023,1272589.2386810833,0.051771088361382354,0.15384615384615385,1365.9420049447876,2077.3517052477064,0.31610924668701124,nan,nan,nan,nan,nan,717,70,0,3750,3749,0
42,on,4000,425,0.9523537894894968,870805.9510635891,914372.3274628634,0.0,3911,9,2700,17.116109723225236,442,0.9590485441418544,0.029814455284130025,0.9950559638102897,0.029814455284130025,1267821.2630142248,68,0.15384615384615385,1.0,1.0,1.0,0.4457073663987998,1219057.0658835026,1267821.2630142248,0.04985565680621529,0.15384615384615385,1380.5354897198088,2077.3517052477064,0.3151157344597648,nan,nan,nan,nan,nan,730,70,0,4000,3999,0
42,on,4250,448,0.951560563460688,870080.647133423,914372.3274628634,0.0,4089,11,2928,16.71793376840651,442,0.9583807079298208,0.03047411820562734,0.9953567370322524,0.03047411820562734,1273081.0603964566,68,0.15384615384615385,1.0,1.0,1.0,0.4523852073986374,1240571.5670219166,1273081.0603964564,0.05118129389996289,0.15384615384615385,1369.869255452659,2077.3517052477064,0.31599353594670343,nan,nan,nan,nan,nan,730,70,0,4250,4249,0
42,on,4500,450,0.9489697936276204,867711.7188912404,914372.3274628634,0.0,4312,11,3208,16.733064400032163,442,0.9573167193267464,0.031227336236178644,0.9927300387394403,0.031227336236178644,1269068.0380138557,68,0.15384615384615385,1.0,1.0,1.0,0.4525299467187309,1171750.2156391847,1269068.0380138557,0.05652400942428565,0.15384615384615385,1335.0320754205625,2077.3517052477064,0.31627830561850767,nan,nan,nan,nan,nan,741,70,0,4500,4499,0
42,on,4750,426,0.9514535170334891,869982.7668426386,914372.3274628634,0.0,4519,13,3501,17.067196475341916,442,0.9589114710943429,0.028971449397631285,0.9934596225879758,0.028971449397631285,1264525.5076892355,68,0.15384615384615385,1.0,1.0,1.0,0.44268097185001953,1183235.3401160403,1264525.5076892355,0.051737462622228225,0.15384615384615385,1368.4298394117131,2077.3517052477064,0.3149906166245877,nan,nan,nan,nan,nan,745,70,0,4750,4749,0
42,on,5000,425,0.9519031771289914,870393.9235907302,914372.3274628634,0.0,4719,15,3756,16.794006403535604,442,0.9598859358887029,0.028126785551406484,0.9923664681133312,0.028126785551406484,1250011.6296183092,68,0.15384615384615385,1.0,1.0,1.0,0.42586588241418366,1096118.1755231593,1250011.6296183092,0.05144920439198981,0.15384615384615385,1374.4762621777659,2077.3517052477064,0.3127212181430117,nan,nan,nan,nan,nan,754,70,0,5000,4999,0
42,on,5250,473,0.9485598617926978,867336.8885652411,914372.3274628634,0.0,4900,15,4013,16.91837894357741,442,0.9560120041153326,0.03184497579081076,0.9913383135370231,0.03184497579081076,1269630.1001519917,68,0.15384615384615385,1.0,1.0,1.0,0.4520765519009373,1168453.2874380448,1269630.1001519915,0.05734118590401058,0.15384615384615385,1329.519864744103,2077.3517052477064,0.3166171117426124,nan,nan,nan,nan,nan,754,70,0,5250,5249,0
42,on,5500,464,0.94777132221363,866615.8697950323,914372.3274628634,0.0,5101,16,4315,16.796682868152857,442,0.956327828389374,0.0309612614772829,0.9924807732906067,0.0309612614772829,1257716.9438293537,68,0.15384615384615385,1.0,1.0,1.0,0.4374965156697488,1077503.6154900622,1257716.9438293532,0.05953739978590218,0.15384615384615385,1318.9166475351508,2077.3517052477064,0.31522048620600995,nan,nan,nan,nan,nan,763,70,0,5500,5499,0
42,on,5750,449,0.9484191725752501,867208.2462380346,914372.3274628634,0.0,5297,16,4614,16.91236761212349,442,0.9577902280765561,0.030201516256797605,0.986290263326818,0.030201516256797605,1258415.4860701265,68,0.15384615384615385,1.0,1.0,1.0,0.4378558669472006,1093161.079568069,1258415.4860701258,0.058145261978745894,0.15384615384615385,1327.6280658145952,2077.3517052477064,0.3151146416968462,nan,nan,nan,nan,nan,779,70,0,5750,5749,0
42,on,6000,492,0.9491168123222553,867846.1487172343,914372.3274628634,0.0,5483,17,4814,16.63904438354075,442,0.9565559835651006,0.03232851445869053,0.9938777118052634,0.03232851445869053,1273388.270765008,68,0.15384615384615385,1.0,1.0,1.0,0.4582477359984731,1202311.8806252528,1273388.270765008,0.05603259706153901,0.15384615384615385,1337.0089846263563,2077.3517052477064,0.3168241492314583,nan,nan,nan,nan,nan,784,70,0,6000,5999,0
42,on,6250,495,0.9457128689476332,864733.6770912292,914372.3274628634,0.0,5687,19,5188,17.045236175879836,442,0.9527936292739474,0.035784250944967816,0.9975128620104362,0.035784250944967816,1281366.0890002646,68,0.15384615384615385,1.0,1.0,1.0,0.47105137000594133,1195048.2444667772,1281366.0890002646,0.06278186483193654,0.15384615384615385,1291.2373430674588,2077.3517052477064,0.31898846140127013,nan,nan,nan,nan,nan,787,70,0,6250,6249,0
42,on,6500,445,0.9493112375402324,868023.9257563135,914372.3274628634,0.0,5946,22,5446,17.14228563942015,442,0.955721456611597,0.032880547448495605,0.9878203087600499,0.032880547448495605,1280071.0502571724,68,0.15384615384615385,1.0,1.0,1.0,0.46313879278752257,1249019.6736682255,1280071.050257172,0.05534709736798809,0.15384615384615385,1339.623352848108,2077.3517052477064,0.3177556595560276,nan,nan,nan,nan,nan,788,70,0,6500,6499,0
42,on,6750,450,0.9462248299130288,865201.8000307282,914372.3274628634,0.0,6159,22,5811,16.882701463997364,442,0.9549166388331132,0.03220104754732348,0.9945998532087914,0.03220104754732348,1264578.609746647,68,0.15384615384615385,1.0,1.0,1.0,0.4473005914239603,1095047.854071953,1264578.609746647,0.06250599858510791,0.15384615384615385,1298.1215039424433,2077.3517052477064,0.3166848528914681,nan,nan,nan,nan,nan,788,70,0,6750,6749,0
42,on,7000,478,0.9514442525936672,869974.295695236,914372.3274628634,0.0,6398,23,5995,17.191888064146042,442,0.9586019936099062,0.028689492941207487,0.9920240853410478,0.028689492941207487,1261452.3799304503,68,0.15384615384615385,1.0,1.0,1.0,0.4376749172615477,1163110.5413536392,1261452.3799304503,0.05188173359367918,0.15384615384615385,1368.3052637146156,2077.3517052477064,0.31459195031684817,nan,nan,nan,nan,nan,788,70,0,7000,6999,0
42,on,7250,490,0.9457110208394004,864731.987232203,914372.3274628634,0.0,6591,26,6393,17.078491788357496,442,0.9538477147167896,0.03419596248547284,0.993181755742944,0.03419596248547284,1269385.8314735936,68,0.15384615384615385,1.0,1.0,1.0,0.45524116549517624,1117143.5097336269,1269385.8314735934,0.06337839676757438,0.15384615384615385,1291.2124921994255,2077.3517052477064,0.31750631717035005,nan,nan,nan,nan,nan,788,70,0,7250,7249,0
42,on,7500,457,0.9479201926987325,866751.992846986,914372.3274628634,0.0,6800,27,6694,16.913566457107663,442,0.9554620114188414,0.03207832193859959,0.991012931541021,0.03207832193859959,1264809.4127322985,68,0.15384615384615385,1.0,1.0,1.0,0.4478183181996689,1126170.606196406,1264809.4127322983,0.05889143084796453,0.15384615384615385,1320.918457122707,2077.3517052477064,0.316069169461211,nan,nan,nan,nan,nan,788,70,0,7500,7499,0
42,on,7750,459,0.9474137918876214,866288.9539587013,914372.3274628634,0.0,7012,28,7033,16.70681517198682,442,0.9561418631435806,0.030942904716950832,0.9921846672855713,0.030942904716950832,1256885.9549584968,68,0.15384615384615385,1.0,1.0,1.0,0.43509536551154526,1065912.0680086259,1256885.9549584966,0.06033444985950443,0.15384615384615385,1314.1090617067528,2077.3517052477064,0.3153040748715845,nan,nan,nan,nan,nan,788,70,0,7750,7749,0
42,on,8000,472,0.9487272377437659,867489.9325031806,914372.3274628634,0.0,7175,29,7346,16.586982987821102,442,0.9570619600363297,0.030461893401534487,0.9884379715816242,0.030461893401534487,1257881.5287493665,68,0.15384615384615385,1.0,1.0,1.0,0.43782947136924344,1094931.6184907511,1257881.528749366,0.057528907562031356,0.15384615384615385,1331.770510890271,2077.3517052477064,0.3149394868155533,nan,nan,nan,nan,nan,788,70,0,8000,7999,0
42,on,8250,485,0.9496931290215115,868373.1167588889,914372.3274628634,0.0,7329,31,7632,16.61714461632073,442,0.9569217648024666,0.03088817020034458,0.993600532298794,0.03088817020034458,1273433.2176436542,68,0.15384615384615385,1.0,1.0,1.0,0.45167418184016705,1212262.5100862188,1273433.2176436542,0.05486375863170264,0.15384615384615385,1344.7585146506897,2077.3517052477064,0.316747786818516,nan,nan,nan,nan,nan,788,70,0,8250,8249,0
42,on,8500,458,0.9475853640279097,866445.8347759445,914372.3274628634,0.0,7532,31,7923,16.942975845187902,442,0.9557973631970106,0.03136781481871471,0.9858164223081795,0.03136781481871471,1262183.178649959,68,0.15384615384615385,1.0,1.0,1.0,0.44387754960444026,1103319.4264896323,1262183.1786499587,0.05971856491765014,0.15384615384615385,1316.4161325485654,2077.3517052477064,0.31586967826194945,nan,nan,nan,nan,nan,788,70,0,8500,8499,0
42,on,8750,506,0.9453145036650333,864369.422900598,914372.3274628634,0.0,7708,36,8205,17.26901563256979,442,0.9524373103680749,0.03436282362526075,0.9982407124052813,0.03436282362526075,1274358.2363898403,68,0.15384615384615385,1.0,1.0,1.0,0.46120247223896405,1142346.6787005123,1274358.23638984,0.06399035283457095,0.15384615384615385,1285.8806637934683,2077.3517052477064,0.318339355737304,nan,nan,nan,nan,nan,788,70,0,8750,8749,0
42,on,9000,519,0.9434119800596964,862629.8079635331,914372.3274628634,0.0,7860,44,8574,17.17435078509152,442,0.9517071948092967,0.03533804410927877,0.9982507643429497,0.03533804410927877,1274530.4900048794,68,0.15384615384615385,1.0,1.0,1.0,0.46131592896017914,1108646.92822651,1274530.4900048794,0.0681846879904253,0.15384615384615385,1260.2980911895731,2077.3517052477064,0.31904676887779004,nan,nan,nan,nan,nan,799,70,0,9000,8999,0
42,on,9250,449,0.9465248924047521,865476.1688696695,914372.3274628634,0.0,8022,46,8873,17.389215420931578,442,0.9546972387011717,0.03239225291822465,0.9853968887079658,0.03239225291822465,1262585.0919661021,68,0.15384615384615385,1.0,1.0,1.0,0.4424486354410355,1087396.9402152095,1262585.0919661021,0.061958037663417356,0.15384615384615385,1302.156339809227,2077.3517052477064,0.3163529283611788,nan,nan,nan,nan,nan,804,70,0,9250,9249,0
42,on,9500,483,0.947374899002649,866253.3913809473,914372.3274628634,0.0,8229,47,9158,17.269444530829787,442,0.9551864228984616,0.032351894565668726,0.9940577248299951,0.032351894565668726,1266835.1612388706,68,0.15384615384615385,1.0,1.0,1.0,0.45019050006739847,1129906.1759666186,1266835.16123887,0.0599426696181358,0.15384615384615385,1313.5860826221372,2077.3517052477064,0.3165167145937775,nan,nan,nan,nan,nan,815,70,0,9500,9499,0
42,on,9750,524,0.945723972956165,864743.8302893547,914372.3274628634,0.0,8473,47,9392,16.69109295681119,442,0.9527299896546592,0.0359322248917497,0.9996787855346542,0.0359322248917497,1278421.5481280305,68,0.15384615384615385,1.0,1.0,1.0,0.4679670992491842,1176107.3464117262,1278421.5481280303,0.06290256618524655,0.15384615384615385,1291.3866548045953,2077.3517052477064,0.31858889930889234,nan,nan,nan,nan,nan,815,70,0,9750,9749,0
42,on,10000,500,0.9425857438689388,861874.320454756,914372.3274628634,0.0,8692,56,9888,17.665295999497175,442,0.9494036227727122,0.038210977930978364,0.9979201715953422,0.038210977930978364,1286603.7808517131,68,0.15384615384615385,1.0,1.0,1.0,0.47950411251809233,1171656.856475962,1286603.780851713,0.06939426174210053,0.15384615384615385,1249.1879807663806,2077.3517052477064,0.32091958071611315,nan,nan,nan,nan,nan,815,70,0,10000,9999,0
42,on,10250,513,0.9418141019432372,861168.7524311843,914372.3274628634,0.0,8916,57,10155,17.316883319988847,442,0.950508117860999,0.0357873937212685,0.9957263693033577,0.0357873937212685,1273469.0576915538,68,0.15384615384615385,1.0,1.0,1.0,0.46034107769908594,1071648.011992959,1273469.0576915536,0.07187781429638757,0.15384615384615385,1238.8119804197386,2077.3517052477064,0.3195238263248501,nan,nan,nan,nan,nan,824,70,0,10250,10249,0
42,on,10500,518,0.9434212241039995,862638.2604618378,914372.3274628634,0.0,9122,57,10455,16.825468784198165,442,0.9519244348567254,0.03414021446674961,0.9978677882339159,0.03414021446674961,1269423.7194893183,68,0.15384615384615385,1.0,1.0,1.0,0.45418310196486633,1075624.779170719,1269423.7194893183,0.06843816022172938,0.15384615384615385,1260.4223926352302,2077.3517052477064,0.31832842861593025,nan,nan,nan,nan,nan,844,70,0,10500,10499,0
42,on,10750,552,0.94193422775218,861278.5921466957,914372.3274628634,0.0,9343,60,10819,17.03161714412272,442,0.9492287058607455,0.03822662621445165,0.9974302842772329,0.03822662621445165,1287033.6514952125,68,0.15384615384615385,1.0,1.0,1.0,0.4811724532705397,1162107.8689714745,1287033.6514952125,0.07084652764522442,0.15384615384615385,1240.4272703537295,2077.3517052477064,0.3211748099849403,nan,nan,nan,nan,nan,853,70,0,10750,10749,0
42,on,11000,493,0.9446412554587772,863753.8233712835,914372.3274628634,0.0,9551,61,11218,16.99794938415289,442,0.9514440189966693,0.03628482988874388,0.9954730542862197,0.03628482988874388,1288059.1081509427,68,0.15384615384615385,1.0,1.0,1.0,0.478913781345643,1219207.3844965438,1288059.1081509423,0.06476626767265828,0.15384615384615385,1276.8277295388446,2077.3517052477064,0.32051024998435884,nan,nan,nan,nan,nan,853,70,0,11000,10999,0
42,on,11250,509,0.9416680275903844,861035.1860851836,914372.3274628634,0.0,9759,64,11511,17.004769757390022,442,0.9503133063693213,0.035862606487419554,0.9843583116894853,0.035862606487419554,1276974.8010721186,68,0.15384615384615385,1.0,1.0,1.0,0.4651302165876461,1091644.7319849778,1276974.8010721186,0.07201668919699354,0.15384615384615385,1236.8477694491398,2077.3517052477064,0.31997724165542185,nan,nan,nan,nan,nan,853,70,0,11250,11249,0
42,on,11500,529,0.9397880845287455,859316.2181724153,914372.3274628634,0.0,9988,64,11864,17.282808773219585,442,0.9489693947483951,0.036562684207051235,0.9929045723200252,0.036562684207051235,1278495.6228741186,68,0.15384615384615385,1.0,1.0,1.0,0.4652482552280255,1065032.8168334335,1278495.6228741186,0.0763228737040081,0.15384615384615385,1211.5688295554885,2077.3517052477064,0.32088431460880606,nan,nan,nan,nan,nan,864,70,0,11500,11499,0
42,on,11750,535,0.9397675520497235,859297.4438417833,914372.3274628634,0.0,10230,68,12249,17.114139379933476,442,0.9490812525414589,0.03823681550665407,0.9869141309946047,0.03823681550665407,1286238.4206792915,68,0.15384615384615385,1.0,1.0,1.0,0.4791466808526421,1114956.4144615172,1286238.420679291,0.07591182374113142,0.15384615384615385,1211.2927364579596,2077.3517052477064,0.32188332127309116,nan,nan,nan,nan,nan,868,70,0,11750,11749,0
42,on,12000,516,0.9376133762726355,857327.7251227233,914372.3274628634,0.0,10449,70,12643,17.132387187331915,442,0.9479712355041322,0.038536365383477746,0.9965444659360171,0.038536365383477746,1288081.8983523152,68,0.15384615384615385,1.0,1.0,1.0,0.47925382458709986,1083774.7096499794,1288081.898352315,0.0809586466836596,0.15384615384615385,1182.3262847070757,2077.3517052477064,0.322997090586165,nan,nan,nan,nan,nan,868,70,0,12000,11999,0
42,on,12250,528,0.9404164593794117,859890.786747138,914372.3274628634,0.0,10677,70,12991,16.688867261633277,442,0.9495402339319811,0.036694371009429155,0.9929904053511662,0.036694371009429155,1280478.5592622512,68,0.15384615384615385,1.0,1.0,1.0,0.469239563849015,1090241.5104781557,1280478.5592622508,0.07472451224664191,0.15384615384615385,1220.0183674190566,2077.3517052477064,0.3209044814403297,nan,nan,nan,nan,nan,868,70,0,12250,12249,0
42,on,12500,521,0.9394620984250364,859018.1455000462,914372.3274628634,0.0,10909,71,13353,17.190743628889322,442,0.9490308385303309,0.03743013327570141,0.9911620692027802,0.03743013327570141,1281877.3118314128,68,0.15384615384615385,1.0,1.0,1.0,0.4710619386102066,1080575.0743543236,1281877.3118314126,0.07689427955514874,0.15384615384615385,1207.1854079030013,2077.3517052477064,0.3214538407399783,nan,nan,nan,nan,nan,868,70,0,12500,12499,0
42,on,12750,528,0.940362779242163,859841.7031151034,914372.3274628634,0.0,11133,73,13734,17.75797156058252,442,0.9490214377667305,0.0372848830584931,0.9987164861321953,0.0372848830584931,1281494.4612047938,68,0.15384615384615385,1.0,1.0,1.0,0.47082140298058106,1095797.166686277,1281494.4612047938,0.07479105395108647,0.15384615384615385,1219.2965493009024,2077.3517052477064,0.32106452846999245,nan,nan,nan,nan,nan,868,70,0,12750,12749,0
42,on,13000,548,0.9398788635068617,859399.22395792,914372.3274628634,0.0,11330,74,14082,17.430757088586688,442,0.9472407290252283,0.03811111489008632,0.9969875553200872,0.03811111489008632,1283030.0205282778,68,0.15384615384615385,1.0,1.0,1.0,0.4731247634234128,1096293.635947901,1283030.0205282778,0.07583883406173356,0.15384615384615385,1212.7895028717328,2077.3517052477064,0.32144894574437033,nan,nan,nan,nan,nan,868,70,0,13000,12999,0
42,on,13250,514,0.939212393517837,858789.8222428714,914372.3274628634,0.0,11565,75,14446,17.119055192917585,442,0.9482517540092082,0.037216769465064,0.9985462687763876,0.037216769465064,1280903.0407980739,68,0.15384615384615385,1.0,1.0,1.0,0.4680890793782375,1069288.267942145,1280903.0407980736,0.07754778459410894,0.15384615384615385,1203.8277129445487,2077.3517052477064,0.32145958633469185,nan,nan,nan,nan,nan,868,70,0,13250,13249,0
42,on,13500,539,0.9378787738811181,857570.3973516945,914372.3274628634,0.0,11789,76,14774,17.154664052650332,442,0.9477107638984829,0.03845608226725877,0.9981399555458956,0.03845608226725877,1287145.404148906,68,0.15384615384615385,1.0,1.0,1.0,0.4791392210954373,1083082.0964346502,1287145.4041489062,0.08037276025749392,0.15384615384615385,1185.8949939566517,2077.3517052477064,0.3227606264889631,nan,nan,nan,nan,nan,868,70,0,13500,13499,0
42,on,13750,492,0.941656747858202,861024.8722102148,914372.3274628634,0.0,12024,77,15187,17.273926684632897,442,0.9496801283570718,0.0355683687415248,0.9875505450326031,0.0355683687415248,1280267.8424293266,68,0.15384615384615385,1.0,1.0,1.0,0.4687613543699749,1112833.7406677082,1280267.8424293266,0.0718573787295912,0.15384615384615385,1236.6960948172475,2077.3517052477064,0.32043836598009756,nan,nan,nan,nan,nan,868,70,0,13750,13749,0
42,on,14000,515,0.9431892644914942,862426.1630110738,914372.3274628634,0.0,12236,79,15486,16.713263215497136,442,0.9506264874993282,0.03678448661022951,0.9975516654514099,0.03678448661022951,1284244.7990133471,68,0.15384615384615385,1.0,1.0,1.0,0.4753176644125461,1167641.4490396196,1284244.7990133474,0.06816589231733466,0.15384615384615385,1257.303312476936,2077.3517052477064,0.32051883251528857,nan,nan,nan,nan,nan,868,70,0,14000,13999,0
42,on,14250,489,0.9417179339885844,861080.8191146611,914372.3274628634,0.0,12463,81,15870,17.21688761934638,442,0.9498635921466666,0.03736020791409279,0.9970299747919418,0.03736020791409279,1281358.9481278413,68,0.15384615384615385,1.0,1.0,1.0,0.4726380608648184,1121095.8365403893,1281358.9481278409,0.07165572565650369,0.15384615384615385,1237.5188434120437,2077.3517052477064,0.3205750768998059,nan,nan,nan,nan,nan,868,70,0,14250,14249,0
42,on,14500,516,0.9431644621861079,862403.4844693714,914372.3274628634,0.0,12677,82,16191,16.773926550522447,442,0.9534337476380689,0.0350687635939045,0.9990363566039624,0.0350687635939045,1275072.867020047,68,0.15384615384615385,1.0,1.0,1.0,0.46186295309967695,1107560.963215487,1275072.867020047,0.0687120827497103,0.15384615384615385,1256.969804510727,2077.3517052477064,0.3192252975531156,nan,nan,nan,nan,nan,868,70,0,14500,14499,0
42,on,14750,493,0.9439977454757931,863165.4156503966,914372.3274628634,0.0,12896,84,16541,17.65304326079786,442,0.9528105465047888,0.03448466117155533,0.9888637464775767,0.03448466117155533,1268070.2129673318,68,0.15384615384615385,1.0,1.0,1.0,0.4527504286542152,1077493.6319754338,1268070.2129673318,0.06721709941133423,0.15384615384615385,1268.1746748199193,2077.3517052477064,0.31799255126270576,nan,nan,nan,nan,nan,868,70,0,14750,14749,0
42,on,15000,533,0.940287228361929,859772.621480902,914372.3274628634,0.0,13075,87,16921,17.380215423181653,442,0.9499563951833537,0.03664367344105238,0.9968137403892656,0.03664367344105238,1282082.332598068,68,0.15384615384615385,1.0,1.0,1.0,0.47320637181651715,1098142.2665590995,1282082.332598068,0.07493388352740048,0.15384615384615385,1218.2806429155862,2077.3517052477064,0.32120603321424857,nan,nan,nan,nan,nan,868,70,0,15000,14999,0
42,on,15250,471,0.9438816296916016,863059.2425905503,914372.3274628634,0.0,13332,94,17235,17.299494666978717,442,0.9532848116780911,0.033801851636037404,0.9973272447695208,0.033801851636037404,1267967.7777042014,68,0.15384615384615385,1.0,1.0,1.0,0.4524825145427731,1074687.6385613244,1267967.7777042012,0.06748220191513893,0.15384615384615385,1266.6133062927697,2077.3517052477064,0.3180380671839258,nan,nan,nan,nan,nan,868,70,0,15250,15249,0
42,on,15500,517,0.9428297549256676,862097.4374126238,914372.3274628634,0.0,13566,97,17556,17.34910310059786,442,0.951036284102352,0.03504399522849905,0.9990363566039624,0.03504399522849905,1270935.8210168986,68,0.15384615384615385,1.0,1.0,1.0,0.4576355163762167,1074404.5398581119,1270935.8210168986,0.06969419941708652,0.15384615384615385,1252.4691124997312,2077.3517052477064,0.31878999167365696,nan,nan,nan,nan,nan,868,70,0,15500,15499,0
42,on,15750,525,0.941882001868936,861230.8382442801,914372.3274628634,0.0,13777,100,17947,16.981045795604587,442,0.9513692177979065,0.035573579339987005,0.9986130345672651,0.035573579339987005,1272564.0053609812,68,0.15384615384615385,1.0,1.0,1.0,0.4607244587269117,1067060.1126901712,1272564.005360981,0.07177238267589947,0.15384615384615385,1239.7250070829102,2077.3517052477064,0.3193740171431594,nan,nan,nan,nan,nan,868,70,0,15750,15749,0
42,on,16000,517,0.9395872285259641,859132.5610016672,914372.3274628634,0.0,13991,101,18265,16.98070347122848,442,0.949531018185467,0.03670674952250012,0.996172703880283,0.03670674952250012,1278025.158190395,68,0.15384615384615385,1.0,1.0,1.0,0.4664406551952629,1058011.4304933324,1278025.1581903945,0.07682807175262933,0.15384615384615385,1208.867988809192,2077.3517052477064,0.32097177379947217,nan,nan,nan,nan,nan,868,70,0,16000,15999,0
42,on,16250,518,0.9392762676203679,858848.2269546671,914372.3274628634,0.0,14202,106,18651,16.97755636833608,442,0.9490032051673447,0.036757086731918354,0.9966481979737117,0.036757086731918354,1280302.452863406,68,0.15384615384615385,1.0,1.0,1.0,0.47019742045449076,1066653.4988295995,1280302.4528634057,0.07743166783098755,0.15384615384615385,1204.686605765074,2077.3517052477064,0.3213726939802808,nan,nan,nan,nan,nan,868,70,0,16250,16249,0
42,on,16500,536,0.9379132609140495,857601.9313402633,914372.3274628634,0.0,14401,107,18992,17.39642494916916,442,0.947859990372816,0.03886578938090161,0.9907883685373016,0.03886578938090161,1289852.450662889,68,0.15384615384615385,1.0,1.0,1.0,0.48277095060229214,1101377.3164551307,1289852.450662889,0.08012065737530444,0.15384615384615385,1186.3587290826654,2077.3517052477064,0.3231116223146595,nan,nan,nan,nan,nan,868,70,0,16500,16499,0
42,on,16750,556,0.9377665354685683,857467.7696531806,914372.3274628634,0.0,14593,108,19389,17.1234998870641,442,0.9477109646460281,0.03805403419894218,0.9980727132079247,0.03805403419894218,1288152.9223772923,68,0.15384615384615385,1.0,1.0,1.0,0.4801032360160411,1087352.1831419151,1288152.9223772923,0.08058205589792242,0.15384615384615385,1184.3857630961552,2077.3517052477064,0.32295401565109727,nan,nan,nan,nan,nan,868,70,0,16750,16749,0
42,on,17000,541,0.9369277531197842,856700.8102846881,914372.3274628634,0.0,14796,113,19779,17.10235127620399,442,0.9482605594042687,0.038079176276804565,1.0,0.038079176276804565,1285422.0124300427,68,0.15384615384615385,1.0,1.0,1.0,0.47452146420123675,1052449.3868032873,1285422.0124300427,0.082806082978757,0.15384615384615385,1173.106948853618,2077.3517052477064,0.3229342840263858,nan,nan,nan,nan,nan,868,70,0,17000,16999,0
42,on,17250,556,0.93767978897884,857388.4510634685,914372.3274628634,0.0,14973,123,20123,17.175560921430588,442,0.9480281077525471,0.03860869206012037,0.9978877301390329,0.03860869206012037,1284552.65418801,68,0.15384615384615385,1.0,1.0,1.0,0.4741461184557587,1062186.5809580032,1284552.65418801,0.08101915742628756,0.15384615384615385,1183.2193132474463,2077.3517052477064,0.32251361696110026,nan,nan,nan,nan,nan,868,70,0,17250,17249,0
42,on,17500,545,0.9357137817513157,855590.7884590284,914372.3274628634,0.0,15135,127,20516,17.42155017890036,442,0.9457211781161624,0.04200908458886994,0.9990363566039624,0.04200908458886994,1303674.4678806358,68,0.15384615384615385,1.0,1.0,1.0,0.5045207164614347,1145885.1331263024,1303674.4678806358,0.08462119170777223,0.15384615384615385,1156.7830984762686,2077.3517052477064,0.3257436905465685,nan,nan,nan,nan,nan,868,70,0,17500,17499,0
42,on,17750,514,0.9381973548738116,857861.6989954691,914372.3274628634,0.0,15295,128,20962,17.313173232600093,442,0.9482526332810852,0.0382770276627777,0.9965027441418346,0.0382770276627777,1287374.0465863072,68,0.15384615384615385,1.0,1.0,1.0,0.47838359639722516,1091015.438462278,1287374.0465863075,0.07958802458010444,0.15384615384615385,1190.1788416592217,2077.3517052477064,0.322657071798947,nan,nan,nan,nan,nan,868,70,0,17750,17749,0
42,on,18000,501,0.9398989968176132,859417.6333001314,914372.3274628634,0.0,15498,128,21319,17.091730115935206,442,0.9501865755283602,0.03614270334789066,0.9931427003686585,0.03614270334789066,1276075.047422485,68,0.15384615384615385,1.0,1.0,1.0,0.46295334448278824,1051482.3488248829,1276075.0474224845,0.07620443020687817,0.15384615384615385,1213.0602284924898,2077.3517052477064,0.32054681720541245,nan,nan,nan,nan,nan,868,70,0,18000,17999,0
42,on,18250,502,0.9397279649425975,859261.2464865029,914372.3274628634,0.0,15687,130,21725,17.187658781185746,442,0.9491206071463234,0.037871231679548145,0.9944649229759717,0.037871231679548145,1283292.664935973,68,0.15384615384615385,1.0,1.0,1.0,0.47535359777887387,1095028.5825325705,1283292.664935973,0.07617963657416967,0.15384615384615385,1210.7604224097204,2077.3517052477064,0.32158364049125976,nan,nan,nan,nan,nan,868,70,0,18250,18249,0
42,on,18500,493,0.9410990209372045,860514.9021473738,914372.3274628634,0.0,15879,133,22092,17.11783059872687,442,0.949848864080099,0.03728543668687445,0.9889911129159968,0.03728543668687445,1283274.3508187914,68,0.15384615384615385,1.0,1.0,1.0,0.47433635170187527,1121659.2212862752,1283274.3508187914,0.07297382146652022,0.15384615384615385,1229.196535069584,2077.3517052477064,0.3210632579607007,nan,nan,nan,nan,nan,868,70,0,18500,18499,0
42,on,18750,501,0.9419606434812597,861302.745958376,914372.3274628634,0.0,16085,136,22431,16.802609147503972,442,0.9529102726039133,0.03510095026031558,0.9921631370134458,0.03510095026031558,1275771.568317611,68,0.15384615384615385,1.0,1.0,1.0,0.46534329071084213,1089407.3076831328,1275771.568317611,0.07141128238983879,0.15384615384615385,1240.7824734666742,2077.3517052477064,0.31972710262799153,nan,nan,nan,nan,nan,868,70,0,18750,18749,0
42,on,19000,523,0.9413966336988238,860787.0310208981,914372.3274628634,0.0,16292,136,22783,17.241313295438886,442,0.9510852898782511,0.035551507558070496,0.9923146327259946,0.035551507558070496,1274175.8234889572,68,0.15384615384615385,1.0,1.0,1.0,0.4616928612203066,1068249.320677646,1274175.8234889572,0.07280299320961628,0.15384615384615385,1233.1984302684707,2077.3517052477064,0.3197721625263854,nan,nan,nan,nan,nan,868,70,0,19000,18999,0
42,on,19250,517,0.9387405713024635,858358.4010656516,914372.3274628634,0.0,16467,138,23165,17.394149580970407,442,0.9482892504479415,0.03931477230236565,0.9975500319327807,0.03931477230236565,1290147.2165578413,68,0.15384615384615385,1.0,1.0,1.0,0.4853395703508543,1119962.5633086483,1290147.2165578413,0.07811459197764868,0.15384615384615385,1197.4832838677867,2077.3517052477064,0.32279938069770897,nan,nan,nan,nan,nan,868,70,0,19250,19249,0
42,on,19500,541,0.9400797212644384,859582.8827332044,914372.3274628634,0.0,16647,139,23493,17.134992180392146,442,0.9498248718231327,0.0371142353824935,0.9975472190100749,0.0371142353824935,1282748.9043062988,68,0.15384615384615385,1.0,1.0,1.0,0.4740509720814676,1098411.8569344413,1282748.9043062984,0.07538225456649673,0.15384615384615385,1215.490367214152,2077.3517052477064,0.32135371915225286,nan,nan,nan,nan,nan,868,70,0,19500,19499,0
42,on,19750,517,0.9407796377446415,860222.8669942373,914372.3274628634,0.0,16849,141,23838,17.192699583247304,442,0.9503560238853824,0.03755043540744518,0.9987151421386165,0.03755043540744518,1289779.5154610209,68,0.15384615384615385,1.0,1.0,1.0,0.4839959217001073,1157762.9263282267,1289779.5154610209,0.07334290916950362,0.15384615384615385,1224.9019004646345,2077.3517052477064,0.3220239982527038,nan,nan,nan,nan,nan,868,70,0,19750,19749,0
42,on,20000,532,0.9396722203877895,859210.2752081798,914372.3274628634,0.0,17072,143,24184,17.195944925770164,442,0.9506936361792003,0.03773299745858039,0.9979538797217258,0.03773299745858039,1286549.408873025,68,0.15384615384615385,1.0,1.0,1.0,0.47992969415686826,1115097.6578105504,1286549.408873025,0.07611830688507296,0.15384615384615385,1210.010844787319,2077.3517052477064,0.32200759878418217,29271069.338,3.1646965254480093,7169096.455999999,0.7751003006730275,462.4625,868,70,0,20000,19999,0
43,off,250,53,0.9994232026339858,898128.0805219878,898646.4174085271,0.0,1912,0,41,9.493959767743945,436,0.9991671628578601,4.387279021458263e-05,0.0797632127746919,4.387279021458263e-05,1057347.897935593,59,0.1353211009174312,1.0,1.0,11.0,0.34431774526778414,1670198.7913163838,1057347.8979355933,0.0012904213442848764,0.1353211009174312,1966.5542032473174,2074.5394762079472,0.27093355030742017,nan,nan,nan,nan,nan,0,0,0,0,0,0
43,off,500,57,0.9990466780950786,897789.7180940325,898646.4174085271,0.0,1914,0,57,8.060782188549638,436,0.9988772820653959,7.235221146825925e-05,0.11579929649116771,7.235221146825925e-05,1056825.3163207222,59,0.1353211009174312,1.0,1.0,11.0,0.34448053084251495,1665237.5872732115,1056825.3163207222,0.0014318338618402326,0.1353211009174312,1960.8192468412938,2074.5394762079472,0.2709673739043661,nan,nan,nan,nan,nan,0,0,0,0,0,0
43,off,750,88,0.9966844878660805,895666.9443075059,898646.4174085271,0.0,1918,0,85,8.572746416553855,436,0.9968409945654327,0.0006887681134104712,0.47361397433175545,0.0006887681134104712,1051470.5730361426,59,0.1353211009174312,1.0,1.0,11.0,0.347915222911507,1617471.8322038136,1051470.5730361429,0.002493811637495961,0.1353211009174312,1924.8400301205024,2074.5394762079472,0.27163685730454534,nan,nan,nan,nan,nan,0,0,0,0,0,0
43,off,1000,183,0.9924129293740074,891828.3235718533,898646.4174085271,0.0,1924,0,161,8.539949232712388,436,0.9939179995727764,0.0024385632685687587,0.955912470941624,0.0024385632685687587,1043699.5815811486,59,0.1353211009174312,1.0,1.0,11.0,0.35493214568070397,1539542.0114666214,1043699.5815811486,0.005170766883710841,0.1353211009174312,1859.7786617196143,2074.5394762079472,0.2727156675127298,nan,nan,nan,nan,nan,0,0,0,0,0,0
43,off,1250,267,0.9878805283255302,887755.2976073807,898646.4174085271,0.0,1961,0,225,8.989665135741234,436,0.9903021239183529,0.003727427190824725,0.9824365492051039,0.003727427190824725,1029135.4131665943,59,0.1353211009174312,1.0,1.0,11.0,0.3545140590722393,1402155.2055012186,1029135.4131665942,0.009157096852977978,0.1353211009174312,1790.7443233387216,2074.5394762079472,0.2731258522984046,nan,nan,nan,nan,nan,0,0,0,0,0,0
43,off,1500,310,0.9842268251664505,884471.9103531996,898646.4174085271,0.0,2028,0,299,8.985454559326172,436,0.9878996132633512,0.005857274051260743,0.9841801719394817,0.005857274051260743,1030359.6222059806,59,0.1353211009174312,1.0,1.0,11.0,0.3636349689040068,1381211.594586813,1030359.6222059806,0.013084959744289014,0.1353211009174312,1735.093691911922,2074.5394762079472,0.2745410057780713,nan,nan,nan,nan,nan,0,0,0,0,0,0
43,off,1750,460,0.9751423012164117,876308.1354516351,898646.4174085271,0.0,2094,1,411,9.66351680457592,436,0.9813269739555861,0.012134932778800556,0.9743628543447636,0.012134932778800556,1050928.2283502927,59,0.1353211009174312,1.0,1.0,11.0,0.4001483106859254,1435429.1129833045,1050928.2283502924,0.025419477109800657,0.1353211009174312,1596.7246257837105,2074.5394762079472,0.2800985756277987,nan,nan,nan,nan,nan,0,0,0,0,0,0
43,off,2000,565,0.9708480789517716,872449.1479979604,898646.4174085271,0.0,2292,1,599,10.44621373526752,436,0.9762682327146167,0.016931695688573722,0.9911933794345571,0.016931695688573722,1066353.5731431681,60,0.13761467889908258,1.0,1.0,11.25,0.4214303024062196,1494221.732612979,1066353.573143168,0.030055620410225286,0.13761467889908258,1552.8715298418613,2072.5448303389594,0.2835671073681554,nan,nan,nan,nan,nan,0,0,0,0,0,0
43,off,2250,606,0.9674084536964567,869358.1410850438,898646.4174085271,0.0,2547,1,891,10.387064276263118,436,0.9740290418322199,0.020018244159388767,0.9899125961473463,0.020018244159388767,1075047.1622731525,60,0.13761467889908258,1.0,1.0,11.25,0.43706462221651776,1508931.014204219,1075047.1622731525,0.03601636806572995,0.13761467889908258,1501.3547479599163,2072.5448303389594,0.28577040452288793,nan,nan,nan,nan,nan,0,0,0,0,0,0
43,off,2500,647,0.9668149459121007,868824.7874409282,898646.4174085271,0.0,2795,1,1105,10.34097496047616,436,0.9730079356241202,0.021068105295999506,0.991443854286608,0.021068105295999506,1093003.5857415148,60,0.13761467889908258,1.0,1.0,11.25,0.45345783315114807,1630588.796879711,1093003.5857415148,0.03653585548601519,0.13761467889908258,1492.465520557989,2072.5448303389594,0.2878803228538127,nan,nan,nan,nan,nan,0,0,0,0,0,0
43,off,2750,614,0.9664240293766443,868473.4916968346,898646.4174085271,0.0,3124,1,1322,9.950788212940097,436,0.9725291589958519,0.02136348873055604,0.9895522034350616,0.02136348873055604,1094648.280029833,60,0.13761467889908258,1.0,1.0,11.25,0.45473662105614054,1636652.8007363244,1094648.280029833,0.03722110575826758,0.13761467889908258,1486.6105914897623,2072.5448303389594,0.2881994102197405,nan,nan,nan,nan,nan,0,0,0,0,0,0
43,off,3000,696,0.9625468652285202,864989.292025418,898646.4174085271,0.0,3431,1,1684,10.426446240395308,436,0.9685672345131755,0.023654870404265196,0.9769913579402921,0.023654870404265196,1099955.3334816536,60,0.13761467889908258,1.0,1.0,11.25,0.46289284233795835,1613623.656010199,1099955.3334816536,0.04474747265593746,0.13761467889908258,1428.540596966153,2072.5448303389594,0.2902881188929374,nan,nan,nan,nan,nan,0,0,0,0,0,0
43,off,3250,630,0.9636285228516929,865961.3197733448,898646.4174085271,0.0,3787,2,1987,10.389300024136901,436,0.9699347619609731,0.02206202294617808,0.9982971736234423,0.02206202294617808,1096069.4294021542,60,0.13761467889908258,1.0,1.0,11.25,0.4528412517949394,1603154.568169874,1096069.429402154,0.04267523209296079,0.13761467889908258,1444.741059431601,2072.5448303389594,0.2890340051043001,nan,nan,nan,nan,nan,0,0,0,0,0,0
43,off,3500,664,0.9619462924465327,864449.5894464919,898646.4174085271,0.0,4109,2,2335,10.615264313295484,436,0.9682580160664143,0.023716267930596086,0.9851403020958479,0.023716267930596086,1106317.294931096,60,0.13761467889908258,1.0,1.0,11.25,0.4619662171104504,1649792.8026233702,1106317.2949310958,0.045741648794427964,0.13761467889908258,1419.545553984053,2072.5448303389594,0.29049338907668565,nan,nan,nan,nan,nan,0,0,0,0,0,0
43,off,3750,692,0.9612340197599508,863809.5081484772,898646.4174085271,0.0,4386,2,2623,10.113494142889977,436,0.9682096118071363,0.024019551300384683,0.9982971736234423,0.024019551300384683,1106174.5625955597,60,0.13761467889908258,1.0,1.0,11.25,0.46037343558114596,1636642.353906227,1106174.5625955597,0.047254512415599206,0.13761467889908258,1408.8775323504738,2072.5448303389594,0.29064121051223313,nan,nan,nan,nan,nan,0,0,0,0,0,0
43,off,4000,718,0.9598860993224333,862598.2042763503,898646.4174085271,0.0,4685,2,2977,10.775136824697256,436,0.966986326323973,0.024874428345233325,0.9969603659295888,0.024874428345233325,1103640.9623423766,60,0.13761467889908258,1.0,1.0,11.25,0.46882007933475633,1594770.9102466772,1103640.9623423766,0.05028833335912497,0.13761467889908258,1388.6891344816918,2072.5448303389594,0.29148856569061343,nan,nan,nan,nan,nan,0,0,0,0,0,0
43,off,4250,714,0.9599349519295348,862642.1054967032,898646.4174085271,0.0,4935,2,3420,10.481680810451508,436,0.9670642853978649,0.024084988586948634,0.9965571857106255,0.024084988586948634,1097307.3543939996,60,0.13761467889908258,1.0,1.0,11.25,0.45892509809550464,1549609.2513967329,1097307.3543939996,0.050470420738638035,0.13761467889908258,1389.4208214875737,2072.5448303389594,0.29096159127966326,nan,nan,nan,nan,nan,0,0,0,0,0,0
43,off,4500,786,0.9565130695363266,859567.0431432533,898646.4174085271,0.0,5230,2,3763,10.731286693364382,436,0.9647486723691685,0.026772911321076464,0.9950745302116789,0.026772911321076464,1110376.140408318,60,0.13761467889908258,1.0,1.0,11.25,0.47600555229890307,1581924.9357789713,1110376.140408318,0.05764104163566028,0.13761467889908258,1338.169782263409,2072.5448303389594,0.293492426257113,nan,nan,nan,nan,nan,0,0,0,0,0,0
43,off,4750,772,0.9576225628082355,860564.0852971931,898646.4174085271,0.0,5559,4,4089,10.491526544094086,436,0.9649957146492159,0.02601241916235828,0.9986631923061465,0.02601241916235828,1108806.5369411143,60,0.13761467889908258,1.0,1.0,11.25,0.47168526424334023,1591329.0479745166,1108806.5369411143,0.0551399075999874,0.13761467889908258,1354.787151495741,2072.5448303389594,0.29296151930553593,nan,nan,nan,nan,nan,0,0,0,0,0,0
43,off,5000,802,0.9549842829962163,858193.2045960007,898646.4174085271,0.0,5836,4,4615,11.109842890873551,436,0.9627173050250715,0.028640159728239627,0.992841121082772,0.028640159728239627,1118144.4666797721,60,0.13761467889908258,1.0,1.0,11.25,0.48880346828601073,1608920.2513023682,1118144.4666797721,0.06086566983292401,0.13761467889908258,1315.2724731425324,2072.5448303389594,0.29506267587361856,nan,nan,nan,nan,nan,0,0,0,0,0,0
43,off,5250,778,0.9556328323559483,858776.0211546365,898646.4174085271,0.0,6087,4,5110,10.995104480534792,436,0.9630551207799407,0.028360145233150447,0.9979125741726085,0.028360145233150447,1120311.1750048797,60,0.13761467889908258,1.0,1.0,11.25,0.4906241652377361,1637270.779150331,1120311.1750048797,0.05919950898717397,0.13761467889908258,1324.9860824531281,2072.5448303389594,0.2951894779005566,nan,nan,nan,nan,nan,0,0,0,0,0,0
43,off,5500,769,0.9553476710458856,858519.7619649651,898646.4174085271,0.0,6340,4,5604,11.430108431726694,436,0.9628981143425828,0.028629770115676627,0.9969232043933297,0.028629770115676627,1122033.4353850721,60,0.13761467889908258,1.0,1.0,11.25,0.48617537297135827,1644263.2695213181,1122033.435385072,0.059785974660545325,0.13761467889908258,1320.7150959586068,2072.5448303389594,0.2951704481301538,nan,nan,nan,nan,nan,0,0,0,0,0,0
43,off,5750,788,0.9532321085908303,856618.6193439257,898646.4174085271,0.0,6522,6,6050,10.793948415666819,436,0.9610900641932042,0.030717206707352642,0.9891424736628647,0.030717206707352642,1137364.4098359742,60,0.13761467889908258,1.0,1.0,11.25,0.5059173751162045,1713714.5959664509,1137364.4098359742,0.06405626408669089,0.13761467889908258,1289.029385607949,2072.5448303389594,0.29755331849288136,nan,nan,nan,nan,nan,0,0,0,0,0,0
43,off,6000,774,0.9546939680624279,857932.3141208317,898646.4174085271,0.0,6726,9,6558,11.20790459215641,436,0.9620903135325964,0.0292764357946874,0.9988647824156281,0.0292764357946874,1132003.1179538874,60,0.13761467889908258,1.0,1.0,11.25,0.49276356385055253,1703930.9030642384,1132003.1179538874,0.06081290924249855,0.13761467889908258,1310.9242985563824,2072.5448303389594,0.2960051119472753,nan,nan,nan,nan,nan,0,0,0,0,0,0
43,off,6250,775,0.9547003832610208,857938.0791160641,898646.4174085271,0.0,6960,14,7083,10.69938600435853,436,0.9619024751760681,0.029470770551404086,0.9982971736234423,0.029470770551404086,1135713.8688997622,60,0.13761467889908258,1.0,1.0,11.25,0.5005881113408057,1731021.9022638428,1135713.8688997622,0.060598920686769434,0.13761467889908258,1311.0203818102555,2072.5448303389594,0.29657474181449905,nan,nan,nan,nan,nan,0,0,0,0,0,0
43,off,6500,761,0.9572042552826179,860188.1747379218,898646.4174085271,0.0,7161,17,7512,10.98419876396656,436,0.9646816487731433,0.02779709738930062,0.9967773565882366,0.02779709738930062,1129567.4970333343,60,0.13761467889908258,1.0,1.0,11.25,0.49041803422411756,1734402.0904679738,1129567.4970333346,0.055075504072978065,0.13761467889908258,1348.5219755078847,2072.5448303389594,0.29466926393403625,nan,nan,nan,nan,nan,0,0,0,0,0,0
43,off,6750,742,0.9548772267618756,858096.9988945492,898646.4174085271,0.0,7386,25,8001,10.618931652978063,436,0.9628249025810671,0.028150350223040844,0.9932646747353474,0.028150350223040844,1129822.110740339,60,0.13761467889908258,1.0,1.0,11.25,0.48641630481089093,1691681.309306969,1129822.110740339,0.06049192959020151,0.13761467889908258,1313.669044785008,2072.5448303389594,0.29560424305044397,nan,nan,nan,nan,nan,0,0,0,0,0,0
43,off,7000,796,0.954907278078198,858124.0044023008,898646.4174085271,0.0,7590,28,8519,10.919155595824122,436,0.9621290052294115,0.028353697401819197,0.994611328737634,0.028353697401819197,1133410.4251206527,60,0.13761467889908258,1.0,1.0,11.25,0.48939421183011267,1718345.338254212,1133410.4251206527,0.060228907955980245,0.13761467889908258,1314.1191365808693,2072.5448303389594,0.2960956285478564,nan,nan,nan,nan,nan,0,0,0,0,0,0
43,off,7250,768,0.9542612870512674,857543.4868802716,898646.4174085271,0.0,7827,31,8954,10.771472088992596,436,0.9615400718546822,0.029027315652529726,0.9982971736234423,0.029027315652529726,1134384.0075272731,60,0.13761467889908258,1.0,1.0,11.25,0.49256852273989726,1712682.9582346072,1134384.0075272731,0.0617223803589985,0.13761467889908258,1304.4438445470475,2072.5448303389594,0.2964236008095573,nan,nan,nan,nan,nan,0,0,0,0,0,0
43,off,7500,782,0.9532312442264288,856617.842585953,898646.4174085271,0.0,8032,35,9320,10.692686695605516,436,0.9613835291632197,0.028002989519528138,0.9963588294078582,0.028002989519528138,1127856.8139663986,60,0.13761467889908258,1.0,1.0,11.25,0.4792972548470751,1644608.5708590755,1127856.8139663986,0.06459837958384221,0.13761467889908258,1289.0164396417365,2072.5448303389594,0.29589316528004184,nan,nan,nan,nan,nan,0,0,0,0,0,0
43,off,7750,821,0.9514668746649513,855032.2982005465,898646.4174085271,0.0,8257,39,9899,10.705337319523096,436,0.9595180938079827,0.03127067177396893,0.9946007387248211,0.03127067177396893,1142467.4292966106,60,0.13761467889908258,1.0,1.0,11.25,0.504646473024644,1714464.8980877406,1142467.4292966106,0.06814643453102878,0.13761467889908258,1262.590699884964,2072.5448303389594,0.29850895769968266,nan,nan,nan,nan,nan,0,0,0,0,0,0
43,off,8000,815,0.9507424351863841,854381.2832585028,898646.4174085271,0.0,8445,44,10565,11.032747412100434,436,0.9588426202929912,0.032808408761351916,0.9929978030699924,0.032808408761351916,1149211.527500719,60,0.13761467889908258,1.0,1.0,11.25,0.5158771039076209,1748212.8485937594,1149211.527500719,0.06957375974116735,0.13761467889908258,1251.7404508509023,2072.5448303389594,0.2996996811115631,nan,nan,nan,nan,nan,0,0,0,0,0,0
43,off,8250,806,0.9536540413878623,856997.7877403656,898646.4174085271,0.0,8636,49,11024,10.714852064847946,436,0.9609156311180392,0.029725069772431126,0.9858045268535998,0.029725069772431126,1136582.4768250645,60,0.13761467889908258,1.0,1.0,11.25,0.4937221390444797,1716538.1472535776,1136582.4768250647,0.06307049540730103,0.13761467889908258,1295.3488588819484,2072.5448303389594,0.2969867647002904,nan,nan,nan,nan,nan,0,0,0,0,0,0
43,off,8500,780,0.9560611583904406,859160.9348110158,898646.4174085271,0.0,8844,52,11493,10.874083271250129,436,0.9628387040964926,0.027203616338446212,0.9976645321428029,0.027203616338446212,1127717.9564992243,60,0.13761467889908258,1.0,1.0,11.25,0.4812001826032233,1699329.484971039,1127717.9564992245,0.05780564521241877,0.13761467889908258,1331.401310059453,2072.5448303389594,0.2949303089632753,nan,nan,nan,nan,nan,0,0,0,0,0,0
43,off,8750,820,0.955181907750131,858370.7993730975,898646.4174085271,0.0,9036,54,11948,10.821420960128307,436,0.9621843913956603,0.027987574526430564,0.9909182593250255,0.027987574526430564,1129170.6179110126,60,0.13761467889908258,1.0,1.0,11.25,0.48501521334601927,1692902.0663338217,1129170.6179110124,0.05980108903443703,0.13761467889908258,1318.2323860941456,2072.5448303389594,0.2954335696617134,nan,nan,nan,nan,nan,0,0,0,0,0,0
43,off,9000,889,0.9499667322797173,853684.2006204533,898646.4174085271,0.0,9250,55,12519,11.460977302864194,436,0.958191756301284,0.03307108831594682,0.9975373734116375,0.03307108831594682,1152171.5886256988,60,0.13761467889908258,1.0,1.0,11.25,0.5206206312168706,1753158.5655663996,1152171.5886256988,0.07137341815212393,0.13761467889908258,1240.122406883411,2072.5448303389594,0.3003353907807953,nan,nan,nan,nan,nan,0,0,0,0,0,0
43,off,9250,810,0.9526692246158392,856112.7856763833,898646.4174085271,0.0,9495,57,13008,10.891578927636147,436,0.9604802923947827,0.03024925079118625,0.9944151006368254,0.03024925079118625,1139327.3495022024,60,0.13761467889908258,1.0,1.0,11.25,0.5001197720788668,1716524.4016235324,1139327.3495022024,0.06532941054626422,0.13761467889908258,1280.5988244822427,2072.5448303389594,0.2976970555215408,nan,nan,nan,nan,nan,0,0,0,0,0,0
43,off,9500,853,0.9503431375268264,854022.4558472617,898646.4174085271,0.0,9708,57,13511,11.127933543175459,436,0.9575980198858954,0.03245858322297989,0.9967867552780995,0.03245858322297989,1148334.5453640965,60,0.13761467889908258,1.0,1.0,11.25,0.5135716890540796,1733342.7392156632,1148334.5453640963,0.07064520546234337,0.13761467889908258,1245.7599939968823,2072.5448303389594,0.2997078667707316,nan,nan,nan,nan,nan,0,0,0,0,0,0
43,off,9750,820,0.9503417977975048,854021.2519043066,898646.4174085271,0.0,9920,57,14110,11.25620493479073,436,0.9576426015522199,0.03158462866391669,0.9954591296625127,0.03158462866391669,1143173.4601075975,60,0.13761467889908258,1.0,1.0,11.25,0.5055969353270073,1695810.2386751168,1143173.4601075975,0.07096759195475495,0.13761467889908258,1245.7399282809638,2072.5448303389594,0.2989930459110841,nan,nan,nan,nan,nan,0,0,0,0,0,0
43,off,10000,838,0.9518059930981069,855337.045765579,898646.4174085271,0.0,10142,58,14647,11.04626008309424,436,0.9598169575048835,0.030620613387847922,0.9901118101719433,0.030620613387847922,1139767.3083427006,60,0.13761467889908258,1.0,1.0,11.25,0.4981758412933035,1701917.235241228,1139767.3083427004,0.06745385917923216,0.13761467889908258,1267.6698259688385,2072.5448303389594,0.29801333251302253,nan,nan,nan,nan,nan,0,0,0,0,0,0
43,off,10250,797,0.9547755767871369,858005.6515089206,898646.4174085271,0.0,10331,59,15213,10.970696588978171,436,0.9617522052354239,0.02826087152606701,0.9935361324083438,0.02826087152606701,1132977.3330005482,60,0.13761467889908258,1.0,1.0,11.25,0.4875150273672526,1712614.5358987288,1132977.3330005482,0.060565750591928647,0.13761467889908258,1312.1465883578646,2072.5448303389594,0.2960856029029588,nan,nan,nan,nan,nan,0,0,0,0,0,0
43,off,10500,812,0.9555110803957936,858666.609191831,898646.4174085271,0.0,10528,66,15722,11.09837944433093,436,0.9617943146908073,0.028175083828211288,0.9857884010872793,0.028175083828211288,1134191.7622774655,60,0.13761467889908258,1.0,1.0,11.25,0.4927279281775676,1735782.3087323033,1134191.7622774653,0.058760633299445336,0.13761467889908258,1323.1625497397056,2072.5448303389594,0.295921847013487,nan,nan,nan,nan,nan,0,0,0,0,0,0
43,off,10750,834,0.956189255308645,859276.0486476412,898646.4174085271,0.0,10685,67,16234,11.43986482731998,436,0.9620502493011869,0.02992775186731333,0.9956235582357353,0.02992775186731333,1141577.1694416902,60,0.13761467889908258,1.0,1.0,11.25,0.5054537781661845,1802489.0965924761,1141577.1694416902,0.05680859949101156,0.13761467889908258,1333.319874003208,2072.5448303389594,0.29668744544006076,nan,nan,nan,nan,nan,0,0,0,0,0,0
43,off,11000,817,0.951609925174777,855160.85002871,898646.4174085271,0.0,10878,73,16831,11.315364127978683,436,0.9595407193624288,0.031146908831778727,0.9930266526780706,0.031146908831778727,1143338.736805997,60,0.13761467889908258,1.0,1.0,11.25,0.5049541556642729,1723785.523751618,1143338.7368059969,0.06773472461210624,0.13761467889908258,1264.7332303543549,2072.5448303389594,0.298597541886644,nan,nan,nan,nan,nan,0,0,0,0,0,0
43,off,11250,796,0.9516976531268599,855239.6864385558,898646.4174085271,0.0,11091,74,17426,11.379368226975203,436,0.9592709594312415,0.03230214873217144,0.9971619560390704,0.03230214873217144,1148784.784764908,60,0.13761467889908258,1.0,1.0,11.25,0.5144422239339732,1765189.3494034754,1148784.784764908,0.06719449046179833,0.13761467889908258,1266.0471705184534,2072.5448303389594,0.2992742354466382,nan,nan,nan,nan,nan,0,0,0,0,0,0
43,off,11500,795,0.9540990783669169,857397.7186272074,898646.4174085271,0.0,11239,76,17899,10.819845343008637,436,0.9608405270710266,0.030254184072794774,0.9979125741726085,0.030254184072794774,1140269.5184454012,60,0.13761467889908258,1.0,1.0,11.25,0.5030915962550948,1752227.3559150654,1140269.5184454012,0.06179284930013806,0.13761467889908258,1302.0143736626474,2072.5448303389594,0.2972338212348289,nan,nan,nan,nan,nan,0,0,0,0,0,0
43,off,11750,760,0.9552763868113486,858455.7026429808,898646.4174085271,0.0,11427,79,18467,11.182606535032392,436,0.9619551156035437,0.028403095944924593,0.9959598757665491,0.028403095944924593,1132667.8562918142,60,0.13761467889908258,1.0,1.0,11.25,0.4906951711240819,1720154.6135631807,1132667.8562918142,0.05939298102945936,0.13761467889908258,1319.6474405922015,2072.5448303389594,0.2957990464494593,nan,nan,nan,nan,nan,0,0,0,0,0,0
43,off,12000,744,0.9535316620256508,856887.8119649496,898646.4174085271,0.0,11596,82,18946,10.919110804796219,436,0.9614275555541615,0.029644070408702962,0.9918338302137125,0.029644070408702962,1139622.0835246295,60,0.13761467889908258,1.0,1.0,11.25,0.49874376249919483,1736166.0443950186,1139622.0835246292,0.06319931919785278,0.13761467889908258,1293.5159292916812,2072.5448303389594,0.29739439120545375,nan,nan,nan,nan,nan,0,0,0,0,0,0
43,off,12250,868,0.9508684961200794,854494.5674649433,898646.4174085271,0.0,11746,86,19483,11.12229061126709,436,0.9591603888183259,0.03263497752401752,0.9866942452170979,0.03263497752401752,1149106.9202325873,60,0.13761467889908258,1.0,1.0,11.25,0.516599299068085,1750122.5677297562,1149106.9202325873,0.06926035571710458,0.13761467889908258,1253.6285209582434,2072.5448303389594,0.2995620113518702,nan,nan,nan,nan,nan,0,0,0,0,0,0
43,off,12500,806,0.953758159131843,857091.3527779826,898646.4174085271,0.0,11915,87,20126,10.997971592471004,436,0.9603370247533612,0.029425526455543912,0.9977295648312564,0.029425526455543912,1131234.0040342137,60,0.13761467889908258,1.0,1.0,11.25,0.4883412389625832,1679760.856344221,1131234.0040342137,0.06311465348319985,0.13761467889908258,1296.908276175565,2072.5448303389594,0.29613548433611725,nan,nan,nan,nan,nan,0,0,0,0,0,0
43,off,12750,764,0.9555865107778678,858734.3944344458,898646.4174085271,0.0,12134,89,20601,11.208312494680285,436,0.9618577707649052,0.029785238682093314,0.9956421390038649,0.029785238682093314,1142859.7953670837,60,0.13761467889908258,1.0,1.0,11.25,0.5049242944878192,1800229.1364377502,1142859.7953670837,0.058139266157284424,0.13761467889908258,1324.2923037832827,2072.5448303389594,0.2971204353835786,nan,nan,nan,nan,nan,0,0,0,0,0,0
43,off,13000,794,0.9551768107485609,858366.2189708969,898646.4174085271,0.0,12291,90,21008,10.76509871520102,436,0.9619316085028555,0.02961765009951498,0.9933078754149792,0.02961765009951498,1140625.428491663,60,0.13761467889908258,1.0,1.0,11.25,0.5016870731006802,1776041.031921389,1140625.428491663,0.059212515780394874,0.13761467889908258,1318.1560460574703,2072.5448303389594,0.2969663980430477,nan,nan,nan,nan,nan,0,0,0,0,0,0
43,off,13250,849,0.952060784640233,855566.0132720966,898646.4174085271,0.0,12442,92,21698,11.331486275419593,436,0.9593155390369699,0.030963800657276854,0.9913935894062372,0.030963800657276854,1140218.6568272472,60,0.13761467889908258,1.0,1.0,11.25,0.500485514983976,1710482.1149070566,1140218.6568272472,0.06678929377061028,0.13761467889908258,1271.4859510774636,2072.5448303389594,0.2979166230773167,nan,nan,nan,nan,nan,0,0,0,0,0,0
43,off,13500,777,0.9536255458061017,856972.1802879046,898646.4174085271,0.0,12617,94,22327,11.04689084738493,436,0.9612371145843581,0.02921930233595606,0.9964211698185873,0.02921930233595606,1133644.2502346265,60,0.13761467889908258,1.0,1.0,11.25,0.49040327373170123,1694614.7702682188,1133644.2502346262,0.0633034320630538,0.13761467889908258,1294.9220680075966,2072.5448303389594,0.2965541563124836,nan,nan,nan,nan,nan,0,0,0,0,0,0
43,off,13750,837,0.9532642093849134,856647.4666075244,898646.4174085271,0.0,12788,95,22778,11.191165171563625,436,0.9603155665637746,0.029552093769933892,0.9974908131855156,0.029552093769933892,1137094.8213884276,60,0.13761467889908258,1.0,1.0,11.25,0.4931265916371841,1712405.1162858668,1137094.8213884276,0.06399284282082028,0.13761467889908258,1289.5101733345944,2072.5448303389594,0.29714327321057454,nan,nan,nan,nan,nan,0,0,0,0,0,0
43,off,14000,794,0.9536737142467514,857015.4666845265,898646.4174085271,0.0,12970,97,23333,10.684459848329425,436,0.9604143580195881,0.0297059890350933,0.9975279747217747,0.0297059890350933,1140787.8252131408,60,0.13761467889908258,1.0,1.0,11.25,0.5003154911749479,1747491.9099335654,1140787.8252131408,0.06279035818723093,0.13761467889908258,1295.643507951298,2072.5448303389594,0.29751174733346875,nan,nan,nan,nan,nan,0,0,0,0,0,0
43,off,14250,800,0.9537881242420563,857118.280816923,898646.4174085271,0.0,13179,103,23933,11.30648560449481,436,0.9608777335181384,0.02939556789961858,0.9904622925695663,0.02939556789961858,1139185.0316560993,60,0.13761467889908258,1.0,1.0,11.25,0.49692190772218514,1738138.553361514,1139185.0316560993,0.06260163167816613,0.13761467889908258,1297.3570768245709,2072.5448303389594,0.29724036487614924,nan,nan,nan,nan,nan,0,0,0,0,0,0
43,off,14500,776,0.9552643537333759,858444.8891605702,898646.4174085271,0.0,13386,109,24377,10.69121491536498,436,0.9625125283015995,0.028648419890621644,0.9959633526190146,0.028648419890621644,1133850.7421960416,60,0.13761467889908258,1.0,1.0,11.25,0.4902046349806728,1728516.1877674519,1133850.7421960416,0.059359427613971553,0.13761467889908258,1319.4672158853573,2072.5448303389594,0.29602657563341506,nan,nan,nan,nan,nan,0,0,0,0,0,0
43,off,14750,791,0.9512199552746651,854810.4049750771,898646.4174085271,0.0,13569,114,24887,11.057630591094494,436,0.9588244394502486,0.03315016172094548,0.9911584740084268,0.03315016172094548,1153550.390652937,60,0.13761467889908258,1.0,1.0,11.25,0.5220109482947171,1789822.9303918218,1153550.390652937,0.06810944060125258,0.13761467889908258,1258.8924794604743,2072.5448303389594,0.30005816083721104,nan,nan,nan,nan,nan,0,0,0,0,0,0
43,off,15000,803,0.9516500782740936,855196.9334675587,898646.4174085271,0.0,13724,116,25355,10.732930894941092,436,0.9590311785928616,0.03280353213913776,0.9966065560613682,0.03280353213913776,1153726.7728639704,60,0.13761467889908258,1.0,1.0,11.25,0.5215648305736442,1800109.5186208165,1153726.7728639704,0.06702494065878671,0.13761467889908258,1265.3346210018337,2072.5448303389594,0.2999449686671649,nan,nan,nan,nan,nan,0,0,0,0,0,0
43,off,15250,831,0.9514134861715061,854984.3208221812,898646.4174085271,0.0,13895,118,25876,10.880312940105796,436,0.9594155785264719,0.03252128425383909,0.9950481369434311,0.03252128425383909,1151696.2962152425,60,0.13761467889908258,1.0,1.0,11.25,0.518953890828888,1780410.3849068189,1151696.2962152425,0.06773390003591344,0.13761467889908258,1261.7910769122068,2072.5448303389594,0.2997071173156227,nan,nan,nan,nan,nan,0,0,0,0,0,0
43,off,15500,829,0.9509036279388864,854526.1385480512,898646.4174085271,0.0,14061,118,26481,11.165367312729359,436,0.9590924666224564,0.03243488007137387,0.9936650607062423,0.03243488007137387,1150037.9032670495,60,0.13761467889908258,1.0,1.0,11.25,0.5165053364006402,1757630.678166301,1150037.9032670495,0.06911538363569593,0.13761467889908258,1254.1547056767106,2072.5448303389594,0.29965424378925865,nan,nan,nan,nan,nan,0,0,0,0,0,0
43,off,15750,791,0.9507105474835208,854352.6274885654,898646.4174085271,0.0,14233,122,27083,11.260683484375477,436,0.9584967280425372,0.03280602540861985,0.9964118620874589,0.03280602540861985,1150655.3000771664,60,0.13761467889908258,1.0,1.0,11.25,0.5160696481116942,1758027.9333850292,1150655.3000771664,0.06956734960963204,0.13761467889908258,1251.2628546852784,2072.5448303389594,0.29986295900090587,nan,nan,nan,nan,nan,0,0,0,0,0,0
43,off,16000,812,0.95143806913802,855006.4122169681,898646.4174085271,0.0,14386,124,27494,11.128660695627332,436,0.9589984184744693,0.03173182549133555,0.9994323912078141,0.03173182549133555,1148230.0315515948,60,0.13761467889908258,1.0,1.0,11.25,0.5098639044244666,1755736.9417292068,1148230.0315515946,0.0678766823324,0.13761467889908258,1262.1592668253247,2072.5448303389594,0.2992826580401351,nan,nan,nan,nan,nan,0,0,0,0,0,0
43,off,16250,864,0.9517498386291903,855286.5827532656,898646.4174085271,0.0,14569,132,28003,11.162810955196619,436,0.9587209801829122,0.032336251226551954,0.9942683863853483,0.032336251226551954,1149387.0852162102,60,0.13761467889908258,1.0,1.0,11.25,0.5147953195618691,1770652.7704325686,1149387.0852162102,0.0670291695236383,0.13761467889908258,1266.8287757636144,2072.5448303389594,0.29934538152291723,nan,nan,nan,nan,nan,0,0,0,0,0,0
43,off,16500,892,0.9501988030978333,853892.7502297384,898646.4174085271,0.0,14758,136,28517,11.459972083568573,436,0.9581404845623872,0.03338543907518709,0.9982971736234423,0.03338543907518709,1153198.8694162446,60,0.13761467889908258,1.0,1.0,11.25,0.520733961924269,1765603.429653799,1153198.8694162446,0.0707155648136173,0.13761467889908258,1243.5982337048283,2072.5448303389594,0.3003690279239237,nan,nan,nan,nan,nan,0,0,0,0,0,0
43,off,16750,812,0.9519793966558727,855492.8742515312,898646.4174085271,0.0,14949,142,29071,11.55353263951838,436,0.9592707376682358,0.03194605807935429,0.9994138104396846,0.03194605807935429,1148759.9900669497,61,0.13990825688073394,1.0,1.0,12.0,0.5157555739780828,1850328.1941064629,1148759.9900669495,0.0597070711040669,0.13990825688073394,1312.7905081131382,2067.767075351013,0.2991275528855373,nan,nan,nan,nan,nan,0,0,0,0,0,0
43,off,17000,867,0.9535803756852327,856931.5883206117,898646.4174085271,0.0,15139,142,29516,11.503702908754349,436,0.9610339374980028,0.0314740450434702,0.994946126095707,0.0314740450434702,1151636.5807620117,61,0.13990825688073394,1.0,1.0,12.0,0.518700213710664,1901040.7131978374,1151636.5807620115,0.0558948769348738,0.13990825688073394,1336.375984655442,2067.767075351013,0.2989490058889286,nan,nan,nan,nan,nan,0,0,0,0,0,0
43,off,17250,895,0.951778108620302,855311.9874794984,898646.4174085271,0.0,15368,144,30015,11.303643083199859,436,0.9594877319176468,0.03145805602950731,0.9977295648312564,0.03145805602950731,1148385.1264215936,61,0.13990825688073394,1.0,1.0,12.0,0.5151241597661202,1843790.1739953922,1148385.1264215936,0.06019666414147822,0.13990825688073394,1309.825151194566,2067.767075351013,0.2991384757524891,nan,nan,nan,nan,nan,0,0,0,0,0,0
43,off,17500,876,0.9512946124221383,854877.4953531879,898646.4174085271,0.0,15596,148,30578,11.670487854629755,436,0.9589329678671862,0.03164050588727325,0.9977295648312564,0.03164050588727325,1145732.246189516,61,0.13990825688073394,1.0,1.0,12.0,0.5089795733059086,1815498.2382524752,1145732.246189516,0.061475400710782606,0.13990825688073394,1302.7023294517696,2067.767075351013,0.29895392173144164,nan,nan,nan,nan,nan,0,0,0,0,0,0
43,off,17750,850,0.9496256982293154,853377.7315928454,898646.4174085271,0.0,15811,151,31140,11.460029812529683,436,0.9577776772262782,0.03317770818295813,0.9927563610020383,0.03317770818295813,1152098.54059799,61,0.13990825688073394,1.0,1.0,12.0,0.520182736915328,1828124.8439839566,1152098.54059799,0.06512817637376868,0.13990825688073394,1278.1160382986147,2067.767075351013,0.3004006222286255,nan,nan,nan,nan,nan,0,0,0,0,0,0
43,off,18000,814,0.9528836381193116,856305.4676031228,898646.4174085271,0.0,15975,155,31651,11.699979254975915,436,0.9600483303002592,0.03032189161333069,0.9972192708892387,0.03032189161333069,1139009.2794741378,61,0.13990825688073394,1.0,1.0,12.0,0.5004435540203933,1797782.185431928,1139009.2794741378,0.058111909611373594,0.13990825688073394,1326.111710598246,2067.767075351013,0.2975282267318673,nan,nan,nan,nan,nan,0,0,0,0,0,0
43,off,18250,862,0.9513163875991628,854897.0635380094,898646.4174085271,0.0,16175,158,32248,12.409577991813421,436,0.9585933820083088,0.03193581658783087,0.9897769107608821,0.03193581658783087,1146823.5167713067,61,0.13990825688073394,1.0,1.0,12.0,0.5138144281208397,1823720.2270778106,1146823.5167713067,0.06136541008248642,0.13990825688073394,1303.0231193668783,2067.767075351013,0.29907328356231,nan,nan,nan,nan,nan,0,0,0,0,0,0
43,off,18500,848,0.953267487440069,856650.412420046,898646.4174085271,0.0,16353,160,32800,11.832286916673183,436,0.9603663439732687,0.030529996488252713,0.9902763274603213,0.030529996488252713,1137656.139247494,61,0.13990825688073394,1.0,1.0,12.0,0.4959640566618537,1795297.3985834746,1137656.139247494,0.05729719553790382,0.13990825688073394,1331.766543662563,2067.767075351013,0.29723652947727475,nan,nan,nan,nan,nan,0,0,0,0,0,0
43,off,18750,853,0.949937649604048,853658.0655781545,898646.4174085271,0.0,16513,161,33477,11.31547469459474,436,0.958654003063713,0.03319856947657103,0.9923968597921765,0.03319856947657103,1151709.3327089797,61,0.13990825688073394,1.0,1.0,12.0,0.5191404798403756,1831567.26149455,1151709.3327089797,0.06439406569295768,0.13990825688073394,1282.7116774020444,2067.767075351013,0.30026032632622357,nan,nan,nan,nan,nan,0,0,0,0,0,0
43,off,19000,861,0.9506024873012094,854255.5195928668,898646.4174085271,0.0,16721,164,33931,11.330312076956034,436,0.9588413862497881,0.03199911266793715,0.9982971736234423,0.03199911266793715,1146851.3580521056,61,0.13990825688073394,1.0,1.0,12.0,0.5117762765269644,1809988.8268179037,1146851.3580521056,0.06306333636596584,0.13990825688073394,1292.5060055120814,2067.767075351013,0.29940383864716336,nan,nan,nan,nan,nan,0,0,0,0,0,0
43,off,19250,869,0.9507470195212181,854385.4029545776,898646.4174085271,0.0,16901,164,34469,11.366146560758352,436,0.9584796469319895,0.032032087108833825,0.9947892790746029,0.032032087108833825,1146952.3511228422,61,0.13990825688073394,1.0,1.0,12.0,0.513623859116112,1813546.3094146908,1146952.3511228422,0.06271188577792762,0.13990825688073394,1294.6352409499625,2067.767075351013,0.29932482084929757,nan,nan,nan,nan,nan,0,0,0,0,0,0
43,off,19500,853,0.9518234874457414,855352.7669984057,898646.4174085271,0.0,17077,165,35081,11.364432577043772,436,0.9597414662482904,0.03036868981585805,0.994421738897178,0.03036868981585805,1138721.7125729811,61,0.13990825688073394,1.0,1.0,12.0,0.4985596741692222,1775591.7546140237,1138721.7125729811,0.06060046201578242,0.13990825688073394,1310.4936678979636,2067.767075351013,0.2978358531926515,nan,nan,nan,nan,nan,0,0,0,0,0,0
43,off,19750,829,0.9515354031130346,855093.8810449073,898646.4174085271,0.0,17248,172,35726,11.259449748322368,436,0.9595093630581707,0.0323028942598304,0.9965943472468846,0.0323028942598304,1147944.5598439914,61,0.13990825688073394,1.0,1.0,12.0,0.5122944399341747,1835968.456697623,1147944.5598439914,0.0607892684513403,0.13990825688073394,1306.2496358734015,2067.767075351013,0.2992460696106265,nan,nan,nan,nan,nan,0,0,0,0,0,0
43,off,20000,791,0.9540117137002603,857319.2086825083,898646.4174085271,0.0,17422,174,36255,10.984454430639744,436,0.9615153072559842,0.029045158226670777,0.9941304395839393,0.029045158226670777,1135644.925424227,61,0.13990825688073394,1.0,1.0,12.0,0.49379198604379426,1794699.653682141,1135644.925424227,0.05570132043311717,0.13990825688073394,1342.7304168176786,2067.767075351013,0.29669070477492787,44276541.006,2.9905468242207287,12267589.719000002,0.828583277768397,740.275,0,0,0,0,0,0
43,on,250,47,0.9980584350951848,896901.6370626488,898646.4174085271,0.0,1923,0,36,16.10604951903224,436,0.9978712435395433,0.00014651499662150894,0.16130167005692697,0.00014651499662150894,1055753.8060746426,58,0.13302752293577982,1.0,1.0,10.75,0.3462832422299684,1678497.4135299036,1055753.8060746426,0.0015395922064718349,0.13302752293577982,1954.1899822951527,2072.9063970622483,0.27106207805125204,nan,nan,nan,nan,nan,156,56,0,250,249,0
43,on,500,54,0.997634955198531,896521.0783706763,898646.4174085271,0.0,1923,0,48,15.616329699754715,436,0.9975044481003542,0.0002099578687505508,0.15778844402976233,0.0002099578687505508,1053295.8931322985,58,0.13302752293577982,1.0,1.0,10.75,0.3465153367330407,1658632.7238882906,1053295.8931322983,0.0017184799239750488,0.13302752293577982,1947.6286255370064,2072.9063970622483,0.2711005347868114,nan,nan,nan,nan,nan,182,56,0,500,499,0
43,on,750,92,0.9939565409368236,893215.4845726485,898646.4174085271,0.0,1924,0,77,14.90506681241095,436,0.9942098349500332,0.0019650800269657874,0.7765373112814044,0.0019650800269657874,1053383.0990484755,58,0.13302752293577982,1.0,1.0,10.75,0.3592107883498643,1644091.8803987184,1053383.0990484755,0.00363742892477206,0.13302752293577982,1890.6356290192862,2072.9063970622483,0.2730150231887629,nan,nan,nan,nan,nan,250,56,0,750,749,0
43,on,1000,164,0.9889082100053436,888678.8200671814,898646.4174085271,0.0,1940,0,139,15.926304187625647,436,0.9910221189519665,0.003114998810532796,0.9931519179163067,0.003114998810532796,1031896.9838078344,58,0.13302752293577982,1.0,1.0,10.75,0.3565318197844247,1452550.6187169785,1031896.9838078344,0.007583848598279239,0.13302752293577982,1812.4172754767494,2072.9063970622483,0.2728503131107709,nan,nan,nan,nan,nan,265,58,0,1000,999,0
43,on,1250,195,0.9808483055629884,881435.8158154038,898646.4174085271,0.0,1986,0,249,16.207040743902326,436,0.9846919323974078,0.007196267085261628,0.9837888117356458,0.007196267085261628,1034571.4728441684,58,0.13302752293577982,1.0,1.0,10.75,0.3701724060000171,1402730.3380629388,1034571.4728441684,0.016555364716213928,0.13302752293577982,1687.5378918254112,2072.9063970622483,0.2755483381569299,nan,nan,nan,nan,nan,332,62,0,1250,1249,0
43,on,1500,241,0.9758218812960515,876918.8376555457,898646.4174085271,0.0,2039,0,327,16.013943353667855,436,0.9807698630769758,0.010785479210480045,0.9815472778399695,0.010785479210480045,1044476.9092199357,58,0.13302752293577982,1.0,1.0,10.75,0.38780299103313176,1419894.2858582512,1044476.9092199358,0.02369594459792149,0.13302752293577982,1609.658958034755,2072.9063970622483,0.27879717404165705,nan,nan,nan,nan,nan,398,69,0,1500,1499,0
43,on,1750,281,0.9724481018207881,873887.0028169738,898646.4174085271,0.0,2138,1,404,16.441888563334942,436,0.9785789623285156,0.014145064329045698,0.9944904260500019,0.014145064329045698,1055052.693320911,58,0.13302752293577982,1.0,1.0,10.75,0.4114022702185043,1455037.9663944335,1055052.6933209111,0.02905122606777846,0.13302752293577982,1557.3859435766199,2072.9063970622483,0.2816548816076796,nan,nan,nan,nan,nan,418,73,0,1750,1749,0
43,on,2000,352,0.968887929894196,870687.6670697834,898646.4174085271,0.0,2275,2,520,16.76196112856269,436,0.9745028323195539,0.01719479775905894,0.9977427646652816,0.01719479775905894,1066308.2058254587,58,0.13302752293577982,1.0,1.0,10.75,0.4277274057397602,1487702.9006380967,1066308.2058254587,0.03522504217555041,0.13302752293577982,1502.224982418166,2072.9063970622483,0.2842740189241473,nan,nan,nan,nan,nan,452,81,0,2000,1999,0
43,on,2250,336,0.9665180266484686,868557.9620084057,898646.4174085271,0.0,2461,6,741,17.069550719112158,436,0.9724911082798519,0.018803156345201022,0.9862539124738333,0.018803156345201022,1072191.0411607197,58,0.13302752293577982,1.0,1.0,10.75,0.4390039197149329,1494422.0543845252,1072191.0411607197,0.03968486290691561,0.13302752293577982,1465.5059296357886,2072.9063970622483,0.28578431286085304,nan,nan,nan,nan,nan,488,81,0,2250,2249,0
43,on,2500,341,0.9659345106927723,868033.5874853184,898646.4174085271,0.0,2664,10,888,16.986947836354375,436,0.9724099026491655,0.01897187465053586,0.9928908211163762,0.01897187465053586,1071289.6634221561,58,0.13302752293577982,1.0,1.0,10.75,0.4374366928456952,1478053.4064330652,1071289.6634221561,0.0409094374071665,0.13302752293577982,1456.4649895825596,2072.9063970622483,0.28584296333697945,nan,nan,nan,nan,nan,523,81,0,2500,2499,0
43,on,2750,351,0.9654346183391623,867584.3610126569,898646.4174085271,0.0,2880,12,1032,16.86382052861154,436,0.9722725336076844,0.019242594427533295,0.9893318636306148,0.019242594427533295,1070624.2570904307,58,0.13302752293577982,1.0,1.0,10.75,0.4369833106999015,1464720.6331696773,1070624.2570904305,0.041969978358415955,0.13302752293577982,1448.7197055711551,2072.9063970622483,0.28597713300020544,nan,nan,nan,nan,nan,531,81,0,2750,2749,0
43,on,3000,389,0.9608655506944288,863478.3847428199,898646.4174085271,0.0,3074,14,1267,17.443807372823358,436,0.9674821321852045,0.022334308659070486,0.9902723781380456,0.022334308659070486,1083524.6958226499,58,0.13302752293577982,1.0,1.0,10.75,0.4538574968040654,1480732.1081346788,1083524.6958226499,0.051410502219208384,0.13302752293577982,1377.9270112636225,2072.9063970622483,0.28934714343890966,nan,nan,nan,nan,nan,564,81,0,3000,2999,0
43,on,3250,390,0.9600618667649702,862756.1570588831,898646.4174085271,0.0,3267,14,1454,16.833978349342942,436,0.9671198246094811,0.022035413736338896,0.9915941768095597,0.022035413736338896,1081125.3089734027,58,0.13302752293577982,1.0,1.0,10.75,0.44854188241487103,1447555.307539435,1081125.3089734027,0.05338751119131357,0.13302752293577982,1365.4748098164353,2072.9063970622483,0.28926917281551834,nan,nan,nan,nan,nan,573,81,0,3250,3249,0
43,on,3500,434,0.9562039408550681,859289.2457613221,898646.4174085271,0.0,3473,20,1761,16.760710576549172,436,0.9630090688909445,0.02634519805201203,0.9972162492569533,0.02634519805201203,1094429.978533375,58,0.13302752293577982,1.0,1.0,10.75,0.4716597568169525,1471150.0210316675,1094429.9785333748,0.06202727824828219,0.13302752293577982,1305.7004770998644,2072.9063970622483,0.2923803178993736,nan,nan,nan,nan,nan,599,81,0,3500,3499,0
43,on,3750,425,0.9558995890608528,859015.7411118187,898646.4174085271,0.0,3660,22,2018,16.862039115279913,436,0.9631691873899891,0.026239433355706308,0.9908386258094027,0.026239433355706308,1096188.517833974,58,0.13302752293577982,1.0,1.0,10.75,0.4736692623172978,1478076.981249868,1096188.5178339737,0.0626913843969459,0.13302752293577982,1300.9848796946362,2072.9063970622483,0.2927834173716448,nan,nan,nan,nan,nan,617,81,0,3750,3749,0
43,on,4000,417,0.9538092706986822,857137.2840044107,898646.4174085271,0.0,3841,28,2398,16.9294043648988,436,0.9609811482198081,0.02902198209495087,0.9908854564937934,0.02902198209495087,1111414.310601852,58,0.13302752293577982,1.0,1.0,10.75,0.4931630866685863,1548274.2816538045,1111414.310601852,0.0671299575772147,0.13302752293577982,1268.5976881875993,2072.9063970622483,0.29532037748768847,nan,nan,nan,nan,nan,642,81,0,4000,3999,0
43,on,4250,409,0.9554959744237975,858653.0342642153,898646.4174085271,0.0,4040,33,2587,16.63560751080513,436,0.9624680488442791,0.027083127722041526,0.9941703655101647,0.027083127722041526,1099378.2515177568,58,0.13302752293577982,1.0,1.0,10.75,0.4794787773662186,1493650.8672047206,1099378.2515177568,0.0635264103681831,0.13302752293577982,1294.7313133566429,2072.9063970622483,0.29334473504515013,nan,nan,nan,nan,nan,647,81,0,4250,4249,0
43,on,4500,439,0.9538155815042045,857142.9551871844,898646.4174085271,0.0,4231,36,2860,16.71678264811635,436,0.9612652671331334,0.028374378214344718,0.9911012442148149,0.028374378214344718,1106255.2281696089,58,0.13302752293577982,1.0,1.0,10.75,0.4899255966970293,1509628.5706806886,1106255.2281696089,0.06742662488061764,0.13302752293577982,1268.69546720094,2072.9063970622483,0.294857987287215,nan,nan,nan,nan,nan,651,81,0,4500,4499,0
43,on,4750,437,0.9535577639619097,856911.2683764561,898646.4174085271,0.0,4419,36,3162,16.982657868415117,436,0.9607666188889966,0.02838220516828268,0.9959437203550294,0.02838220516828268,1103899.4288217453,58,0.13302752293577982,1.0,1.0,10.75,0.4857649939927222,1486335.324085519,1103899.4288217453,0.06824344489447419,0.13302752293577982,1264.7008670159694,2072.9063970622483,0.2946168610070792,nan,nan,nan,nan,nan,651,81,0,4750,4749,0
43,on,5000,426,0.9535297702708279,856886.1119462553,898646.4174085271,0.0,4598,36,3562,16.805268984287977,436,0.9600061194963116,0.028513177206671816,0.9898777916579395,0.028513177206671816,1101930.5756927447,58,0.13302752293577982,1.0,1.0,10.75,0.4830958551364788,1470926.9923582198,1101930.5756927445,0.06843877516120513,0.13302752293577982,1264.2671354607828,2072.9063970622483,0.29438066448365485,nan,nan,nan,nan,nan,662,81,0,5000,4999,0
43,on,5250,408,0.9543233184078714,857599.2311366508,898646.4174085271,0.0,4750,36,3743,16.342559168115258,436,0.9619228631820352,0.02648918867138305,0.9915906100513096,0.02648918867138305,1097275.534755294,58,0.13302752293577982,1.0,1.0,10.75,0.47134073022490774,1453042.3488669419,1097275.534755294,0.06665498817868705,0.13302752293577982,1276.5622939158768,2072.9063970622483,0.29350482999718563,nan,nan,nan,nan,nan,662,81,0,5250,5249,0
43,on,5500,435,0.9543631483140377,857635.0241391328,898646.4174085271,0.0,4869,37,4037,17.348757412284613,436,0.9615305196888936,0.02617360946638322,0.9985620684014671,0.02617360946638322,1095431.6792844273,58,0.13302752293577982,1.0,1.0,10.75,0.4682961518216595,1440033.4427471196,1095431.679284427,0.06666374203449793,0.13302752293577982,1277.1794146483253,2072.9063970622483,0.2932248618219555,nan,nan,nan,nan,nan,662,81,0,5500,5499,0
43,on,5750,428,0.9534132095902583,856781.3651082509,898646.4174085271,0.0,5009,46,4389,17.18898589722812,436,0.9608190669610492,0.02832234011220807,0.9953576285032318,0.02832234011220807,1105882.581188021,58,0.13302752293577982,1.0,1.0,10.75,0.4894080373288896,1498100.1144465695,1105882.5811880208,0.06849914500429709,0.13302752293577982,1262.4611554951891,2072.9063970622483,0.29497077000072025,nan,nan,nan,nan,nan,662,81,0,5750,5749,0
43,on,6000,403,0.9533878421984876,856758.5687925171,898646.4174085271,0.0,5165,53,4716,17.142643788829446,436,0.9614139594824761,0.028311655306660834,0.9816246264507826,0.028311655306660834,1105179.8895334024,58,0.13302752293577982,1.0,1.0,10.75,0.48909441849433666,1492265.3515231763,1105179.8895334024,0.06860919603100596,0.13302752293577982,1262.0681155687432,2072.9063970622483,0.29481943995062165,nan,nan,nan,nan,nan,662,81,0,6000,5999,0
43,on,6250,431,0.9535483884300187,856902.8430883109,898646.4174085271,0.0,5310,55,4896,16.86408164538443,436,0.9616858199403673,0.027320649357152903,0.9955322396851009,0.027320649357152903,1100128.0534685059,58,0.13302752293577982,1.0,1.0,10.75,0.477934806316906,1457781.3968742252,1100128.0534685056,0.06850200979422905,0.13302752293577982,1264.555603427258,2072.9063970622483,0.29412756173909416,nan,nan,nan,nan,nan,662,81,0,6250,6249,0
43,on,6500,402,0.9551910860123807,858379.0473855862,898646.4174085271,0.0,5433,60,5244,16.74308199249208,436,0.9620885196521877,0.025572267551366244,0.9925346568135855,0.025572267551366244,1089516.5451374091,58,0.13302752293577982,1.0,1.0,10.75,0.4599798616056754,1413124.658810897,1089516.5451374091,0.0648820340773718,0.13302752293577982,1290.0074016561416,2072.9063970622483,0.2921211770756702,nan,nan,nan,nan,nan,662,81,0,6500,6499,0
43,on,6750,429,0.958886402819349,861699.8305953578,898646.4174085271,0.0,5529,64,5549,17.167733244597912,436,0.9653001283563118,0.021918744868459634,0.9872170638140222,0.021918744868459634,1074974.6050285918,58,0.13302752293577982,1.0,1.0,10.75,0.43786546979298,1378691.0626744481,1074974.6050285918,0.05649317222599499,0.13302752293577982,1347.2622845832384,2072.9063970622483,0.28884443318750996,nan,nan,nan,nan,nan,662,81,0,6750,6749,0
43,on,7000,443,0.9539286330101884,857244.5485180194,898646.4174085271,0.0,5657,66,5936,16.601976327598095,436,0.9613090260524982,0.02799527586497688,0.9931858979398824,0.02799527586497688,1100373.1437945573,58,0.13302752293577982,1.0,1.0,10.75,0.48056253547036665,1467851.4071229917,1100373.1437945573,0.06749209113212573,0.13302752293577982,1270.4470763532677,2072.9063970622483,0.29396641610752217,nan,nan,nan,nan,nan,662,81,0,7000,6999,0
43,on,7250,427,0.9545629823130076,857814.6042463835,898646.4174085271,0.0,5777,67,6205,16.862760178744793,436,0.960817209227893,0.02777681025491906,0.9892703912609675,0.02777681025491906,1100846.9815581231,58,0.13302752293577982,1.0,1.0,10.75,0.48215167754241683,1485005.2499070459,1100846.981558123,0.06582058202761536,0.13302752293577982,1280.2756233940277,2072.9063970622483,0.2938392633200293,nan,nan,nan,nan,nan,662,81,0,7250,7249,0
43,on,7500,415,0.9562781365743185,859355.9214786135,898646.4174085271,0.0,5922,72,6416,16.466042064130306,436,0.9630584500200886,0.026381736635119314,0.9745792747087108,0.026381736635119314,1100297.6403737233,58,0.13302752293577982,1.0,1.0,10.75,0.476182289566927,1516786.7854898453,1100297.640373723,0.06151174593852264,0.13302752293577982,1306.8500584324775,2072.9063970622483,0.29294867972033156,nan,nan,nan,nan,nan,662,81,0,7500,7499,0
43,on,7750,453,0.9522255848277793,855714.1103702234,898646.4174085271,0.0,6092,80,6671,17.061617320403457,436,0.9596974728712424,0.029438087715858798,0.9964931219337025,0.029438087715858798,1111877.0951955037,58,0.13302752293577982,1.0,1.0,10.75,0.49338236976800975,1517010.5238009894,1111877.0951955034,0.07125870361234132,0.13302752293577982,1244.0602117360957,2072.9063970622483,0.2959803218988646,nan,nan,nan,nan,nan,662,81,0,7750,7749,0
43,on,8000,442,0.95238097718637,855853.7531565636,898646.4174085271,0.0,6243,86,7013,17.10809763893485,436,0.9592836781576758,0.029608066289453252,0.9898271391072371,0.029608066289453252,1117264.969153164,58,0.13302752293577982,1.0,1.0,10.75,0.49959074720498164,1560967.6358053181,1117264.969153164,0.07050367709273683,0.13302752293577982,1246.4678459833399,2072.9063970622483,0.2965068976573586,nan,nan,nan,nan,nan,662,81,0,8000,7999,0
43,on,8250,448,0.953603666285729,856952.518335307,898646.4174085271,0.0,6406,87,7306,17.141411101445556,436,0.960691842659287,0.028872150614534242,0.9920035504781712,0.028872150614534242,1116706.4120237252,58,0.13302752293577982,1.0,1.0,10.75,0.4978401650401374,1583604.7425292232,1116706.4120237252,0.06734211645885199,0.13302752293577982,1265.4120732030528,2072.9063970622483,0.29583183795463364,nan,nan,nan,nan,nan,662,81,0,8250,8249,0
43,on,8500,427,0.9557941456353319,858920.984755235,898646.4174085271,0.0,6570,93,7563,17.02011699602008,436,0.9621384025759852,0.028150100879907262,0.9930280379686273,0.028150100879907262,1111919.9117641281,58,0.13302752293577982,1.0,1.0,10.75,0.4940981122432675,1594144.6546133219,1111919.9117641281,0.06206631778295079,0.13302752293577982,1299.3511494087109,2072.9063970622483,0.2944858843383775,nan,nan,nan,nan,nan,662,81,0,8500,8499,0
43,on,8750,484,0.952361005597645,855835.805759906,898646.4174085271,0.0,6746,94,7839,16.96232750825584,436,0.9586339028281421,0.03130620694626549,0.9853221179556862,0.03130620694626549,1128212.720718077,58,0.13302752293577982,1.0,1.0,10.75,0.5157368671160258,1642821.01971592,1128212.7207180767,0.06987182986325662,0.13302752293577982,1246.1584081099325,2072.9063970622483,0.29776888099107235,nan,nan,nan,nan,nan,662,81,0,8750,8749,0
43,on,9000,463,0.9501169449569596,853819.1887047065,898646.4174085271,0.0,6902,94,8220,16.941677214577794,436,0.9567869112741014,0.03238309358030751,0.9952491704493062,0.03238309358030751,1130844.659166495,58,0.13302752293577982,1.0,1.0,10.75,0.5186766618065426,1611714.884039986,1130844.6591664949,0.07569580596521547,0.13302752293577982,1211.3891485375277,2072.9063970622483,0.2988858758836028,nan,nan,nan,nan,nan,662,81,0,9000,8999,0
43,on,9250,424,0.9522044033796495,855695.0757377461,898646.4174085271,0.0,7070,94,8474,17.32568020373583,436,0.9599323578842612,0.028755616721944727,0.9920956438804109,0.028755616721944727,1107599.2972132831,58,0.13302752293577982,1.0,1.0,10.75,0.48788745489920404,1484381.5339986878,1107599.2972132831,0.07159057999266216,0.13302752293577982,1243.7320284175207,2072.9063970622483,0.2955642797736746,nan,nan,nan,nan,nan,669,81,0,9250,9249,0
43,on,9500,455,0.951659886435055,855205.7475362679,898646.4174085271,0.0,7246,94,8792,17.078995315358043,436,0.9596732554829124,0.02995104881999008,0.9911095321082268,0.02995104881999008,1110600.0208732814,58,0.13302752293577982,1.0,1.0,10.75,0.49455123266566225,1494747.1948131623,1110600.0208732814,0.0728574464653756,0.13302752293577982,1235.295335288584,2072.9063970622483,0.29614774332742644,nan,nan,nan,nan,nan,672,81,0,9500,9499,0
43,on,9750,472,0.9519472579437864,855463.9929130548,898646.4174085271,0.0,7398,96,9103,16.760480104014277,436,0.9589183956064642,0.02978005932520124,0.9938227982526883,0.02978005932520124,1109918.0221771663,58,0.13302752293577982,1.0,1.0,10.75,0.4975193868846475,1496069.951849346,1109918.022177166,0.07212921871481856,0.13302752293577982,1239.7478417849122,2072.9063970622483,0.2959690605870642,nan,nan,nan,nan,nan,672,81,0,9750,9749,0
43,on,10000,438,0.9491856771452942,852982.3082221055,898646.4174085271,0.0,7562,99,9456,17.238819032907486,436,0.9570907266217898,0.03178356135563985,0.989834805026415,0.03178356135563985,1117702.1314120623,58,0.13302752293577982,1.0,1.0,10.75,0.504319499770751,1491184.4909951678,1117702.1314120623,0.07917273062373606,0.13302752293577982,1196.9601746995788,2072.9063970622483,0.2979262123686579,nan,nan,nan,nan,nan,672,81,0,10000,9999,0
43,on,10250,444,0.9506894430196395,854333.6620377072,898646.4174085271,0.0,7723,100,9756,16.969812735915184,436,0.9580235543902943,0.03095921937271185,0.9815507592218986,0.03095921937271185,1128104.2493133862,58,0.13302752293577982,1.0,1.0,10.75,0.504858690902187,1604296.905173152,1128104.2493133862,0.07432520837399205,0.13302752293577982,1220.2593784168475,2072.9063970622483,0.2978412557911665,nan,nan,nan,nan,nan,672,81,0,10250,10249,0
43,on,10500,453,0.9521501051426461,855646.2808215913,898646.4174085271,0.0,7892,100,10010,16.406084932386875,436,0.9594242485953194,0.030045901007442716,0.99244903682687,0.030045901007442716,1120540.0980651458,58,0.13302752293577982,1.0,1.0,10.75,0.5023335400884497,1580450.4830749421,1120540.0980651458,0.07090746930820628,0.13302752293577982,1242.8907367596782,2072.9063970622483,0.2967227613006178,nan,nan,nan,nan,nan,672,81,0,10500,10499,0
43,on,10750,473,0.9506143403585713,854266.1713004003,898646.4174085271,0.0,8049,101,10349,16.838704232126474,436,0.9574440130521306,0.03126211466162055,0.9946366183997727,0.03126211466162055,1123143.362315858,58,0.13302752293577982,1.0,1.0,10.75,0.5038179102254778,1565283.1805870659,1123143.362315858,0.07485740321618581,0.13302752293577982,1219.0957450150067,2072.9063970622483,0.297615006796498,nan,nan,nan,nan,nan,672,81,0,10750,10749,0
43,on,11000,422,0.9534332375135731,856799.3631297858,898646.4174085271,0.0,8210,105,10750,16.4849536921829,436,0.9606268749792047,0.029216384502209952,0.9943081873162483,0.029216384502209952,1115206.3642170443,58,0.13302752293577982,1.0,1.0,10.75,0.49542053225008864,1568625.228105683,1115206.3642170443,0.06787444509775067,0.13302752293577982,1262.7714662113094,2072.9063970622483,0.2955814613836163,nan,nan,nan,nan,nan,672,81,0,11000,10999,0
43,on,11250,422,0.9538704817761239,857192.2911198594,898646.4174085271,0.0,8374,109,11055,16.48619487322867,436,0.9618076830308075,0.027956549221447132,0.9881291344736598,0.027956549221447132,1107350.868007323,58,0.13302752293577982,1.0,1.0,10.75,0.47956293604976175,1519050.285272518,1107350.8680073228,0.06721749259989476,0.13302752293577982,1269.5460867298195,2072.9063970622483,0.2943953042199039,nan,nan,nan,nan,nan,672,81,0,11250,11249,0
43,on,11500,432,0.9544338742059604,857698.5817085272,898646.4174085271,0.0,8529,114,11397,16.941570172086358,436,0.9615805393519526,0.02719027067673589,0.9964507118273985,0.02719027067673589,1102468.3666044723,58,0.13302752293577982,1.0,1.0,10.75,0.48172237615660785,1494440.8331096945,1102468.3666044723,0.06605593778553524,0.13302752293577982,1278.2752348102974,2072.9063970622483,0.2939827667089434,nan,nan,nan,nan,nan,672,81,0,11500,11499,0
43,on,11750,438,0.9552622365518745,858442.986562999,898646.4174085271,0.0,8667,116,11723,16.738355111330748,436,0.9619238171364825,0.02653174994875758,0.9828012928900113,0.02653174994875758,1101900.6301139013,58,0.13302752293577982,1.0,1.0,10.75,0.4749702377636036,1507714.2728418335,1101900.630113901,0.06397229533182523,0.13302752293577982,1291.1098012667076,2072.9063970622483,0.29337377571335543,nan,nan,nan,nan,nan,672,81,0,11750,11749,0
43,on,12000,422,0.9566814531226562,859718.3604498587,898646.4174085271,0.0,8790,119,12015,17.315743492916226,436,0.9638279788661509,0.02687565969832149,0.990831119263493,0.02687565969832149,1105431.129609234,58,0.13302752293577982,1.0,1.0,10.75,0.4818818874578197,1563643.0828361958,1105431.129609234,0.06023128822194826,0.13302752293577982,1313.0990062125654,2072.9063970622483,0.2932371985857525,nan,nan,nan,nan,nan,672,81,0,12000,11999,0
43,on,12250,463,0.9536234790828652,856970.3230344723,898646.4174085271,0.0,8885,120,12325,17.131206780672073,436,0.960753857989338,0.029510698996602153,0.9963967617894267,0.029510698996602153,1114399.3513444462,58,0.13302752293577982,1.0,1.0,10.75,0.49505326288488005,1566691.7436916388,1114399.3513444462,0.06743023209740101,0.13302752293577982,1265.7190507748671,2072.9063970622483,0.2956399560553984,nan,nan,nan,nan,nan,672,81,0,12250,12249,0
43,on,12500,441,0.9509299499961908,854549.7927705467,898646.4174085271,0.0,8997,120,12660,17.36573351174593,436,0.9587289949901303,0.03077125763949615,0.9913929604768128,0.03077125763949615,1120781.5293659363,58,0.13302752293577982,1.0,1.0,10.75,0.49870990550371674,1554747.4710687494,1120781.529365936,0.07415834375781756,0.13302752293577982,1223.9857703623607,2072.9063970622483,0.2973969460390191,nan,nan,nan,nan,nan,672,81,0,12500,12499,0
43,on,12750,415,0.9550574480694894,858258.9541269771,898646.4174085271,0.0,9120,121,12926,16.84208000265062,436,0.9623393099390023,0.027020028945364354,0.969298475791722,0.027020028945364354,1108289.1129593137,58,0.13302752293577982,1.0,1.0,10.75,0.479704734076136,1551428.0542744265,1108289.1129593137,0.06412086745984139,0.13302752293577982,1287.9368282318485,2072.9063970622483,0.29400127852534763,nan,nan,nan,nan,nan,672,81,0,12750,12749,0
43,on,13000,416,0.9565041502556996,859559.0278636719,898646.4174085271,0.0,9246,123,13285,16.469416961073875,436,0.9630277534364681,0.02801690731651694,0.9930305080883384,0.02801690731651694,1116609.8627315462,58,0.13302752293577982,1.0,1.0,10.75,0.48885944764275147,1644050.551569954,1116609.8627315462,0.06006025017912227,0.13302752293577982,1310.35189265762,2072.9063970622483,0.29415240672790466,nan,nan,nan,nan,nan,672,81,0,13000,12999,0
43,on,13250,403,0.9561675001265587,859256.4984311993,898646.4174085271,0.0,9384,125,13580,16.836803959682584,436,0.9636491012837183,0.026240282194035947,0.9925378566200055,0.026240282194035947,1111060.5991820765,58,0.13302752293577982,1.0,1.0,10.75,0.4756407067932149,1595415.0388663495,1111060.5991820765,0.06118880103423876,0.13302752293577982,1305.1358679598172,2072.9063970622483,0.29355931841312666,nan,nan,nan,nan,nan,672,81,0,13250,13249,0
43,on,13500,429,0.9539883874901801,857298.2466673881,898646.4174085271,0.0,9528,127,13845,16.488716416060925,436,0.9616200529623364,0.028045975567331818,0.9921784003883208,0.028045975567331818,1120230.8832201522,58,0.13302752293577982,1.0,1.0,10.75,0.4872263059448134,1618414.3033691007,1120230.8832201522,0.06614280672148101,0.13302752293577982,1271.3729065147975,2072.9063970622483,0.2954944661879306,nan,nan,nan,nan,nan,672,81,0,13500,13499,0
43,on,13750,412,0.9562677403120624,859346.5789147826,898646.4174085271,0.0,9682,131,14162,16.602575484663248,436,0.962629256599328,0.026854918097095948,0.9946989131497297,0.026854918097095948,1112428.8327183549,58,0.13302752293577982,1.0,1.0,10.75,0.4788415320169619,1607765.903325761,1112428.8327183546,0.06086654047432835,0.13302752293577982,1306.688979745736,2072.9063970622483,0.29362541514080087,nan,nan,nan,nan,nan,672,81,0,13750,13749,0
43,on,14000,393,0.9586082872913981,861449.903072539,898646.4174085271,0.0,9831,136,14418,16.543803732842207,436,0.9655006513436857,0.02507050513057226,0.9933307220434539,0.02507050513057226,1108974.2736802083,58,0.13302752293577982,1.0,1.0,10.75,0.4780090458367887,1628836.8608130969,1108974.273680208,0.05541347505651017,0.13302752293577982,1342.9531893622268,2072.9063970622483,0.29251576604029284,nan,nan,nan,nan,nan,672,81,0,14000,13999,0
43,on,14250,398,0.9586538265916109,861490.8268015266,898646.4174085271,0.0,9982,140,14710,16.92738162353635,436,0.9651819703076159,0.02589175792822929,0.9846572382314555,0.02589175792822929,1111575.2218870476,58,0.13302752293577982,1.0,1.0,10.75,0.4805280036670503,1649281.43829825,1111575.2218870476,0.055176990051369494,0.13302752293577982,1343.6587708964953,2072.9063970622483,0.29275512678583904,nan,nan,nan,nan,nan,672,81,0,14250,14249,0
43,on,14500,430,0.9566869858635244,859723.3324276184,898646.4174085271,0.0,10091,142,14988,16.64550300128758,436,0.9635586024375073,0.02683350604020338,0.9852646400796252,0.02683350604020338,1115006.195212794,58,0.13302752293577982,1.0,1.0,10.75,0.4811825769009479,1635734.093806768,1115006.1952127938,0.05970058126225239,0.13302752293577982,1313.1847299670414,2072.9063970622483,0.29378893777293413,nan,nan,nan,nan,nan,672,81,0,14500,14499,0
43,on,14750,434,0.9521993581055117,855690.5418202173,898646.4174085271,0.0,10222,143,15318,16.261369733139873,436,0.9598222162057062,0.03023224634164435,0.9924017845412094,0.03023224634164435,1131211.398032563,58,0.13302752293577982,1.0,1.0,10.75,0.5079481061632942,1661767.0002581063,1131211.398032563,0.07010946659738489,0.13302752293577982,1243.653857425644,2072.9063970622483,0.29748785555375634,nan,nan,nan,nan,nan,672,81,0,14750,14749,0
43,on,15000,446,0.9507840319550788,854418.6640456661,898646.4174085271,0.0,10350,143,15587,16.90860260464251,436,0.9578099214120446,0.0325861077911288,0.9801566013827309,0.0325861077911288,1137925.8536887711,58,0.13302752293577982,1.0,1.0,10.75,0.5191714674294965,1680293.1487590536,1137925.8536887711,0.0734306154180985,0.13302752293577982,1221.7249302782084,2072.9063970622483,0.2989948358128012,nan,nan,nan,nan,nan,672,81,0,15000,14999,0
43,on,15250,457,0.9524273934174907,855895.4649363698,898646.4174085271,0.0,10492,146,15825,16.39522060006857,436,0.9597864420396748,0.030344105354711267,0.9972231288886493,0.030344105354711267,1129627.9352007078,58,0.13302752293577982,1.0,1.0,10.75,0.5061547214233322,1654933.155225238,1129627.9352007075,0.06961075582463154,0.13302752293577982,1247.187014600686,2072.9063970622483,0.2973640530523569,nan,nan,nan,nan,nan,672,81,0,15250,15249,0
43,on,15500,460,0.9526008198146453,856051.3139468569,898646.4174085271,0.0,10665,151,16153,16.933549281209707,436,0.9599205860606518,0.03083026875069996,0.9979043689347551,0.03083026875069996,1135447.3763517563,58,0.13302752293577982,1.0,1.0,10.75,0.5133805863459344,1702520.2311169107,1135447.376351756,0.06880398538801091,0.13302752293577982,1249.8740665056375,2072.9063970622483,0.29784969362148694,nan,nan,nan,nan,nan,672,81,0,15500,15499,0
43,on,15750,451,0.9525178664262506,855976.768181564,898646.4174085271,0.0,10832,155,16534,17.087970156222582,436,0.9601957109209076,0.030251680447040696,0.9902209623738937,0.030251680447040696,1133176.078171829,58,0.13302752293577982,1.0,1.0,10.75,0.5072109288192024,1683610.7001836007,1133176.078171829,0.06915738522984131,0.13302752293577982,1248.5887946902442,2072.9063970622483,0.2974654747564127,nan,nan,nan,nan,nan,672,81,0,15750,15749,0
43,on,16000,381,0.9569876645139905,859993.536219651,898646.4174085271,0.0,11006,157,16828,16.480050455778837,436,0.9637195128936703,0.025089573024015446,0.9766368438920253,0.025089573024015446,1110779.5450566064,58,0.13302752293577982,1.0,1.0,10.75,0.46429350870322184,1610079.487752143,1110779.5450566062,0.05919503721237318,0.13302752293577982,1317.8434160365698,2072.9063970622483,0.292711494968257,nan,nan,nan,nan,nan,672,81,0,16000,15999,0
43,on,16250,416,0.9563458132061721,859416.738841371,898646.4174085271,0.0,11178,162,17014,16.596810173243284,436,0.9627238995997758,0.026202434850002267,0.9854631034998774,0.026202434850002267,1121530.1017007942,58,0.13302752293577982,1.0,1.0,10.75,0.47671524726644,1677788.1910818482,1121530.1017007944,0.06018213150146851,0.13302752293577982,1307.8986336524326,2072.9063970622483,0.29403264675754603,nan,nan,nan,nan,nan,672,81,0,16250,16249,0
43,on,16500,434,0.9529065726801387,856326.0776640449,898646.4174085271,0.0,11339,163,17342,18.055558539927006,436,0.9593395091995826,0.029545905663115508,0.9852807297465683,0.029545905663115508,1134608.5514926862,58,0.13302752293577982,1.0,1.0,10.75,0.4955965085353893,1702955.6998457923,1134608.5514926862,0.06806448832451811,0.13302752293577982,1254.611371974395,2072.9063970622483,0.2969822707193488,nan,nan,nan,nan,nan,672,81,0,16500,16499,0
43,on,16750,468,0.9513478794629595,854925.3635885878,898646.4174085271,0.0,11497,163,17603,17.782987859100103,436,0.9587407970316253,0.031072911127982304,0.9864894698325882,0.031072911127982304,1139775.955959359,58,0.13302752293577982,1.0,1.0,10.75,0.5014082243024816,1707028.4176814943,1139775.955959359,0.07181426400458646,0.13302752293577982,1230.4611292941017,2072.9063970622483,0.2982378099013614,nan,nan,nan,nan,nan,672,81,0,16750,16749,0
43,on,17000,443,0.9527130910826295,856152.2061196087,898646.4174085271,0.0,11666,164,17944,17.09719024412334,436,0.9604614057083701,0.029746593570894393,0.9917904563073161,0.029746593570894393,1134655.392939208,58,0.13302752293577982,1.0,1.0,10.75,0.5003970952443506,1699046.5339436454,1134655.392939208,0.06856127339921778,0.13302752293577982,1251.6135867254966,2072.9063970622483,0.29700043214740734,nan,nan,nan,nan,nan,672,81,0,17000,16996,0
43,on,17250,463,0.9516199485018082,855169.857455637,898646.4174085271,0.0,11818,164,18199,17.210193559527397,436,0.9587262668982501,0.031003046856903742,0.9935223151927359,0.031003046856903742,1142988.4729007334,58,0.13302752293577982,1.0,1.0,10.75,0.5142784991341258,1737319.9551653492,1142988.4729007331,0.07089754802659666,0.13302752293577982,1234.6765407949483,2072.9063970622483,0.29854909844033806,nan,nan,nan,nan,nan,672,81,0,17250,17246,0
43,on,17500,450,0.9520797086913226,855583.0193028112,898646.4174085271,0.0,11972,165,18483,16.99325226061046,436,0.9587347963499906,0.030839999622351018,0.9963093281587694,0.030839999622351018,1140307.419799653,58,0.13302752293577982,1.0,1.0,10.75,0.5113190305238218,1727475.420734897,1140307.4197996529,0.06986153005474731,0.13302752293577982,1241.8000209186425,2072.9063970622483,0.29800453086022016,nan,nan,nan,nan,nan,672,81,0,17500,17496,0
43,on,17750,429,0.9539579200692592,857270.8672287298,898646.4174085271,0.0,12151,165,18757,16.5885205026716,436,0.9608081433124886,0.028544939371730454,0.9948982287419729,0.028544939371730454,1132897.7531868294,58,0.13302752293577982,1.0,1.0,10.75,0.49605522730813845,1712977.9541774606,1132897.7531868292,0.06548032805561356,0.13302752293577982,1270.9008472275832,2072.9063970622483,0.2963704473362283,nan,nan,nan,nan,nan,672,81,0,17750,17746,0
43,on,18000,417,0.9542545895629646,857537.4682064026,898646.4174085271,0.0,12305,167,19076,16.633991435170174,436,0.9612312685063029,0.027221347027942485,0.9757421496266588,0.027221347027942485,1126037.9540042535,58,0.13302752293577982,1.0,1.0,10.75,0.4831131174643286,1667785.01227446,1126037.9540042535,0.06512624392838648,0.13302752293577982,1275.4974158081518,2072.9063970622483,0.29539315786785547,nan,nan,nan,nan,nan,672,81,0,18000,17994,0
43,on,18250,406,0.9546960059664983,857934.1454760236,898646.4174085271,0.0,12437,171,19394,16.944540763273835,436,0.9615963572981593,0.027429350291819116,0.9951117056522116,0.027429350291819116,1125738.069740166,58,0.13302752293577982,1.0,1.0,10.75,0.4866600063388713,1674946.5549660197,1125738.0697401657,0.06403093033266159,0.13302752293577982,1282.3366790774764,2072.9063970622483,0.2953250526467459,nan,nan,nan,nan,nan,672,81,0,18250,18244,0
43,on,18500,424,0.9550358500306106,858239.5451267157,898646.4174085271,0.0,12562,172,19617,16.935638120397925,436,0.9618128526280229,0.028564719514479895,0.9956740249896526,0.028564719514479895,1129231.5053362914,58,0.13302752293577982,1.0,1.0,10.75,0.4970316502897991,1708401.5020526694,1129231.5053362914,0.06298536875343126,0.13302752293577982,1287.602190296306,2072.9063970622483,0.2958690296064759,nan,nan,nan,nan,nan,672,81,0,18500,18494,0
43,on,18750,431,0.9551716278176927,858361.5613486406,898646.4174085271,0.0,12697,173,19899,16.77954692579806,436,0.9618492615857841,0.027959260560418853,0.9962648191511093,0.027959260560418853,1129952.8011468165,58,0.13302752293577982,1.0,1.0,10.75,0.49120444590928236,1716684.4120642042,1129952.8011468165,0.06260837046360598,0.13302752293577982,1289.7059182605294,2072.9063970622483,0.29577147982277086,nan,nan,nan,nan,nan,672,81,0,18750,18744,0
43,on,19000,442,0.9531869965480091,856578.0795682624,898646.4174085271,0.0,12828,176,20226,16.68018619529903,436,0.9608746923206472,0.028871588312935143,0.9895335010157652,0.028871588312935143,1133788.1802241874,58,0.13302752293577982,1.0,1.0,10.75,0.49507519408651657,1702937.23361753,1133788.1802241874,0.0673923375519479,0.13302752293577982,1258.9562323919386,2072.9063970622483,0.2967514595352052,nan,nan,nan,nan,nan,672,81,0,19000,18994,0
43,on,19250,396,0.9524812549154538,855943.8673785506,898646.4174085271,0.0,12940,177,20616,16.548781119287014,436,0.9600153032852347,0.029291764819398033,0.991896570083682,0.029291764819398033,1132106.5150760696,58,0.13302752293577982,1.0,1.0,10.75,0.4904962805052322,1674759.4672477571,1132106.5150760694,0.06931802619537121,0.13302752293577982,1248.0215394658726,2072.9063970622483,0.2968639260896053,nan,nan,nan,nan,nan,672,81,0,19250,19244,0
43,on,19500,397,0.9578666231668972,860783.4092641359,898646.4174085271,0.0,13063,177,20879,16.49651388823986,436,0.9643474778764006,0.025095712790782695,0.9854817681747883,0.025095712790782695,1116736.3909706061,58,0.13302752293577982,1.0,1.0,10.75,0.4715339283295339,1672527.5984284892,1116736.3909706061,0.056774513175816756,0.13302752293577982,1331.4619168035504,2072.9063970622483,0.29299476134765823,nan,nan,nan,nan,nan,672,81,0,19500,19492,0
43,on,19750,398,0.9582471556436601,861125.3734110865,898646.4174085271,0.0,13190,178,21148,16.52455334365368,436,0.9652821411306757,0.02534180718346613,0.9888826380542804,0.02534180718346613,1112205.5958403014,58,0.13302752293577982,1.0,1.0,10.75,0.4756081648219128,1646018.3332664906,1112205.5958403014,0.05610278524536202,0.13302752293577982,1337.3578503716644,2072.9063970622483,0.29275976276494275,nan,nan,nan,nan,nan,672,81,0,19750,19742,0
43,on,20000,423,0.9558684105336837,858987.722640078,898646.4174085271,0.0,13299,181,21380,16.362116783857346,436,0.9628523646232756,0.02753579622163581,0.993785298313769,0.02753579622163581,1119667.8481182295,58,0.13302752293577982,1.0,1.0,10.75,0.49163839649047825,1653929.9881769568,1119667.8481182293,0.061453596466689644,0.13302752293577982,1300.5018025956592,2072.9063970622483,0.2948037336821552,23316453.424,2.9037583267225004,6510047.717999999,0.8107410215760141,401.4875,672,81,0,20000,19992,0
44,off,250,61,0.9988686442012511,917901.4664206345,918941.1157806818,0.0,1895,0,55,9.642496179789305,442,0.9989393142336228,3.356429299839787e-05,0.046558429983690086,3.356429299839787e-05,993926.3876876397,61,0.13800904977375567,1.0,1.0,8.0,0.25759056039992445,1306348.1375449286,993926.3876876399,0.010011351598747163,0.13800904977375567,2325.999438051057,2036.786091074856,0.26262098453792904,nan,nan,nan,nan,nan,0,0,0,0,0,0
44,off,500,92,0.9971632211457055,916334.2830550935,918941.1157806818,0.0,1902,0,109,8.812696300446987,442,0.9974109651245667,0.00033027489236431415,0.3038790471593057,0.00033027489236431415,992340.1642398689,61,0.13800904977375567,1.0,1.0,8.0,0.2609819889933218,1307095.3178010203,992340.1642398695,0.008324973374244296,0.13800904977375567,2300.307907468418,2036.786091074856,0.26301595694363433,nan,nan,nan,nan,nan,0,0,0,0,0,0
44,off,750,120,0.9954174803255369,914730.0500379438,918941.1157806818,0.0,1925,0,188,8.84343152679503,442,0.9956643011351105,0.000708530896880405,0.39381897522582865,0.000708530896880405,992886.4056291762,61,0.13800904977375567,1.0,1.0,8.0,0.266163741411791,1322404.919520873,992886.4056291768,0.006742546993362953,0.13800904977375567,2274.0090055479304,2036.786091074856,0.263641676877753,nan,nan,nan,nan,nan,0,0,0,0,0,0
44,off,1000,220,0.9892325385137087,909046.4527083439,918941.1157806818,0.0,2003,0,307,9.216536050662398,442,0.9898748231339467,0.003715139232416461,0.9637492371177416,0.003715139232416461,999842.67758723,61,0.13800904977375567,1.0,1.0,8.0,0.28837536332163594,1403431.2161869495,999842.6775872302,0.002468881407887958,0.13800904977375567,2180.835278833178,2036.786091074856,0.2665663453920508,nan,nan,nan,nan,nan,0,0,0,0,0,0
44,off,1250,263,0.9892080545435632,909023.9533814995,918941.1157806818,0.0,2103,0,475,9.32883901707828,442,0.9896167880615795,0.004216129828200977,0.9609734852257484,0.004216129828200977,1002161.875872387,61,0.13800904977375567,1.0,1.0,8.0,0.2893630922650545,1420327.3789871037,1002161.8758723874,0.002450570081460287,0.13800904977375567,2180.4664374094996,2036.786091074856,0.2667334726931838,nan,nan,nan,nan,nan,0,0,0,0,0,0
44,off,1500,348,0.983659215327819,903924.896881296,918941.1157806818,0.0,2216,0,662,9.54021373949945,442,0.984260384371745,0.00843562977547195,0.9793897383492638,0.00843562977547195,1015364.6384762526,61,0.13800904977375567,1.0,1.0,8.0,0.3165692244839242,1530675.8686468797,1015364.6384762529,0.00042304044819648726,0.13800904977375567,2096.8753472422263,2036.786091074856,0.2705170829103072,nan,nan,nan,nan,nan,0,0,0,0,0,0
44,off,1750,464,0.9790135726782856,899655.8248414154,918941.1157806818,0.0,2348,0,891,9.638583468273282,442,0.9800350046991784,0.011933143076309199,0.9932130521785869,0.011933143076309199,1026978.3417274124,61,0.13800904977375567,1.0,1.0,8.0,0.3382124574537697,1617855.6194400617,1026978.3417274128,1.1342981590261748e-05,0.13800904977375567,2026.8905597032021,2036.786091074856,0.27361060967943907,nan,nan,nan,nan,nan,0,0,0,0,0,0
44,off,2000,482,0.9763363122472665,897195.5801536993,918941.1157806818,0.0,2550,0,1243,10.258007677271962,442,0.9775909809783536,0.015057964899264777,0.9826973499687298,0.015057964899264777,1044591.9970919967,61,0.13800904977375567,1.0,1.0,8.0,0.36022374123830136,1743392.2165838147,1044591.9970919973,0.0002873063150049453,0.13800904977375567,1986.55867957671,2036.786091074856,0.2766659539334988,nan,nan,nan,nan,nan,0,0,0,0,0,0
44,off,2250,540,0.9757237486865694,896632.6703117457,918941.1157806818,0.0,2778,0,1484,10.27582486346364,442,0.9778856002774575,0.015051068139453139,0.9862132832676105,0.015051068139453139,1044591.8869365822,61,0.13800904977375567,1.0,1.0,8.0,0.36060696200624665,1742518.9485090778,1044591.8869365826,0.00040257503854353605,0.13800904977375567,1977.3306493807474,2036.786091074856,0.27681799145846697,nan,nan,nan,nan,nan,0,0,0,0,0,0
44,off,2500,510,0.9747017714324477,895693.5333935407,918941.1157806818,0.0,3033,0,1855,10.621125375851989,442,0.9765146271178965,0.015077806461576564,0.9936507066248044,0.015077806461576564,1043251.9992932653,61,0.13800904977375567,1.0,1.0,8.0,0.3621241818032499,1731027.8795919067,1043251.9992932655,0.0006388777384790679,0.13800904977375567,1961.9349621970603,2036.786091074856,0.277027694135797,nan,nan,nan,nan,nan,0,0,0,0,0,0
44,off,2750,511,0.9757230009931979,896631.9832255646,918941.1157806818,0.0,3276,3,2161,10.138875486329198,442,0.9769169092299118,0.01598723413505697,0.9950432518333837,0.01598723413505697,1047124.3251224194,61,0.13800904977375567,1.0,1.0,8.0,0.3640329246596117,1760867.5918707668,1047124.3251224197,0.0004017536026102494,0.13800904977375567,1977.3193856728603,2036.786091074856,0.2772679783199836,nan,nan,nan,nan,nan,0,0,0,0,0,0
44,off,3000,518,0.9752808145983847,896225.6399665319,918941.1157806818,0.0,3510,5,2481,10.542317491024733,442,0.976138214819394,0.0164873492344335,0.9943744475501267,0.0164873492344335,1052825.2627420425,61,0.13800904977375567,1.0,1.0,8.0,0.37002431320716367,1801454.855358193,1052825.262742043,0.0004941123101950725,0.13800904977375567,1970.6580207706884,2036.786091074856,0.27815253186650724,nan,nan,nan,nan,nan,0,0,0,0,0,0
44,off,3250,532,0.9770707635824389,897870.4976831293,918941.1157806818,0.0,3739,7,2801,10.36277149990201,442,0.978809158923183,0.013748077349829345,0.9889212957958975,0.013748077349829345,1041908.4745942925,61,0.13800904977375567,1.0,1.0,8.0,0.35524945695444643,1724800.217839469,1041908.4745942928,0.00017512042968732147,0.13800904977375567,1997.6229013706436,2036.786091074856,0.27625418948661196,nan,nan,nan,nan,nan,0,0,0,0,0,0
44,off,3500,561,0.973576830746231,894659.7791441616,918941.1157806818,0.0,4000,10,3221,10.485079439356923,442,0.9755041310380922,0.016668853418680383,0.9924012667242392,0.016668853418680383,1051629.6246198777,61,0.13800904977375567,1.0,1.0,8.0,0.3727737308512067,1789296.9226332305,1051629.6246198781,0.0009532638865969266,0.13800904977375567,1944.9881712236304,2036.786091074856,0.2785199625636485,nan,nan,nan,nan,nan,0,0,0,0,0,0
44,off,3750,561,0.9740547283541491,895098.9389052107,918941.1157806818,0.0,4237,11,3559,10.424591567367315,442,0.9762779881898058,0.01589241830493559,0.9851057985676143,0.01589241830493559,1042309.4581701461,61,0.13800904977375567,1.0,1.0,8.0,0.3626044199780716,1722858.5887140878,1042309.4581701464,0.000816845150499815,0.13800904977375567,1952.1875115687003,2036.786091074856,0.27698607595895086,nan,nan,nan,nan,nan,0,0,0,0,0,0
44,off,4000,563,0.9732440599384102,894353.9823667235,918941.1157806818,0.0,4438,11,3979,10.508376544341445,442,0.9751332835333165,0.01740277914509414,0.9864213550277099,0.01740277914509414,1052663.1524731086,61,0.13800904977375567,1.0,1.0,8.0,0.374426494341503,1795970.744370676,1052663.152473109,0.0010591808001378853,0.13800904977375567,1939.9751092984177,2036.786091074856,0.27868829749253843,nan,nan,nan,nan,nan,0,0,0,0,0,0
44,off,4250,621,0.973221728859799,894333.4614204279,918941.1157806818,0.0,4678,11,4282,10.682714436203241,442,0.9749321296931547,0.017360071451072875,0.9962319800932604,0.017360071451072875,1054884.991777398,61,0.13800904977375567,1.0,1.0,8.0,0.37634657912427194,1812013.7290929665,1054884.9917773984,0.001064308276347242,0.13800904977375567,1939.6387003427512,2036.786091074856,0.2789647133353823,nan,nan,nan,nan,nan,0,0,0,0,0,0
44,off,4500,638,0.9708421883652844,892146.8038233533,918941.1157806818,0.0,4914,16,4692,10.734487907961011,442,0.9721153584077591,0.019793435066763676,0.9978127693581073,0.019793435066763676,1065881.843363175,61,0.13800904977375567,1.0,1.0,8.0,0.39258792546295207,1884584.5367448626,1065881.8433631754,0.0019740895492964313,0.13800904977375567,1903.7918544890704,2036.786091074856,0.281205705920913,nan,nan,nan,nan,nan,0,0,0,0,0,0
44,off,4750,594,0.9726590779725831,893816.4183863348,918941.1157806818,0.0,5155,18,5068,10.640732487663627,442,0.9741597100227508,0.017092941771561784,0.9920552131058852,0.017092941771561784,1049634.0456014639,61,0.13800904977375567,1.0,1.0,8.0,0.37325647145216,1772484.3775508285,1049634.0456014643,0.001264426303123582,0.13800904977375567,1931.1625850297485,2036.786091074856,0.27836161959757666,nan,nan,nan,nan,nan,0,0,0,0,0,0
44,off,5000,639,0.9711982905804483,892474.040790288,918941.1157806818,0.0,5391,20,5415,10.797076154500246,442,0.9722757212403151,0.019110813763676716,1.0,0.019110813763676716,1056866.2800799794,61,0.13800904977375567,1.0,1.0,8.0,0.38329794371211134,1820463.825333425,1056866.28007998,0.0018335539829464757,0.13800904977375567,1909.156394930624,2036.786091074856,0.27975251158943126,nan,nan,nan,nan,nan,0,0,0,0,0,0
44,off,5250,661,0.9694865586641163,890901.0599531764,918941.1157806818,0.0,5632,24,5758,10.908975183963776,442,0.9704209838924127,0.02070532949509623,0.9837739923899008,0.02070532949509623,1067339.5028987909,61,0.13800904977375567,1.0,1.0,8.0,0.39754274590999805,1890104.7368107454,1067339.5028987913,0.0026233154213127705,0.13800904977375567,1883.3698238304337,2036.786091074856,0.28198592766570174,nan,nan,nan,nan,nan,0,0,0,0,0,0
44,off,5500,640,0.9690204125529903,890472.6991257016,918941.1157806818,0.0,5820,29,6214,10.876194460317492,442,0.9704563404497379,0.020663895035695372,0.9879386022450237,0.020663895035695372,1061723.8170531914,61,0.13800904977375567,1.0,1.0,8.0,0.39259355465002166,1847514.2139126332,1061723.8170531916,0.002884139808755294,0.13800904977375567,1876.3475151833059,2036.786091074856,0.28111286492516263,nan,nan,nan,nan,nan,0,0,0,0,0,0
44,off,5750,701,0.9692818422339687,890712.9376084381,918941.1157806818,0.0,5990,30,6668,10.684881716966629,442,0.9713395936880026,0.01866337866371864,0.9965960972149304,0.01866337866371864,1053162.6666846047,61,0.13800904977375567,1.0,1.0,8.0,0.3834949984860616,1786556.9074218958,1053162.6666846052,0.0027665901914344683,0.13800904977375567,1880.2858509658702,2036.786091074856,0.2800204777813575,nan,nan,nan,nan,nan,0,0,0,0,0,0
44,off,6000,661,0.9681077942244326,889634.0566205748,918941.1157806818,0.0,6223,39,7097,11.00231204368174,442,0.969854298891022,0.020343290968163445,0.9965960972149304,0.020343290968163445,1056763.0104113033,61,0.13800904977375567,1.0,1.0,8.0,0.3901678752020996,1807603.0994420105,1056763.0104113037,0.003415570220305187,0.13800904977375567,1862.5992773943397,2036.786091074856,0.28088719882471147,nan,nan,nan,nan,nan,0,0,0,0,0,0
44,off,6250,693,0.9698555679684009,891240.1577749893,918941.1157806818,0.0,6415,48,7462,10.610316472128034,442,0.9712519804058615,0.020477617344458302,0.9974470729111978,0.020477617344458302,1061834.1297642316,61,0.13800904977375567,1.0,1.0,8.0,0.39098097776619034,1851656.9845065516,1061834.129764232,0.0024492834913747976,0.13800904977375567,1888.9288045158887,2036.786091074856,0.28092013794854664,nan,nan,nan,nan,nan,0,0,0,0,0,0
44,off,6500,672,0.9692264617611482,890662.0462149519,918941.1157806818,0.0,6632,53,7850,10.82657084055245,442,0.9702165243741258,0.021196791875763524,0.9941632661074199,0.021196791875763524,1063783.2388296924,61,0.13800904977375567,1.0,1.0,8.0,0.3933132096421652,1863286.8354473256,1063783.2388296926,0.002768249287292411,0.13800904977375567,1879.4515658267514,2036.786091074856,0.28120468276171184,nan,nan,nan,nan,nan,0,0,0,0,0,0
44,off,6750,712,0.966725307616375,888363.6328344145,918941.1157806818,0.0,6834,66,8302,10.878667091950774,442,0.9682899409023371,0.023004939552302053,0.9962102824147752,0.023004939552302053,1071227.0183755665,61,0.13800904977375567,1.0,1.0,8.0,0.40626707073846724,1905779.8636473117,1071227.018375567,0.004223357156888269,0.13800904977375567,1841.7726579490884,2036.786091074856,0.28307935863376565,nan,nan,nan,nan,nan,0,0,0,0,0,0
44,off,7000,740,0.9649336483228147,886717.2034440914,918941.1157806818,0.0,7038,75,8810,11.039297407492995,442,0.9671374826749245,0.0242972322024068,0.9992793307416598,0.0242972322024068,1075526.8759927012,61,0.13800904977375567,1.0,1.0,8.0,0.41458348242069754,1927234.0078567744,1075526.8759927016,0.005451435930296512,0.13800904977375567,1814.7820122060866,2036.786091074856,0.28424116718994585,nan,nan,nan,nan,nan,0,0,0,0,0,0
44,off,7250,713,0.9652971776640562,887051.2655025509,918941.1157806818,0.0,7286,78,9296,10.986690336838365,442,0.9674431581700795,0.02336668604512173,0.9965960972149304,0.02336668604512173,1072175.7271863564,61,0.13800904977375567,1.0,1.0,8.0,0.4106265554142443,1905022.0595666114,1072175.727186357,0.005202008201796613,0.13800904977375567,1820.2584393939467,2036.786091074856,0.2836219065418297,nan,nan,nan,nan,nan,0,0,0,0,0,0
44,off,7500,683,0.9666775700630567,888319.7648339035,918941.1157806818,0.0,7497,81,9807,11.145834974944592,442,0.9685997554481598,0.02194972423523068,0.9942833620887116,0.02194972423523068,1066606.3267265507,61,0.13800904977375567,1.0,1.0,8.0,0.40201110742360546,1872056.563514859,1066606.3267265512,0.004272994766677606,0.13800904977375567,1841.0535103997304,2036.786091074856,0.28243923650718306,nan,nan,nan,nan,nan,0,0,0,0,0,0
44,off,7750,723,0.9668800260154865,888505.8099327259,918941.1157806818,0.0,7735,84,10174,10.938120052218437,442,0.9689184073784927,0.021265243088692737,0.9975071209018437,0.021265243088692737,1064911.6520993034,61,0.13800904977375567,1.0,1.0,8.0,0.39995457297846904,1860798.2627450458,1064911.6520993041,0.004147457685868204,0.13800904977375567,1844.1034300525537,2036.786091074856,0.2821330760931726,nan,nan,nan,nan,nan,0,0,0,0,0,0
44,off,8000,755,0.9656584223100215,887383.228060584,918941.1157806818,0.0,7957,87,10672,11.304183959960938,442,0.9674925620468098,0.02273463711715197,0.9965960972149304,0.02273463711715197,1071202.32983605,61,0.13800904977375567,1.0,1.0,8.0,0.4089685589901042,1899974.836096405,1071202.3298360505,0.004948301496146392,0.13800904977375567,1825.700448542033,2036.786091074856,0.28348766491174127,nan,nan,nan,nan,nan,0,0,0,0,0,0
44,off,8250,763,0.9652982687318121,887052.2681295719,918941.1157806818,0.0,8183,92,11113,11.131157200783491,442,0.967610055031317,0.022189411423108568,0.9965960972149304,0.022189411423108568,1067207.4017737457,61,0.13800904977375567,1.0,1.0,8.0,0.4048873212789883,1869028.1976619102,1067207.4017737461,0.005225432454710164,0.13800904977375567,1820.2748759024917,2036.786091074856,0.28291283444045057,nan,nan,nan,nan,nan,0,0,0,0,0,0
44,off,8500,773,0.9655874827374981,887318.0387706563,918941.1157806818,0.0,8411,98,11561,11.314472328871489,442,0.9674604704829759,0.02319884773104101,0.9982980486074652,0.02319884773104101,1073645.031494542,61,0.13800904977375567,1.0,1.0,8.0,0.41052042025320623,1917284.5277110261,1073645.0314945425,0.004987160095950068,0.13800904977375567,1824.6317716579733,2036.786091074856,0.283697140433822,nan,nan,nan,nan,nan,0,0,0,0,0,0
44,off,8750,732,0.96636491302419,888032.4514257507,918941.1157806818,0.0,8641,102,12073,11.143060080707073,442,0.9676817858931743,0.023110521938189396,0.9981826809721566,0.023110521938189396,1073374.7228454975,61,0.13800904977375567,1.0,1.0,8.0,0.40870904947553743,1919491.2145501492,1073374.7228454978,0.00445286082641662,0.13800904977375567,1836.3434545283715,2036.786091074856,0.28335364285150266,nan,nan,nan,nan,nan,0,0,0,0,0,0
44,off,9000,729,0.9678995734204084,889442.7139625961,918941.1157806818,0.0,8854,107,12554,11.480402207002044,442,0.9690470795142063,0.021670755256744435,0.9974470729111978,0.021670755256744435,1065256.795441626,61,0.13800904977375567,1.0,1.0,8.0,0.39764214303103396,1868197.7943935238,1065256.7954416268,0.0035114697629920776,0.13800904977375567,1859.4625125094442,2036.786091074856,0.28186484440494586,nan,nan,nan,nan,nan,0,0,0,0,0,0
44,off,9250,784,0.9657568666176514,887473.6925824797,918941.1157806818,0.0,9081,115,12910,11.364101316779852,442,0.9668780889386962,0.023987868272315926,0.9948941458223955,0.023987868272315926,1070973.5960240597,61,0.13800904977375567,1.0,1.0,8.0,0.4080519355640406,1898855.2419490009,1070973.5960240602,0.004880057195836751,0.13800904977375567,1827.1834734911424,2036.786091074856,0.2833067149450583,nan,nan,nan,nan,nan,0,0,0,0,0,0
44,off,9500,765,0.9643838681549548,886211.9878432042,918941.1157806818,0.0,9324,119,13387,11.454601584002376,442,0.965677422455953,0.025545601547962902,0.9952078701498848,0.025545601547962902,1080742.1614285607,61,0.13800904977375567,1.0,1.0,8.0,0.41988226411003127,1961794.4610975997,1080742.161428561,0.00583746633127545,0.13800904977375567,1806.499789240724,2036.786091074856,0.2849832780452608,nan,nan,nan,nan,nan,0,0,0,0,0,0
44,off,9750,774,0.9636799383857177,885565.1178356302,918941.1157806818,0.0,9583,123,13861,11.537784921005368,442,0.9652306585826074,0.02591765858962568,0.9978154250135469,0.02591765858962568,1081569.0310326,61,0.13800904977375567,1.0,1.0,8.0,0.42341256588170406,1963478.8855921682,1081569.0310326004,0.006382578977568107,0.13800904977375567,1795.8953628870527,2036.786091074856,0.28544693250400033,nan,nan,nan,nan,nan,0,0,0,0,0,0
44,off,10000,801,0.9653669153806929,887115.350357689,918941.1157806818,0.0,9796,126,14289,11.581200940534472,442,0.9659308062901746,0.02491948859604624,0.9918031860875958,0.02491948859604624,1077595.206755727,61,0.13800904977375567,1.0,1.0,8.0,0.4142149952719494,1944682.2916193025,1077595.2067557273,0.005125742506958673,0.13800904977375567,1821.3090107896533,2036.786091074856,0.2842468004436962,nan,nan,nan,nan,nan,0,0,0,0,0,0
44,off,10250,794,0.9661829465106297,887865.234914745,918941.1157806818,0.0,10044,132,14770,11.026768565177917,442,0.9665608564085104,0.02451932671905479,0.9986092700396043,0.02451932671905479,1078721.7066533351,61,0.13800904977375567,1.0,1.0,8.0,0.4134904399291506,1957281.189483215,1078721.7066533358,0.0045528086637030675,0.13800904977375567,1833.6022002495897,2036.786091074856,0.2840953442524419,nan,nan,nan,nan,nan,0,0,0,0,0,0
44,off,10500,797,0.9661321584389332,887818.5636674718,918941.1157806818,0.0,10270,138,15255,11.260107804089785,442,0.9666525837771228,0.02486897031728543,0.9970543110867429,0.02486897031728543,1078559.2451140783,61,0.13800904977375567,1.0,1.0,8.0,0.41338243712976586,1955835.5003886784,1078559.2451140787,0.004587851982299524,0.13800904977375567,1832.8370978352764,2036.786091074856,0.2839718712452115,nan,nan,nan,nan,nan,0,0,0,0,0,0
44,off,10750,783,0.9641136297452845,885963.6546574949,918941.1157806818,0.0,10471,140,15746,11.502955531701446,442,0.9648301471243974,0.025678333879073704,0.995204213425732,0.025678333879073704,1078762.098671883,61,0.13800904977375567,1.0,1.0,8.0,0.419396754506119,1945816.595501092,1078762.0986718836,0.006056778672408374,0.13800904977375567,1802.4287534094233,2036.786091074856,0.2848623426104051,nan,nan,nan,nan,nan,0,0,0,0,0,0
44,off,11000,901,0.9621140598134356,884126.1676332401,918941.1157806818,0.0,10672,145,16183,11.568723415955901,442,0.9633743072171148,0.026685130165940606,0.9957617476097097,0.026685130165940606,1083303.2799970587,61,0.13800904977375567,1.0,1.0,8.0,0.4283257721084104,1965768.9720631586,1083303.279997059,0.007681501773886863,0.13800904977375567,1772.306015306886,2036.786091074856,0.2861503834523862,nan,nan,nan,nan,nan,0,0,0,0,0,0
44,off,11250,833,0.9641630778673319,886009.0945699424,918941.1157806818,0.0,10885,153,16711,11.754465740174055,442,0.9654585362955067,0.024830946007705194,0.9937330994701733,0.024830946007705194,1078061.3730028744,61,0.13800904977375567,1.0,1.0,8.0,0.41824653554081626,1941039.6949281876,1078061.373002875,0.0060222481524182326,0.13800904977375567,1803.173670006924,2036.786091074856,0.2847997047120405,nan,nan,nan,nan,nan,0,0,0,0,0,0
44,off,11500,856,0.9605834939485246,882719.6677295631,918941.1157806818,0.0,11096,158,17246,11.839005075395107,442,0.9619869590784551,0.02836890267525564,0.9960852619249044,0.02836890267525564,1090596.7610902672,61,0.13800904977375567,1.0,1.0,8.0,0.4388108493491125,2007645.3328762108,1090596.761090268,0.00901851238448459,0.13800904977375567,1749.2486398367719,2036.786091074856,0.2876866348509155,nan,nan,nan,nan,nan,0,0,0,0,0,0
44,off,11750,791,0.9645383607700792,886353.9574593264,918941.1157806818,0.0,11293,171,17813,12.140510872006416,442,0.9658211828859684,0.02452855352450087,0.9974470729111978,0.02452855352450087,1079135.8560881403,61,0.13800904977375567,1.0,1.0,8.0,0.4181543373869012,1951074.6495962406,1079135.8560881407,0.005728585148837975,0.13800904977375567,1808.8271599968268,2036.786091074856,0.2847728323955059,nan,nan,nan,nan,nan,0,0,0,0,0,0
44,off,12000,835,0.9650435683155948,886818.2134449034,918941.1157806818,0.0,11522,177,18288,11.435590643435717,442,0.9668095096672061,0.0235731211798759,0.9992778642249293,0.0235731211798759,1075857.834005207,61,0.13800904977375567,1.0,1.0,8.0,0.41351621187421883,1930263.4983923621,1075857.8340052073,0.005368763953387568,0.13800904977375567,1816.4379138587435,2036.786091074856,0.2840491015144688,nan,nan,nan,nan,nan,0,0,0,0,0,0
44,off,12250,812,0.9629652179188561,884908.3318123411,918941.1157806818,0.0,11756,182,18762,11.74197700060904,442,0.9640364605118001,0.026642255749721865,0.9934808944038911,0.026642255749721865,1085752.2490507266,61,0.13800904977375567,1.0,1.0,8.0,0.4278107405417195,1989218.7087514594,1085752.2490507273,0.006939050091227455,0.13800904977375567,1785.1283788987062,2036.786091074856,0.2861115883379495,nan,nan,nan,nan,nan,0,0,0,0,0,0
44,off,12500,847,0.961955133809931,883980.1239942531,918941.1157806818,0.0,11967,183,19349,11.768923064693809,442,0.9628434328278125,0.0280278636004833,0.9991490243037326,0.0280278636004833,1092393.7958054412,61,0.13800904977375567,1.0,1.0,8.0,0.43678587723254925,2030541.376967383,1092393.7958054417,0.007756116755219518,0.13800904977375567,1769.9118572907064,2036.786091074856,0.28737317840321364,nan,nan,nan,nan,nan,0,0,0,0,0,0
44,off,12750,814,0.961915966144721,883944.1312162825,918941.1157806818,0.0,12162,192,19906,11.981748735532165,442,0.9632684842234003,0.028899327756931666,0.9981657735109511,0.028899327756931666,1096308.2586243718,61,0.13800904977375567,1.0,1.0,8.0,0.44017862402085783,2058633.4175205333,1096308.2586243725,0.007762634963279105,0.13800904977375567,1769.321811750206,2036.786091074856,0.2878504075482584,nan,nan,nan,nan,nan,0,0,0,0,0,0
44,off,13000,841,0.9639651516966432,885827.2120738075,918941.1157806818,0.0,12383,197,20360,11.672767963260412,442,0.9652912372213591,0.02542211934660611,0.9962538869265646,0.02542211934660611,1080777.6554821897,61,0.13800904977375567,1.0,1.0,8.0,0.4212974988879463,1959513.0945378449,1080777.6554821902,0.00616143314129178,0.13800904977375567,1800.191989742418,2036.786091074856,0.28518949116795955,nan,nan,nan,nan,nan,0,0,0,0,0,0
44,off,13250,835,0.964552198603103,886366.6736130454,918941.1157806818,0.0,12618,203,20800,11.385625544935465,442,0.9656962549700795,0.025471460730317575,0.9929659113879523,0.025471460730317575,1082880.319490792,61,0.13800904977375567,1.0,1.0,8.0,0.4218606190782337,1978288.5504183755,1082880.3194907925,0.005698340192587719,0.13800904977375567,1809.0356215332024,2036.786091074856,0.28524767456699873,nan,nan,nan,nan,nan,0,0,0,0,0,0
44,off,13500,840,0.9631003962894189,885032.5527750155,918941.1157806818,0.0,12840,208,21308,11.762687226757407,442,0.9639553227158759,0.026607506272711905,0.9974470729111978,0.026607506272711905,1084912.5791650582,61,0.13800904977375567,1.0,1.0,8.0,0.427374709299031,1984014.471651564,1084912.5791650587,0.006832487074503307,0.13800904977375567,1787.1647881228766,2036.786091074856,0.2860388576091213,nan,nan,nan,nan,nan,0,0,0,0,0,0
44,off,13750,851,0.9616452651927845,883695.372981467,918941.1157806818,0.0,13062,213,21900,11.58607392758131,442,0.9632957218974993,0.027182162154345168,0.9973312177414423,0.027182162154345168,1089136.3210796046,61,0.13800904977375567,1.0,1.0,8.0,0.435158687499166,2004771.546338403,1089136.321079605,0.00805383932687988,0.13800904977375567,1765.2438079007707,2036.786091074856,0.2872438597258562,nan,nan,nan,nan,nan,0,0,0,0,0,0
44,off,14000,807,0.9638618926390373,885732.3230801967,918941.1157806818,0.0,13282,222,22438,11.777427775785327,442,0.9652331092481005,0.025048727950409702,0.9958639070243506,0.025048727950409702,1077655.0141211217,61,0.13800904977375567,1.0,1.0,8.0,0.41914094221335296,1936250.1697284617,1077655.0141211222,0.006260808851886126,0.13800904977375567,1798.6364324701092,2036.786091074856,0.2849326926937621,nan,nan,nan,nan,nan,0,0,0,0,0,0
44,off,14250,800,0.9636860360664531,885570.7212451688,918941.1157806818,0.0,13514,228,22842,11.226013587787747,442,0.9652554875668972,0.025482377817141313,0.9982980486074652,0.025482377817141313,1079653.6699819143,61,0.13800904977375567,1.0,1.0,8.0,0.4211139660602632,1949638.5088526718,1079653.6699819146,0.006389026540349614,0.13800904977375567,1795.987222059818,2036.786091074856,0.28507022131564463,nan,nan,nan,nan,nan,0,0,0,0,0,0
44,off,14500,824,0.9632242095416691,885146.3298631867,918941.1157806818,0.0,13714,231,23270,11.763801172375679,442,0.9644715603693407,0.025890860975120004,1.0,0.025890860975120004,1081972.7350324292,61,0.13800904977375567,1.0,1.0,8.0,0.424628462553557,1963512.3256398623,1081972.7350324297,0.006749050594755526,0.13800904977375567,1789.0299862896165,2036.786091074856,0.28558967447345696,nan,nan,nan,nan,nan,0,0,0,0,0,0
44,off,14750,868,0.9620177124127433,884037.6300453454,918941.1157806818,0.0,13925,238,23849,11.82290175370872,442,0.9628145791189587,0.028086645860691865,0.9955828502762406,0.028086645860691865,1088379.2419586934,61,0.13800904977375567,1.0,1.0,8.0,0.4336659748689644,2001885.282186485,1088379.241958694,0.00772982436893506,0.13800904977375567,1770.8545794397612,2036.786091074856,0.286878217854877,nan,nan,nan,nan,nan,0,0,0,0,0,0
44,off,15000,846,0.961206676042516,883292.33537835,918941.1157806818,0.0,14168,245,24397,11.705735331401229,442,0.9626368550996852,0.028415474985229266,0.9970900548950244,0.028415474985229266,1091147.8109730885,61,0.13800904977375567,1.0,1.0,8.0,0.4380472827586779,2016215.9316723137,1091147.810973089,0.008434961781339541,0.13800904977375567,1758.6366340791808,2036.786091074856,0.2875250016810629,nan,nan,nan,nan,nan,0,0,0,0,0,0
44,off,15250,839,0.9642907466262891,886126.4146417489,918941.1157806818,0.0,14366,256,24879,11.446798384189606,442,0.965577877043597,0.024756842446678234,0.9961899701274428,0.024756842446678234,1076970.6810220322,61,0.13800904977375567,1.0,1.0,8.0,0.4172084098278537,1933908.048236264,1076970.6810220329,0.005929495599761495,0.13800904977375567,1805.096949872603,2036.786091074856,0.2845721704449824,nan,nan,nan,nan,nan,0,0,0,0,0,0
44,off,15500,830,0.9647413070259897,886540.4531181763,918941.1157806818,0.0,14579,267,25288,11.695549642667174,442,0.9656423158642349,0.025351444090299796,0.9978399092084834,0.025351444090299796,1079343.5226784633,61,0.13800904977375567,1.0,1.0,8.0,0.4183563265079753,1953772.8364090584,1079343.5226784637,0.005574883162319677,0.13800904977375567,1811.884465879611,2036.786091074856,0.28466368040373213,nan,nan,nan,nan,nan,0,0,0,0,0,0
44,off,15750,866,0.9627780883600393,884736.3707667664,918941.1157806818,0.0,14780,275,25816,11.706118920817971,442,0.9643717679976859,0.025789853309004587,0.9963809451736395,0.025789853309004587,1080450.1081924648,61,0.13800904977375567,1.0,1.0,8.0,0.42409920835013937,1949570.0202986647,1080450.1081924653,0.007130200778634676,0.13800904977375567,1782.3093453646966,2036.786091074856,0.2856049125360387,nan,nan,nan,nan,nan,0,0,0,0,0,0
44,off,16000,878,0.9608491338775824,882963.7751823673,918941.1157806818,0.0,15000,285,26332,11.87995564006269,442,0.962480068973397,0.027538775075847993,0.9970805150521942,0.027538775075847993,1088253.1827625262,61,0.13800904977375567,1.0,1.0,8.0,0.4360572560343947,1992633.901473284,1088253.182762527,0.008788116224953053,0.13800904977375567,1753.2504013581527,2036.786091074856,0.2873094351419285,nan,nan,nan,nan,nan,0,0,0,0,0,0
44,off,16250,866,0.9614048220723537,883474.4199120966,918941.1157806818,0.0,15224,301,26854,12.013577923178673,442,0.9631506789772875,0.02718997088945656,0.9992786688930014,0.02718997088945656,1087309.956610468,61,0.13800904977375567,1.0,1.0,8.0,0.43397906415064846,1989830.9133144137,1087309.9566104687,0.008284028834469373,0.13800904977375567,1761.6216264356835,2036.786091074856,0.2869960248115653,nan,nan,nan,nan,nan,0,0,0,0,0,0
44,off,16500,879,0.9603595564510864,882513.882355802,918941.1157806818,0.0,15422,315,27268,11.79762857966125,442,0.9623537905694702,0.027173196190850638,0.9976642547760997,0.027173196190850638,1086526.7706085038,61,0.13800904977375567,1.0,1.0,8.0,0.4357281609658221,1976472.4813453064,1086526.7706085045,0.009265952579785982,0.13800904977375567,1745.8751091193762,2036.786091074856,0.2873867304828839,nan,nan,nan,nan,nan,0,0,0,0,0,0
44,off,16750,897,0.9605700582292949,882707.3210947427,918941.1157806818,0.0,15627,321,27835,12.356194408610463,442,0.961357881855768,0.02812049515231164,0.9991224538298414,0.02812049515231164,1088213.7103270083,61,0.13800904977375567,1.0,1.0,8.0,0.43731409369041097,1990277.6126475784,1088213.7103270087,0.009050990724645968,0.13800904977375567,1749.0462359872574,2036.786091074856,0.28745875302981094,nan,nan,nan,nan,nan,0,0,0,0,0,0
44,off,17000,868,0.9611426276477584,883233.4786750075,918941.1157806818,0.0,15852,326,28404,11.832959646359086,442,0.9622898559020492,0.02794228366009559,0.9954536855773375,0.02794228366009559,1086926.2638458647,61,0.13800904977375567,1.0,1.0,8.0,0.4347980884027389,1985163.5378943959,1086926.2638458651,0.008526571325846229,0.13800904977375567,1757.671770089958,2036.786091074856,0.28709848574468055,nan,nan,nan,nan,nan,0,0,0,0,0,0
44,off,17250,863,0.9624572811563441,884441.5678370523,918941.1157806818,0.0,16075,333,28875,12.11573926731944,442,0.9636944891772519,0.026261547709408153,1.0,0.026261547709408153,1081225.6535228058,61,0.13800904977375567,1.0,1.0,8.0,0.42621080186749216,1953049.1835946876,1081225.653522806,0.007398284980102067,0.13800904977375567,1777.4765104513501,2036.786091074856,0.2858488644149222,nan,nan,nan,nan,nan,0,0,0,0,0,0
44,off,17500,858,0.9633203144271608,885234.6445938924,918941.1157806818,0.0,16308,338,29312,11.85347393155098,442,0.9647138600631749,0.02503059170678862,0.9984724749333761,0.02503059170678862,1076546.8026216882,61,0.13800904977375567,1.0,1.0,8.0,0.41869311258309794,1924813.1333347848,1076546.8026216887,0.006704023512585599,0.13800904977375567,1790.477768760203,2036.786091074856,0.28493390052916445,nan,nan,nan,nan,nan,0,0,0,0,0,0
44,off,17750,911,0.9619161714268507,883944.3198584719,918941.1157806818,0.0,16493,342,29758,11.968143723905087,442,0.9629872348759289,0.027706367007305555,0.9951328151329565,0.027706367007305555,1087482.5727933042,61,0.13800904977375567,1.0,1.0,8.0,0.4328952426799417,1994684.7920410805,1087482.5727933047,0.00782545324175592,0.13800904977375567,1769.3249042451139,2036.786091074856,0.2868326013940614,nan,nan,nan,nan,nan,0,0,0,0,0,0
44,off,18000,907,0.9603718988286069,882525.2242739721,918941.1157806818,0.0,16738,347,30291,12.19153475575149,442,0.9613593946093969,0.029643066737745756,0.9974470729111978,0.029643066737745756,1093886.9306976781,61,0.13800904977375567,1.0,1.0,8.0,0.442608500849901,2029896.697741381,1093886.9306976788,0.00919184606781802,0.13800904977375567,1746.0610422041325,2036.786091074856,0.2881093767054437,nan,nan,nan,nan,nan,0,0,0,0,0,0
44,off,18250,887,0.9611968657512918,883283.3202983864,918941.1157806818,0.0,16956,351,30817,12.847056113183498,442,0.9629072909912538,0.027590786107362146,0.9974470729111978,0.027590786107362146,1087586.02960972,61,0.13800904977375567,1.0,1.0,8.0,0.43475280139970307,1990336.7273454624,1087586.0296097207,0.0084715809758406,0.13800904977375567,1758.4888458830549,2036.786091074856,0.287042449801151,nan,nan,nan,nan,nan,0,0,0,0,0,0
44,off,18500,831,0.962837480952309,884790.9490617758,918941.1157806818,0.0,17176,356,31325,12.734499275684357,442,0.9647595390399242,0.025930778034980836,0.9913803509703862,0.025930778034980836,1082302.176806687,61,0.13800904977375567,1.0,1.0,8.0,0.4259061068138241,1963381.7655169659,1082302.1768066874,0.007068034369299108,0.13800904977375567,1783.2040715123908,2036.786091074856,0.28580918224558904,nan,nan,nan,nan,nan,0,0,0,0,0,0
44,off,18750,856,0.9632173651970176,885140.0403134759,918941.1157806818,0.0,17356,364,31834,12.379063744097948,442,0.9643640012371985,0.026261654159444318,1.0,0.026261654159444318,1079927.975568858,61,0.13800904977375567,1.0,1.0,8.0,0.42303391078759867,1948652.1505799948,1079927.9755688584,0.006767458638103217,0.13800904977375567,1788.926878917308,2036.786091074856,0.2853758447641983,nan,nan,nan,nan,nan,0,0,0,0,0,0
44,off,19000,835,0.9634798955624484,885381.2902604111,918941.1157806818,0.0,17552,379,32333,12.297223707661033,442,0.9650137187114888,0.02550257376412987,0.9972606664584631,0.02550257376412987,1077132.9448992757,61,0.13800904977375567,1.0,1.0,8.0,0.4193109292479331,1930076.1056200382,1077132.9448992761,0.006570219195505364,0.13800904977375567,1792.881796080181,2036.786091074856,0.2848998709933548,nan,nan,nan,nan,nan,0,0,0,0,0,0
44,off,19250,862,0.9625745424167086,884549.3240304894,918941.1157806818,0.0,17757,389,32785,12.42028304003179,442,0.9646653575599373,0.025737895111744076,0.9974470729111978,0.025737895111744076,1078839.4038690852,61,0.13800904977375567,1.0,1.0,8.0,0.42302052359447795,1936545.666257801,1078839.4038690857,0.0073139714549991415,0.13800904977375567,1779.2430054257277,2036.786091074856,0.285488739345946,nan,nan,nan,nan,nan,0,0,0,0,0,0
44,off,19500,865,0.9640946991992531,885946.2586004024,918941.1157806818,0.0,17945,398,33293,12.609259840101004,442,0.9661203630953402,0.02446676951057437,0.996521514810849,0.02446676951057437,1079684.6795499763,61,0.13800904977375567,1.0,1.0,8.0,0.42018137151467294,1952386.234532784,1079684.6795499767,0.006066340139735153,0.13800904977375567,1802.1435721456135,2036.786091074856,0.2850749266542496,nan,nan,nan,nan,nan,0,0,0,0,0,0
44,off,19750,862,0.9636133971673442,885503.9703741726,918941.1157806818,0.0,18160,402,33776,12.198112839832902,442,0.9648094796466293,0.026043748715489395,0.9982980486074652,0.026043748715489395,1081123.5781396038,61,0.13800904977375567,1.0,1.0,8.0,0.42199228464961624,1959834.016400158,1081123.5781396043,0.006438460821452386,0.13800904977375567,1794.8929454861068,2036.786091074856,0.28537712650423086,nan,nan,nan,nan,nan,0,0,0,0,0,0
44,off,20000,893,0.9629670195865393,884909.9874388521,918941.1157806818,0.0,18368,408,34251,12.096053453162313,442,0.9644680967406158,0.02605921173226286,0.9983588303271405,0.02605921173226286,1080249.9168187147,61,0.13800904977375567,1.0,1.0,8.0,0.42286448032310076,1949361.1253712836,1080249.9168187152,0.006972890348904542,0.13800904977375567,1785.1555203169182,2036.786091074856,0.2854080756003845,38375390.833,2.681671587358711,11087530.288999997,0.7747964074002898,715.5125,0,0,0,0,0,0
44,on,250,52,0.9972388946804667,916403.822577562,918941.1157806818,0.0,1898,0,57,16.480120012536645,442,0.9973003020064666,0.0001489757945015915,0.1084267309459872,0.0001489757945015915,992088.2457377042,61,0.13800904977375567,1.0,1.0,8.0,0.2601973559006041,1304750.9146419456,992088.2457377046,0.008399288905393414,0.13800904977375567,2301.447899640032,2036.786091074856,0.26284062409840936,nan,nan,nan,nan,nan,166,65,0,250,250,0
44,on,500,76,0.9950042529697576,914350.3184305528,918941.1157806818,0.0,1906,0,96,15.268378384411335,442,0.9949280759274832,0.0009352993483688399,0.3675728378646812,0.0009352993483688399,996648.6563929211,61,0.13800904977375567,1.0,1.0,8.0,0.2694003550182096,1352178.2848135482,996648.6563929215,0.006369185489233362,0.13800904977375567,2267.7838972300456,2036.786091074856,0.26405606954038974,nan,nan,nan,nan,nan,228,65,0,500,500,0
44,on,750,98,0.9911404751785625,910799.7341559834,918941.1157806818,0.0,1920,0,170,15.62244994752109,442,0.9908935144982879,0.0030902949985486166,0.813273930303821,0.0030902949985486166,1004666.3687487128,61,0.13800904977375567,1.0,1.0,8.0,0.28656536247381537,1430533.28364836,1004666.3687487133,0.0035353563055575982,0.13800904977375567,2209.5775976469417,2036.786091074856,0.26640225789464433,nan,nan,nan,nan,nan,314,65,0,750,750,0
44,on,1000,154,0.9873312536556799,907299.2838794899,918941.1157806818,0.0,1982,0,266,16.000429075211287,442,0.9873442778534451,0.004390061057389348,0.8898707850911243,0.004390061057389348,1006675.1659210015,61,0.13800904977375567,1.0,1.0,8.0,0.29735412650534476,1459344.5329021357,1006675.1659210017,0.0015739313686832562,0.13800904977375567,2152.193166884751,2036.786091074856,0.2678874888258591,nan,nan,nan,nan,nan,328,65,0,1000,1000,0
44,on,1250,186,0.9845608245705991,904753.4226848545,918941.1157806818,0.0,2059,0,416,15.786710748448968,442,0.9850477454348182,0.0058754668021804655,0.9151407299561726,0.0058754668021804655,1009236.2514378674,61,0.13800904977375567,1.0,1.0,8.0,0.30576575464094535,1484704.1200284096,1009236.2514378676,0.0006397616174722739,0.13800904977375567,2110.457737464501,2036.786091074856,0.2690605979359204,nan,nan,nan,nan,nan,328,65,0,1250,1250,0
44,on,1500,234,0.9800330707082677,900592.6834986234,918941.1157806818,0.0,2142,0,539,15.976046944037078,442,0.9806340069116719,0.011954807460041222,0.9731542598191565,0.011954807460041222,1034071.1348644843,61,0.13800904977375567,1.0,1.0,8.0,0.3404503318472911,1669307.9845809028,1034071.1348644848,3.433140793053386e-06,0.13800904977375567,2042.2488983459564,2036.786091074856,0.27385925224553653,nan,nan,nan,nan,nan,348,65,0,1500,1500,0
44,on,1750,277,0.9775855728387652,898343.577075552,918941.1157806818,0.0,2231,0,689,16.225912192836404,442,0.9782864015076915,0.013583576659182684,0.9474083544838506,0.013583576659182684,1037108.3324411664,61,0.13800904977375567,1.0,1.0,8.0,0.34897460344459885,1690490.6329050576,1037108.3324411667,0.00011315165243504715,0.13800904977375567,2005.3783012464257,2036.786091074856,0.27504939010743557,nan,nan,nan,nan,nan,361,65,0,1750,1750,0
44,on,2000,294,0.9734225821023736,894518.0337232676,918941.1157806818,0.0,2346,0,923,16.763545295223594,442,0.974492948668735,0.016127747752412224,0.9850462927541327,0.016127747752412224,1047654.2002256188,61,0.13800904977375567,1.0,1.0,8.0,0.3686162419685064,1760118.9908458577,1047654.2002256192,0.001005937635794894,0.13800904977375567,1942.6644757991414,2036.786091074856,0.27799607385613667,nan,nan,nan,nan,nan,411,65,0,2000,2000,0
44,on,2250,288,0.9734769326454908,894567.978672003,918941.1157806818,0.0,2475,0,1084,16.858964547514915,442,0.9759253148993393,0.016095202543271247,0.9803623590815912,0.016095202543271247,1043958.5297642483,61,0.13800904977375567,1.0,1.0,8.0,0.3645911518030367,1733472.8051335448,1043958.5297642488,0.0009920117214044669,0.13800904977375567,1943.4832454505395,2036.786091074856,0.27745963298141296,nan,nan,nan,nan,nan,435,65,0,2250,2250,0
44,on,2500,314,0.9709162405199921,892214.8533930264,918941.1157806818,0.0,2606,0,1261,16.62507294304669,442,0.9740627323297866,0.01761075493232316,0.9781594161094384,0.01761075493232316,1049539.7204069074,61,0.13800904977375567,1.0,1.0,8.0,0.37529623473118834,1766425.8252410428,1049539.720406908,0.0019713353467291305,0.13800904977375567,1904.9074212050223,2036.786091074856,0.2789011202185163,nan,nan,nan,nan,nan,438,65,0,2500,2500,0
44,on,2750,339,0.9704291344466308,891767.2315944682,918941.1157806818,0.0,2733,2,1430,17.38610357232392,442,0.9735353174592748,0.017932222247758433,0.9987123753702533,0.017932222247758433,1050879.6247639812,61,0.13800904977375567,1.0,1.0,8.0,0.3777715417242238,1774419.8689418389,1050879.624763982,0.002194017922108859,0.13800904977375567,1897.5693589335783,2036.786091074856,0.2791872348593363,nan,nan,nan,nan,nan,465,65,0,2750,2750,0
44,on,3000,320,0.9689428865298698,890401.4572755132,918941.1157806818,0.0,2861,4,1673,17.451936151832342,442,0.9712395201867772,0.020248123710011442,0.9980969095521184,0.020248123710011442,1064514.4335371896,61,0.13800904977375567,1.0,1.0,8.0,0.39412466360402565,1867410.5377495186,1064514.4335371898,0.002918611120773496,0.13800904977375567,1875.179615999888,2036.786091074856,0.2814584739786006,nan,nan,nan,nan,nan,473,65,0,3000,3000,0
44,on,3250,316,0.9695910125067755,890997.0468838973,918941.1157806818,0.0,2973,6,1891,16.726210759952664,442,0.9720880374746688,0.019005622709032343,0.9987758466793929,0.019005622709032343,1057829.451747959,61,0.13800904977375567,1.0,1.0,8.0,0.38609835800347625,1821609.8921906175,1057829.4517479595,0.0025928805846646323,0.13800904977375567,1884.9433800717575,2036.786091074856,0.2803799537553391,nan,nan,nan,nan,nan,480,65,0,3250,3250,0
44,on,3500,382,0.9663654982772002,888032.9892388049,918941.1157806818,0.0,3103,6,2072,16.99556347168982,442,0.969150951220897,0.02168242145875042,0.9989922326271524,0.02168242145875042,1065190.5308690981,61,0.13800904977375567,1.0,1.0,8.0,0.4013839161028896,1860192.4110869074,1065190.5308690986,0.004486678823373144,0.13800904977375567,1836.3522711358175,2036.786091074856,0.2825708517600123,nan,nan,nan,nan,nan,491,65,0,3500,3500,0
44,on,3750,350,0.96602400907497,887719.1807702804,918941.1157806818,0.0,3247,7,2309,16.97631669603288,442,0.9691744033237388,0.0216532583230422,0.9984722882992092,0.0216532583230422,1063857.3573807122,61,0.13800904977375567,1.0,1.0,8.0,0.400526733512232,1848731.9362785935,1063857.3573807124,0.004725862459560996,0.13800904977375567,1831.207870012464,2036.786091074856,0.28240665504764384,nan,nan,nan,nan,nan,512,65,0,3750,3750,0
44,on,4000,349,0.9672092130786045,888808.3134598081,918941.1157806818,0.0,3387,7,2565,16.68621064722538,442,0.9697452423542154,0.02153936258353124,0.9944504337876037,0.02153936258353124,1063233.581751192,61,0.13800904977375567,1.0,1.0,8.0,0.39680293319080384,1850265.2439328837,1063233.5817511927,0.003942931880282596,0.13800904977375567,1849.0625042670201,2036.786091074856,0.2818422807760359,nan,nan,nan,nan,nan,523,65,0,4000,4000,0
44,on,4250,374,0.9671536346179709,888757.24012718,918941.1157806818,0.0,3528,7,2770,16.590305695310235,442,0.9694213824901143,0.022026797915423738,0.9934311723211157,0.022026797915423738,1067971.7569837582,61,0.13800904977375567,1.0,1.0,8.0,0.40173469202578027,1884326.0246564464,1067971.7569837586,0.003960532484468187,0.13800904977375567,1848.225236519017,2036.786091074856,0.2824758972044421,nan,nan,nan,nan,nan,534,65,0,4250,4250,0
44,on,4500,391,0.9657054104656434,887426.4074087397,918941.1157806818,0.0,3672,11,2993,16.777202190831304,442,0.9678266713413614,0.024195644531726318,0.9983317158150309,0.024195644531726318,1075724.399737986,61,0.13800904977375567,1.0,1.0,8.0,0.4126618706389311,1932998.4730274538,1075724.3997379863,0.0048945075910651874,0.13800904977375567,1826.408306708519,2036.786091074856,0.283912047663478,nan,nan,nan,nan,nan,537,65,0,4500,4500,0
44,on,4750,361,0.9652872561228678,887042.1481904209,918941.1157806818,0.0,3813,13,3266,16.59791051223874,442,0.9682500172912482,0.02295055925006016,0.9981846048705082,0.02295055925006016,1072711.1165000715,61,0.13800904977375567,1.0,1.0,8.0,0.41110186081772415,1908845.625186766,1072711.116500072,0.005206592433332154,0.13800904977375567,1820.1089752606701,2036.786091074856,0.2838713577227092,nan,nan,nan,nan,nan,537,65,0,4750,4750,0
44,on,5000,372,0.9660433316991929,887736.9371241436,918941.1157806818,0.0,3956,14,3512,17.169240983203053,442,0.9692060116235958,0.02114950805935546,0.9900656528912364,0.02114950805935546,1060667.8393675333,61,0.13800904977375567,1.0,1.0,8.0,0.3976591736816406,1825724.0947675912,1060667.8393675338,0.004726659650265766,0.13800904977375567,1831.4989577807132,2036.786091074856,0.2820818141085639,nan,nan,nan,nan,nan,537,65,0,5000,5000,0
44,on,5250,379,0.9624974484811194,884478.4792432992,918941.1157806818,0.0,4091,14,3851,16.659987734630704,442,0.9651250897351794,0.025146099981711873,0.9971044985930501,0.025146099981711873,1076511.199192297,61,0.13800904977375567,1.0,1.0,8.0,0.4202662636222161,1919158.9048010046,1076511.1991922976,0.007396046005752437,0.13800904977375567,1778.0816154717893,2036.786091074856,0.28533865586133067,nan,nan,nan,nan,nan,537,65,0,5250,5250,0
44,on,5500,362,0.9660887557482326,887778.6791504514,918941.1157806818,0.0,4226,19,4052,16.40183146111667,442,0.9685906209838022,0.022037842379505602,0.9973968353268191,0.022037842379505602,1065644.7443193838,61,0.13800904977375567,1.0,1.0,8.0,0.4019736322439915,1862028.0347970596,1065644.7443193842,0.004673272768021653,0.13800904977375567,1832.1832532939575,2036.786091074856,0.28268689399905145,nan,nan,nan,nan,nan,543,65,0,5500,5500,0
44,on,5750,334,0.9681963663260562,889715.4491664679,918941.1157806818,0.0,4365,21,4268,16.399356672540307,442,0.971134642806485,0.01984968801196363,0.9956121062204436,0.01984968801196363,1060573.0718147787,61,0.13800904977375567,1.0,1.0,8.0,0.39198688447947316,1835609.57966536,1060573.0718147792,0.0033513597913084133,0.13800904977375567,1863.9335814253718,2036.786091074856,0.2813573710457178,nan,nan,nan,nan,nan,543,65,0,5750,5750,0
44,on,6000,378,0.9650067094634451,886784.3423301826,918941.1157806818,0.0,4490,26,4501,17.00938457623124,442,0.9676358333847814,0.022885382946457783,0.99870364520124,0.022885382946457783,1068058.2967981067,61,0.13800904977375567,1.0,1.0,8.0,0.40691185122401596,1873537.6215061492,1068058.296798107,0.00543525941901208,0.13800904977375567,1815.8826496829918,2036.786091074856,0.28333070437791563,nan,nan,nan,nan,nan,544,65,0,6000,6000,0
44,on,6250,380,0.9649440471633051,886726.7593661745,918941.1157806818,0.0,4606,29,4759,16.400744115933776,442,0.9674192554912044,0.02324590507789938,0.9985929558022061,0.02324590507789938,1069561.1668995407,61,0.13800904977375567,1.0,1.0,8.0,0.4080201731341637,1884067.0019254365,1069561.1668995412,0.005474108834523198,0.13800904977375567,1814.9386666664664,2036.786091074856,0.2833356334747468,nan,nan,nan,nan,nan,544,65,0,6250,6250,0
44,on,6500,350,0.9654387790241084,887181.3888143533,918941.1157806818,0.0,4727,33,4989,16.05196726322174,442,0.9684191400118273,0.022511466420065733,0.9887621163120197,0.022511466420065733,1066733.4086798264,61,0.13800904977375567,1.0,1.0,8.0,0.4043901506674521,1866379.9227110022,1066733.4086798267,0.0051260352063950895,0.13800904977375567,1822.3916084398907,2036.786091074856,0.2829248563264135,nan,nan,nan,nan,nan,547,65,0,6500,6500,0
44,on,6750,342,0.9662065447914269,887886.9203452312,918941.1157806818,0.0,4842,42,5193,16.067980213090777,442,0.969374127520408,0.02069582281915149,0.9870242483854212,0.02069582281915149,1057435.810353419,61,0.13800904977375567,1.0,1.0,8.0,0.39308146782987863,1803170.095693644,1057435.8103534197,0.004628217426944154,0.13800904977375567,1833.9576991100173,2036.786091074856,0.28145439124958327,nan,nan,nan,nan,nan,547,65,0,6750,6750,0
44,on,7000,412,0.9623798677157138,884370.4294435431,918941.1157806818,0.0,4949,45,5486,16.668020168319345,442,0.965479449978029,0.026172143273998562,0.9974805815678811,0.026172143273998562,1079662.945761619,61,0.13800904977375567,1.0,1.0,8.0,0.4241417506466396,1941203.43920799,1079662.9457616194,0.007475784650874863,0.13800904977375567,1776.310307279068,2036.786091074856,0.28570047286854683,nan,nan,nan,nan,nan,555,65,0,7000,7000,0
44,on,7250,366,0.9630840311244218,885017.514152033,918941.1157806818,0.0,5069,48,5809,17.79992383159697,442,0.9654722265083115,0.025517056955086433,0.9983332939587766,0.025517056955086433,1077444.5101379496,61,0.13800904977375567,1.0,1.0,8.0,0.4200719082593085,1929795.4312238551,1077444.51013795,0.0068934412177983516,0.13800904977375567,1786.9182533198864,2036.786091074856,0.2851559423385164,nan,nan,nan,nan,nan,557,65,0,7250,7250,0
44,on,7500,361,0.9659097982366047,887614.2277350388,918941.1157806818,0.0,5181,48,6028,16.8363137524575,442,0.9687293330215211,0.02180367351885395,0.9879155990155009,0.02180367351885395,1064254.7765211002,61,0.13800904977375567,1.0,1.0,8.0,0.4009601455287859,1850999.2620353948,1064254.7765211007,0.004803503190700834,0.13800904977375567,1829.4873284511286,2036.786091074856,0.2825576819840574,nan,nan,nan,nan,nan,559,65,0,7500,7500,0
44,on,7750,377,0.96356495621487,885459.4559912565,918941.1157806818,0.0,5284,49,6266,16.792474640533328,442,0.9669033023840753,0.023964556828249134,0.9987235009137252,0.023964556828249134,1073975.2302763541,61,0.13800904977375567,1.0,1.0,8.0,0.4158139495694988,1907733.0144652445,1073975.2302763546,0.006520479718369758,0.13800904977375567,1794.163201503875,2036.786091074856,0.2845630221316915,nan,nan,nan,nan,nan,559,65,0,7750,7750,0
44,on,8000,365,0.9625475919127748,884524.5581043337,918941.1157806818,0.0,5413,53,6568,16.673168616369367,442,0.9651568860756153,0.025330277569937065,0.9982037119473065,0.025330277569937065,1078250.3291422913,61,0.13800904977375567,1.0,1.0,8.0,0.42202569912310817,1932096.8833354176,1078250.3291422918,0.007341057978342739,0.13800904977375567,1778.837006636291,2036.786091074856,0.28540377657208094,nan,nan,nan,nan,nan,559,65,0,8000,8000,0
44,on,8250,387,0.9644611960226092,886283.0476001874,918941.1157806818,0.0,5530,60,6815,16.429593732580543,442,0.9671714536708498,0.02278685708808105,0.9944851320130311,0.02278685708808105,1065962.492269505,61,0.13800904977375567,1.0,1.0,8.0,0.40540546421947465,1855163.7442125638,1065962.4922695055,0.005858677749322483,0.13800904977375567,1807.6647032896287,2036.786091074856,0.28317121065260387,nan,nan,nan,nan,nan,559,65,0,8250,8250,0
44,on,8500,382,0.9633570322522182,885268.3861130198,918941.1157806818,0.0,5661,61,7091,16.834505381062627,442,0.9668095848934029,0.02368612489427654,0.9935649806582115,0.02368612489427654,1070350.7779062204,61,0.13800904977375567,1.0,1.0,8.0,0.41255753004962625,1880151.9642494102,1070350.7779062206,0.006712580601864867,0.13800904977375567,1791.0309084180283,2036.786091074856,0.28419395984810425,nan,nan,nan,nan,nan,559,65,0,8500,8500,0
44,on,8750,387,0.9618648198658046,883897.1307976671,918941.1157806818,0.0,5787,64,7377,16.963905027136207,442,0.9649160461545089,0.02617969074110303,0.997519866685996,0.02617969074110303,1080039.5782877535,61,0.13800904977375567,1.0,1.0,8.0,0.4256767451090815,1940396.3685722945,1080039.5782877542,0.007925027404347623,0.13800904977375567,1768.5513130843767,2036.786091074856,0.28587220619689147,nan,nan,nan,nan,nan,559,65,0,8750,8750,0
44,on,9000,388,0.9627117589635719,884675.4179571676,918941.1157806818,0.0,5915,64,7626,16.689782243221998,442,0.9661316391705879,0.025603898679884295,0.9899968030524181,0.025603898679884295,1075979.579191149,61,0.13800904977375567,1.0,1.0,8.0,0.41960808930756555,1916737.7723122076,1075979.5791911497,0.007216163483119535,0.13800904977375567,1781.3101189778288,2036.786091074856,0.2849944353733027,nan,nan,nan,nan,nan,559,65,0,9000,9000,0
44,on,9250,382,0.9632513552298494,885171.2751521717,918941.1157806818,0.0,6058,65,7845,16.487057607620955,442,0.9669788147591575,0.02441877671961642,0.9941656740171018,0.02441877671961642,1068111.5442529104,61,0.13800904977375567,1.0,1.0,8.0,0.4107760267442706,1863250.0254701497,1068111.544252911,0.00681408488193528,0.13800904977375567,1789.4389254533055,2036.786091074856,0.2838336956040379,nan,nan,nan,nan,nan,559,65,0,9250,9250,0
44,on,9500,366,0.9611167055013048,883209.657748822,918941.1157806818,0.0,6201,67,8174,16.64532602392137,442,0.9649162421877245,0.026060089783859076,0.9942219409996403,0.026060089783859076,1080866.1271265233,61,0.13800904977375567,1.0,1.0,8.0,0.428041948772784,1941064.344564603,1080866.1271265238,0.008598387098332997,0.13800904977375567,1757.2812631033116,2036.786091074856,0.2863073488465917,nan,nan,nan,nan,nan,562,65,0,9500,9500,0
44,on,9750,377,0.9629652654388415,884908.3754804095,918941.1157806818,0.0,6322,67,8424,16.942651975899935,442,0.9661978037783622,0.02438126784712123,0.9966356531628356,0.02438126784712123,1073993.6948844872,61,0.13800904977375567,1.0,1.0,8.0,0.41728440852135096,1904017.6924241234,1073993.6948844877,0.007014981945951348,0.13800904977375567,1785.1290947686775,2036.786091074856,0.28481256567431923,nan,nan,nan,nan,nan,562,65,0,9750,9750,0
44,on,10000,388,0.9623147311330587,884310.5727595998,918941.1157806818,0.0,6445,67,8689,16.87349934875965,442,0.9655467973910535,0.025409021755526333,0.9891955290830968,0.025409021755526333,1078992.2866884999,61,0.13800904977375567,1.0,1.0,8.0,0.4234266392511785,1935902.4406093077,1078992.2866885003,0.007536897607802582,0.13800904977375567,1775.3290501652407,2036.786091074856,0.28559291306203716,nan,nan,nan,nan,nan,562,65,0,10000,10000,0
44,on,10250,368,0.9639720652764221,885833.5652465236,918941.1157806818,0.0,6578,72,8954,16.60712763853371,442,0.9673550811570256,0.023203853190823895,0.9980129289377144,0.023203853190823895,1069097.8323847253,61,0.13800904977375567,1.0,1.0,8.0,0.4102135924068073,1874924.7171235264,1069097.8323847258,0.006223263722651335,0.13800904977375567,1800.296140114812,2036.786091074856,0.2837725762754504,nan,nan,nan,nan,nan,562,65,0,10250,10250,0
44,on,10500,392,0.9635834551686937,885476.455440524,918941.1157806818,0.0,6684,75,9215,16.35873949341476,442,0.9671884638841713,0.022264787448944907,0.9989060914084866,0.022264787448944907,1059279.6150002459,61,0.13800904977375567,1.0,1.0,8.0,0.40087328672508504,1801366.5300554326,1059279.6150002466,0.006595761660259914,0.13800904977375567,1794.441881000066,2036.786091074856,0.2826439582217217,nan,nan,nan,nan,nan,562,65,0,10500,10500,0
44,on,10750,385,0.9609189452774762,883027.92774808,918941.1157806818,0.0,6792,76,9524,16.963791456073523,442,0.9646039304121765,0.025291351524070325,0.9989564797771291,0.025291351524070325,1074394.4218445942,61,0.13800904977375567,1.0,1.0,8.0,0.4214658513162026,1892727.8024330237,1074394.4218445946,0.00883556367801229,0.13800904977375567,1754.302082763278,2036.786091074856,0.2855452018779585,nan,nan,nan,nan,nan,562,65,0,10750,10750,0
44,on,11000,408,0.959342611440442,881579.3697730328,918941.1157806818,0.0,6913,78,9816,16.518973568454385,442,0.9636263574277245,0.02664336250185641,0.9967690853078924,0.02664336250185641,1079950.2996890703,61,0.13800904977375567,1.0,1.0,8.0,0.42991583705364556,1920934.4056795544,1079950.2996890708,0.01033009728854938,0.13800904977375567,1730.5552307133235,2036.786091074856,0.2867407784576601,nan,nan,nan,nan,nan,566,65,0,11000,11000,0
44,on,11250,378,0.9613580147807699,883431.4067673419,918941.1157806818,0.0,7029,81,10097,16.928868690505624,442,0.9657588766987267,0.02386823008083098,0.9831041073760085,0.02386823008083098,1068233.9671170444,61,0.13800904977375567,1.0,1.0,8.0,0.4132909688264055,1851273.2409567921,1068233.9671170446,0.008475231567963868,0.13800904977375567,1760.9164929151136,2036.786091074856,0.2845436730141562,nan,nan,nan,nan,nan,576,65,0,11250,11250,0
44,on,11500,402,0.9616346825270298,883685.6481347905,918941.1157806818,0.0,7141,85,10359,17.082010647282004,442,0.9649189266166154,0.025565755270532155,0.9979988540441997,0.025565755270532155,1075650.2122897927,61,0.13800904977375567,1.0,1.0,8.0,0.4207767379627516,1906977.8749827293,1075650.2122897932,0.008164393687257163,0.13800904977375567,1765.0843841847604,2036.786091074856,0.28531634195936495,nan,nan,nan,nan,nan,576,65,0,11500,11500,0
44,on,11750,381,0.960870949717846,882983.8226549609,918941.1157806818,0.0,7256,88,10703,17.36084329523146,442,0.9645669649074632,0.025720018290026556,0.9948677409397778,0.025720018290026556,1075220.5556355158,61,0.13800904977375567,1.0,1.0,8.0,0.42163359315226523,1898361.3202214455,1075220.5556355165,0.008874028341029542,0.13800904977375567,1753.5790484498507,2036.786091074856,0.2855349161914418,nan,nan,nan,nan,nan,576,65,0,11750,11750,0
44,on,12000,383,0.9644755441056114,886296.2326435908,918941.1157806818,0.0,7360,95,10933,16.82997627556324,442,0.967091693999688,0.023605507579420565,0.9979487124042815,0.023605507579420565,1068856.8689649636,61,0.13800904977375567,1.0,1.0,8.0,0.40703094439168486,1876221.451585821,1068856.8689649643,0.005831794159277245,0.13800904977375567,1807.8808515421445,2036.786091074856,0.2832492156669475,nan,nan,nan,nan,nan,576,65,0,12000,12000,0
44,on,12250,380,0.961760781457519,883801.525626673,918941.1157806818,0.0,7476,99,11245,16.351863477379084,442,0.9647170347397597,0.025913071212611646,0.9976967705610696,0.025913071212611646,1077567.1096342693,61,0.13800904977375567,1.0,1.0,8.0,0.4223821167754722,1921754.2179461385,1077567.10963427,0.008036306990494726,0.13800904977375567,1766.9840151992298,2036.786091074856,0.28548211782312793,nan,nan,nan,nan,nan,576,65,0,12250,12250,0
44,on,12500,360,0.9621553661539197,884164.1257278535,918941.1157806818,0.0,7591,101,11557,16.583765188232064,442,0.9652196912518369,0.0250688840596827,0.9962531106457195,0.0250688840596827,1073530.369485718,61,0.13800904977375567,1.0,1.0,8.0,0.417446365123914,1895238.8167105494,1073530.3694857184,0.007714998580050331,0.13800904977375567,1772.92827915301,2036.786091074856,0.28484789827207724,nan,nan,nan,nan,nan,576,65,0,12500,12500,0
44,on,12750,376,0.9633021065565842,885217.9126329888,918941.1157806818,0.0,7708,102,11829,16.639560827985406,442,0.9661813929849066,0.022934510646103117,0.9929702053820554,0.022934510646103117,1063463.5128286642,61,0.13800904977375567,1.0,1.0,8.0,0.40453958745557306,1829896.3635741307,1063463.5128286646,0.00680162356221617,0.13800904977375567,1790.2034743191616,2036.786091074856,0.2831550106882432,nan,nan,nan,nan,nan,580,65,0,12750,12750,0
44,on,13000,403,0.9637897120154191,885665.9933373912,918941.1157806818,0.0,7837,103,12083,16.697573948651552,442,0.9665505026052365,0.023461989480610596,0.9978725607593315,0.023461989480610596,1068422.1652438901,61,0.13800904977375567,1.0,1.0,8.0,0.4087846579813823,1868902.3977231132,1068422.1652438908,0.0063727105396964145,0.13800904977375567,1797.5490596372301,2036.786091074856,0.2835863935178644,nan,nan,nan,nan,nan,580,65,0,13000,13000,0
44,on,13250,391,0.9630105506973686,884949.9899664088,918941.1157806818,0.0,7972,105,12362,16.145521979779005,442,0.9667204777486315,0.02330825985100881,0.9979799827580991,0.02330825985100881,1068658.944523149,61,0.13800904977375567,1.0,1.0,8.0,0.4108024174343843,1865658.1908033811,1068658.9445231494,0.007011829569403985,0.13800904977375567,1785.8112994571923,2036.786091074856,0.283959683550175,nan,nan,nan,nan,nan,580,65,0,13250,13250,0
44,on,13500,372,0.9633642657749599,885275.033294479,918941.1157806818,0.0,8100,105,12646,16.54998273216188,442,0.9674975832488856,0.022473389144004974,0.9921885082267506,0.022473389144004974,1062972.0352829364,61,0.13800904977375567,1.0,1.0,8.0,0.4038555830878281,1826732.478958676,1062972.0352829366,0.006753183914332113,0.13800904977375567,1791.139878605885,2036.786091074856,0.2830987958903406,nan,nan,nan,nan,nan,580,65,0,13500,13500,0
44,on,13750,377,0.963450524723556,885354.3001889479,918941.1157806818,0.0,8210,113,12908,16.38286278769374,442,0.9674725554928442,0.02205081584734491,0.996336221641717,0.02205081584734491,1062524.5882597289,61,0.13800904977375567,1.0,1.0,8.0,0.403429350034163,1824039.1729689408,1062524.5882597293,0.0066847386928492025,0.13800904977375567,1792.4393358922614,2036.786091074856,0.28301873976091296,nan,nan,nan,nan,nan,580,65,0,13750,13750,0
44,on,14000,373,0.9624113096778003,884399.3227552652,918941.1157806818,0.0,8349,114,13214,16.86816937662661,442,0.9663846107120078,0.02379057020006566,0.991276209753508,0.02379057020006566,1071354.827432572,61,0.13800904977375567,1.0,1.0,8.0,0.41469403497992885,1881216.1376223485,1071354.8274325724,0.007506383164011255,0.13800904977375567,1776.7839681269681,2036.786091074856,0.28454944818441863,nan,nan,nan,nan,nan,580,65,0,14000,14000,0
44,on,14250,360,0.9641969108961979,886040.1851312388,918941.1157806818,0.0,8460,114,13484,16.493418477475643,442,0.9679437731795962,0.02234443224952271,0.9925098920669169,0.02234443224952271,1063985.1415446918,61,0.13800904977375567,1.0,1.0,8.0,0.40357802203348614,1839249.7532932777,1063985.1415446922,0.0060753242904810064,0.13800904977375567,1803.6833513396496,2036.786091074856,0.28294862937199383,nan,nan,nan,nan,nan,580,65,0,14250,14250,0
44,on,14500,360,0.965117378250652,886886.0404289805,918941.1157806818,0.0,8575,117,13719,16.605530431494117,442,0.9686099539410683,0.021448653989614486,0.9969964514119148,0.021448653989614486,1060216.1139658072,61,0.13800904977375567,1.0,1.0,8.0,0.39772921979670706,1817346.4589595282,1060216.1139658075,0.005393126890686597,0.13800904977375567,1817.5498316304966,2036.786091074856,0.28214233286145407,nan,nan,nan,nan,nan,580,65,0,14500,14500,0
44,on,14750,399,0.9628350634510349,884788.7275204576,918941.1157806818,0.0,8687,123,14003,17.289085077121854,442,0.9660377631069038,0.024419042554717777,0.9982364070975168,0.024419042554717777,1072393.652698658,61,0.13800904977375567,1.0,1.0,8.0,0.4150906590240637,1891569.6520987567,1072393.6526986584,0.007135389501275228,0.13800904977375567,1783.167652802255,2036.786091074856,0.28450344430892804,nan,nan,nan,nan,nan,580,65,0,14750,14750,0
44,on,15000,409,0.9615178263405938,883578.2641804412,918941.1157806818,0.0,8815,125,14289,16.929025173187256,442,0.9653829635385333,0.024382366215448332,0.9952768372409553,0.024382366215448332,1074205.910942622,61,0.13800904977375567,1.0,1.0,8.0,0.4193541960503928,1895685.354715288,1074205.9109426225,0.00828165285331464,0.13800904977375567,1763.323991490509,2036.786091074856,0.2854212524475188,nan,nan,nan,nan,nan,580,65,0,15000,15000,0
44,on,15250,357,0.9634678826157991,885370.2510698134,918941.1157806818,0.0,8941,126,14608,16.733888763934374,442,0.9671602229585767,0.02264023386571655,0.9961007454680791,0.02264023386571655,1066984.8821894932,61,0.13800904977375567,1.0,1.0,8.0,0.40807185697790627,1856468.117564449,1066984.8821894936,0.006642554591469128,0.13800904977375567,1792.7008257425148,2036.786091074856,0.28364923953463816,nan,nan,nan,nan,nan,580,65,0,15250,15250,0
44,on,15500,367,0.9650985374668802,886868.7268581191,918941.1157806818,0.0,9059,131,14846,16.764234598726034,442,0.9683524366911735,0.022590943139209892,0.9957795354793784,0.022590943139209892,1064953.8040202751,61,0.13800904977375567,1.0,1.0,8.0,0.4027700306764752,1851567.949816891,1064953.8040202756,0.005383045378991236,0.13800904977375567,1817.2660025999862,2036.786091074856,0.28275147557500824,nan,nan,nan,nan,nan,580,65,0,15500,15500,0
44,on,15750,354,0.9656112564144618,887339.8853798916,918941.1157806818,0.0,9190,132,15045,16.351792247965932,442,0.9695034019060074,0.02137126244067808,0.9966679194280718,0.02137126244067808,1060928.8911465758,61,0.13800904977375567,1.0,1.0,8.0,0.39759349634143315,1825275.5051484178,1060928.8911465763,0.005029910231805435,0.13800904977375567,1824.989912792976,2036.786091074856,0.2820525716698594,nan,nan,nan,nan,nan,580,65,0,15750,15750,0
44,on,16000,361,0.9640066733601363,885865.368037587,918941.1157806818,0.0,9309,135,15352,16.38857045955956,442,0.9683778790579838,0.02154891480538824,0.995191029583488,0.02154891480538824,1062913.4069975694,61,0.13800904977375567,1.0,1.0,8.0,0.4026980087912879,1830325.3044059814,1062913.4069975698,0.00623190458893162,0.13800904977375567,1800.8174973453592,2036.786091074856,0.28303509410776373,nan,nan,nan,nan,nan,580,65,0,16000,16000,0
44,on,16250,377,0.9636329674452886,885521.954307223,918941.1157806818,0.0,9434,140,15611,16.75442980788648,442,0.9680763897205644,0.022203260511326706,0.9963573897370654,0.022203260511326706,1065434.1718730005,61,0.13800904977375567,1.0,1.0,8.0,0.40619411143917206,1846272.9919566303,1065434.1718730011,0.006517356766373889,0.13800904977375567,1795.1877640607036,2036.786091074856,0.2834623808529042,nan,nan,nan,nan,nan,580,65,0,16250,16250,0
44,on,16500,376,0.9652478122812624,887005.9016226054,918941.1157806818,0.0,9550,146,15865,16.7913649789989,442,0.9683245888803687,0.022588646800313247,0.9922213002057848,0.022588646800313247,1064726.0802892873,61,0.13800904977375567,1.0,1.0,8.0,0.40230352968900984,1850764.5697314874,1064726.0802892877,0.005274450160223731,0.13800904977375567,1819.5147692309088,2036.786091074856,0.2826775878463177,nan,nan,nan,nan,nan,580,65,0,16500,16500,0
44,on,16750,392,0.9645369704553968,886352.6798420008,918941.1157806818,0.0,9667,151,16088,16.38916789367795,442,0.9672616467462479,0.024706800876797032,0.998553310809835,0.024706800876797032,1078657.9797965996,61,0.13800904977375567,1.0,1.0,8.0,0.41765826498433545,1947603.7734684658,1078657.9797966,0.0057321762591205075,0.13800904977375567,1808.806215450504,2036.786091074856,0.2846599630512405,nan,nan,nan,nan,nan,580,65,0,16750,16750,0
44,on,17000,385,0.9645047161639432,886323.0400474238,918941.1157806818,0.0,9807,152,16262,16.533771008253098,442,0.9669772204920501,0.02459677920684821,0.9951773521289508,0.02459677920684821,1076562.439289678,61,0.13800904977375567,1.0,1.0,8.0,0.4156522915549703,1932228.515417924,1076562.4392896784,0.005767841867358834,0.13800904977375567,1808.3203171787495,2036.786091074856,0.28442398767775745,nan,nan,nan,nan,nan,580,65,0,17000,17000,0
44,on,17250,400,0.961515176739921,883575.8293534425,918941.1157806818,0.0,9927,153,16520,16.848551427945495,442,0.964689696185877,0.026611401021947225,0.994712478363726,0.026611401021947225,1085102.9392335825,61,0.13800904977375567,1.0,1.0,8.0,0.430858664555559,1974625.3307309735,1085102.939233583,0.008200878771523182,0.13800904977375567,1763.2840762938113,2036.786091074856,0.2866356184060297,nan,nan,nan,nan,nan,580,65,0,17250,17250,0
44,on,17500,395,0.9618913255283655,883921.4879407953,918941.1157806818,0.0,10047,154,16882,16.885246148332953,442,0.965561865804442,0.025497551185039543,0.9976033421208459,0.025497551185039543,1080404.3251825883,61,0.13800904977375567,1.0,1.0,8.0,0.42532419018723844,1943223.799130411,1080404.325182589,0.007898782841762446,0.13800904977375567,1768.9506105127084,2036.786091074856,0.2859929159558199,nan,nan,nan,nan,nan,580,65,0,17500,17500,0
44,on,17750,389,0.9642368265697145,886076.8652847973,918941.1157806818,0.0,10184,156,17114,17.496559707447886,442,0.967583414832012,0.02238262617581009,0.9989021686146191,0.02238262617581009,1064954.191186436,61,0.13800904977375567,1.0,1.0,8.0,0.40461551680225916,1846512.7269937145,1064954.1911864365,0.006038521066139129,0.13800904977375567,1804.2846653324161,2036.786091074856,0.28313913258741974,nan,nan,nan,nan,nan,580,65,0,17750,17750,0
44,on,18000,369,0.9666409473339351,888286.1107023417,918941.1157806818,0.0,10327,159,17349,16.9440162666142,442,0.9694518567191476,0.02153045601134174,0.9986979743410909,0.02153045601134174,1065330.687381909,61,0.13800904977375567,1.0,1.0,8.0,0.40006005678660483,1862626.976204037,1065330.6873819092,0.00430226252409458,0.13800904977375567,1840.5018033249444,2036.786091074856,0.2822271824791629,nan,nan,nan,nan,nan,580,65,0,18000,18000,0
44,on,18250,380,0.9649262905541087,886710.4420879071,918941.1157806818,0.0,10446,162,17569,17.152779994532466,442,0.967778591973379,0.023330801405616466,0.9925483033418282,0.023330801405616466,1074510.0068171963,61,0.13800904977375567,1.0,1.0,8.0,0.4128857899718923,1919823.4406060851,1074510.0068171965,0.0054620450136319216,0.13800904977375567,1814.671170301427,2036.786091074856,0.28403329723830484,nan,nan,nan,nan,nan,580,65,0,18250,18250,0
44,on,18500,401,0.9629350740061137,884880.6313315316,918941.1157806818,0.0,10567,164,17884,17.137046799063683,442,0.9667265595966095,0.024501099841674544,0.9989145051041434,0.024501099841674544,1077753.0251624058,61,0.13800904977375567,1.0,1.0,8.0,0.4205952862515603,1931059.9260017483,1077753.0251624063,0.0070158037335608546,0.13800904977375567,1784.6742726559269,2036.786091074856,0.2852138368287713,nan,nan,nan,nan,nan,580,65,0,18500,18500,0
44,on,18750,360,0.963917521091173,885783.4423520714,918941.1157806818,0.0,10701,166,18168,17.514387352392077,442,0.967505061098981,0.02274559965973693,0.9985124646320943,0.02274559965973693,1066013.9777072212,61,0.13800904977375567,1.0,1.0,8.0,0.4058346349526143,1852243.8221531447,1066013.9777072214,0.006284712941598666,0.13800904977375567,1799.474453320516,2036.786091074856,0.2834249913884779,nan,nan,nan,nan,nan,580,65,0,18750,18750,0
44,on,19000,341,0.9684290021464328,889929.2277868153,918941.1157806818,0.0,10837,169,18364,16.609009804204106,442,0.9710540171733623,0.019635323857588666,0.997198020280483,0.019635323857588666,1057429.2249005574,61,0.13800904977375567,1.0,1.0,8.0,0.388062640414109,1813863.3293858757,1057429.224900558,0.003226404464032088,0.13800904977375567,1867.4381489720529,2036.786091074856,0.28070601292063446,nan,nan,nan,nan,nan,580,65,0,19000,19000,0
44,on,19250,380,0.9663793989058986,888045.7630980511,918941.1157806818,0.0,10961,173,18555,16.588295811787248,442,0.9689569847705455,0.021792739039115876,0.9976886814977417,0.021792739039115876,1063522.897394773,61,0.13800904977375567,1.0,1.0,8.0,0.3985798492952808,1848181.2247351098,1063522.8973947736,0.00448432915749398,0.13800904977375567,1836.5616786644448,2036.786091074856,0.2822105200701468,nan,nan,nan,nan,nan,580,65,0,19250,19250,0
44,on,19500,395,0.9641317393903133,885980.2963549041,918941.1157806818,0.0,11068,179,18818,17.15216477587819,442,0.9666582541017166,0.02359100570951508,0.9978340531311883,0.02359100570951508,1070500.2166607345,61,0.13800904977375567,1.0,1.0,8.0,0.4103399259797875,1886061.9716663247,1070500.216660735,0.006089321622043253,0.13800904977375567,1802.701568121051,2036.786091074856,0.2840073978548141,nan,nan,nan,nan,nan,580,65,0,19500,19500,0
44,on,19750,382,0.9617804878386865,883819.6346305711,918941.1157806818,0.0,11196,181,19100,16.652150727808475,442,0.9650343816813073,0.025714178181082296,0.9961833043004259,0.025714178181082296,1079485.9163765272,61,0.13800904977375567,1.0,1.0,8.0,0.424524970126577,1935795.7106927177,1079485.9163765276,0.008004378413552752,0.13800904977375567,1767.2808841155922,2036.786091074856,0.2858408319046988,nan,nan,nan,nan,nan,580,65,0,19750,19750,0
44,on,20000,364,0.9637463941215237,885626.1867436417,918941.1157806818,0.0,11314,185,19319,16.420010808855295,442,0.9664238535362603,0.0242582811756842,0.9958826708305675,0.0242582811756842,1073242.6724486158,61,0.13800904977375567,1.0,1.0,8.0,0.41424821684277013,1903561.8067239828,1073242.6724486162,0.006378744036026367,0.13800904977375567,1796.8964925265855,2036.786091074856,0.28435394302914774,20407926.547,2.897618422121255,6308280.147999999,0.895680838847082,352.15,580,65,0,20000,20000,0
