seed,arm,tick,pop,global_sat,abs_food,abs_cap,cap_lost_frac,d_starv,d_old,d_pred,ms_per_tick,n_patches,patch_sat_mean,patch_sat_var,patch_sat_range,patch_sat_init_var,patch_abs_food_var,l1_visited_patch_n,l1_visited_patch_frac,l1_first_visit_median,l1_first_visit_p25,l1_first_visit_p75,l2_visited_gini,l2_visited_var,l2_total_var,l2_between_share,l2_visited_frac,l2_visited_mean,l2_unvisited_mean,l2_total_gini,l3_forage_sum,l3_intake_per_capita,l3_net_sum,l3_net_per_capita,l3_pop_mean,l0_peak_dead,l0_peak_rest,l0_peak_demoted,l0_any_dead,l0_any_rest,l0_any_demoted,bg_low_frac_actual,bg_low_n,bg_resid_frac
42,off,250,883,0.996674923162287,3322292.100432053,3333375.831199768,0.0,8364,0,915,22.247242152690887,1329,0.9963554551190541,0.000131557663910517,0.12818098198078964,0.000131557663910517,2290063.5726162107,764,0.5748683220466516,1.0,1.0,1.0,0.33448489926593905,2932623.209273573,2290063.572616211,0.01827177191986205,0.5748683220466516,2515.024593687272,2101.2458470427146,0.32334468462787846,nan,nan,nan,nan,nan,0,0,0,0,0,0,0.4,166681,0.500697
42,off,500,1306,0.9907399218349686,3302508.510449432,3333375.831199768,0.0,8458,0,1399,14.511848624795675,1329,0.9910025157514809,0.0007655735020632041,0.33524794441972106,0.0007655735020632041,2257520.5893666698,764,0.5748683220466516,1.0,1.0,1.0,0.3355745286807721,2884793.406590357,2257520.589366671,0.016299463498551298,0.5748683220466516,2489.268063902352,2101.2458470427146,0.32371463766411,nan,nan,nan,nan,nan,0,0,0,0,0,0,0.4,166681,0.326203
42,off,750,2233,0.978051234829876,3260212.3478569975,3333375.831199768,0.0,8746,0,2455,16.550533356145024,1329,0.9788992583678642,0.005518163283960219,1.0,0.005518163283960219,2248525.0425817505,766,0.5763732129420617,1.0,1.0,1.0,0.342941243798327,2879051.2569100223,2248525.0425817515,0.012357296600089818,0.5763732129420617,2435.6793296972915,2098.339983811161,0.32797313798329464,nan,nan,nan,nan,nan,0,0,0,0,0,0,0.4,166681,0.215656
42,off,1000,3373,0.9613328621723013,3204483.728503247,3333375.831199768,0.0,9554,0,3897,19.435543704777956,1329,0.9628339002784948,0.013465198153940313,0.989364160956338,0.013465198153940313,2220640.7144218343,769,0.5786305492851769,1.0,1.0,1.0,0.3535308540662516,2851483.444466376,2220640.7144218357,0.008545209598661596,0.5786305492851769,2368.5929952566644,2089.6160551951534,0.3339886942865897,nan,nan,nan,nan,nan,0,0,0,0,0,0,0.4,166681,0.152019
42,off,1250,4772,0.940088794958114,3133669.2682950916,3333375.831199768,0.0,10968,4,5759,22.877838185057044,1329,0.9434506598787485,0.025078904376053236,0.993097506867604,0.025078904376053236,2223350.4012620966,774,0.582392776523702,1.0,1.0,1.0,0.3694659356169674,2857647.234671822,2223350.4012620975,0.00412428617886566,0.582392776523702,2279.3041176649567,2085.132225829883,0.34391265841611784,nan,nan,nan,nan,nan,0,0,0,0,0,0,0.4,166681,0.116574
42,off,1500,6048,0.9201767922428808,3067295.079693349,3333375.831199768,0.0,13075,26,7722,26.698098899796605,1329,0.9264696176210189,0.037737413923738354,0.9997338262628611,0.037737413923738354,2204273.118368264,781,0.5876598946576373,1.0,1.0,1.0,0.3862120251934187,2815597.291128061,2204273.118368264,0.0016905754782473258,0.5876598946576373,2199.82810135658,2075.817398326149,0.3549173351077064,nan,nan,nan,nan,nan,0,0,0,0,0,0,0.4,166681,0.104088
42,off,1750,7386,0.8985253086177956,2995122.5474678725,3333375.831199768,0.0,15584,61,10498,30.883906539529562,1329,0.906436070452793,0.05168287020248225,0.998061834438438,0.05168287020248225,2213164.488855268,786,0.5914221218961625,1.0,1.0,1.0,0.4069242200550882,2834149.200661792,2213164.488855269,0.00028573310250696373,0.5914221218961625,2115.8156213001553,2064.6591101527742,0.3677087452838843,nan,nan,nan,nan,nan,0,0,0,0,0,0,0.4,166681,0.099869
42,off,2000,8515,0.8814418592303939,2938176.990166383,3333375.831199768,0.0,18743,98,13763,35.681750901043415,1329,0.892611228154686,0.06239857280160058,0.9997027142515763,0.06239857280160058,2183063.8684134884,789,0.5936794582392777,1.0,1.0,1.0,0.41924629621647735,2784594.6366548045,2183063.868413489,1.9932542486678613e-05,0.5936794582392777,2047.022536398381,2060.453407141769,0.37495057208103777,nan,nan,nan,nan,nan,0,0,0,0,0,0,0.4,166681,0.100997
42,off,2250,9567,0.86266251844488,2875578.389466087,3333375.831199768,0.0,22594,141,17735,40.397120367735624,1329,0.8769259527638792,0.07198964536587808,0.9998681919171282,0.07198964536587808,2175678.6660976107,799,0.6012039127163281,1.0,1.0,1.0,0.4309628445520901,2743283.574932948,2175678.666097611,0.0005122060189176167,0.6012039127163281,1978.5915065583886,2046.76779776129,0.38411718812564777,nan,nan,nan,nan,nan,0,0,0,0,0,0,0.4,166681,0.103306
42,off,2500,10255,0.8509627082015017,2836578.524771186,3333375.831199768,0.0,26876,164,22199,42.25086513534188,1329,0.8670827182766327,0.07805508631431352,0.9995829745693912,0.07805508631431352,2174147.9199796673,805,0.6057185854025583,1.0,1.0,8.0,0.4378267547556074,2723364.0487522124,2174147.9199796678,0.00110188799069199,0.6057185854025583,1937.2410308701744,2037.3964992607036,0.38965268932082364,nan,nan,nan,nan,nan,0,0,0,0,0,0,0.4,166681,0.104665
42,off,2750,11052,0.8388568649411198,2796225.1994307367,3333375.831199768,0.0,31219,225,26977,45.37938413955271,1329,0.8577650624870887,0.08378179989990761,0.9999881349070395,0.08378179989990761,2145366.754167185,818,0.6155003762227238,1.0,1.0,8.0,0.4409827659017913,2638134.330575226,2145366.7541671856,0.0017087996404257467,0.6155003762227238,1898.919232920871,2023.380501760128,0.3943929888999438,nan,nan,nan,nan,nan,0,0,0,0,0,0,0.4,166681,0.106656
42,off,3000,11790,0.8248831699084535,2749645.6221362907,3333375.831199768,0.0,35810,285,32254,48.81112692691386,1329,0.8475125953616804,0.09048747140921483,0.9999224396738592,0.09048747140921483,2114520.2791870814,818,0.6155003762227238,1.0,1.0,8.0,0.44946340524291695,2581405.4967133417,2114520.279187082,0.003659745727276055,0.6155003762227238,1842.5431419500703,2023.3726340722105,0.3994547514274096,nan,nan,nan,nan,nan,0,0,0,0,0,0,0.4,166681,0.108952
42,off,3250,12473,0.8175475644235657,2725193.2921057492,3333375.831199768,0.0,40614,336,37818,49.55353940092027,1329,0.8403297168458342,0.09179222806883518,1.0,0.09179222806883518,2106467.5180750513,828,0.6230248306997742,1.0,1.0,9.0,0.4505853969318818,2543449.296365095,2106467.5180750517,0.004095378732040916,0.6230248306997742,1821.6509014273825,2013.3037895411976,0.40243113084170945,nan,nan,nan,nan,nan,0,0,0,0,0,0,0.4,166681,0.111521
42,off,3500,13255,0.8024155365101302,2674752.555982063,3333375.831199768,0.0,45654,428,44482,53.290319960564375,1329,0.8283921071137993,0.09657755501653541,0.9997214360311963,0.09657755501653541,2050589.7513258096,832,0.6260346124905944,1.0,1.0,9.0,0.45328298919083365,2441104.082647285,2050589.7513258103,0.006705164246905317,0.6260346124905944,1765.5572331574626,2007.8995329569568,0.40474130883175596,nan,nan,nan,nan,nan,0,0,0,0,0,0,0.4,166681,0.113385
42,off,3750,13937,0.7928636332805009,2642912.472614458,3333375.831199768,0.0,50872,492,51291,55.39223654381931,1329,0.8221487314513949,0.10310168394204379,0.9999248152651505,0.10310168394204379,2052263.092860757,839,0.6313017306245298,1.0,1.0,9.0,0.46171599588067336,2453694.767479244,2052263.0928607571,0.006979351410634835,0.6313017306245298,1741.2769281891142,1989.3445086950437,0.41077117956219555,nan,nan,nan,nan,nan,0,0,0,0,0,0,0.4,166681,0.115458
42,off,4000,14551,0.7812640406124804,2604246.6707631163,3333375.831199768,0.0,56167,566,58211,57.274836394935846,1329,0.8141235079423162,0.1077536679784237,1.0,0.1077536679784237,2056082.0326411524,845,0.63581640331076,1.0,1.0,10.0,0.4685254723362171,2443866.6319777817,2056082.0326411524,0.008506236922831313,0.63581640331076,1703.8474834030806,1978.6767013674996,0.41657700133880393,nan,nan,nan,nan,nan,0,0,0,0,0,0,0.4,166681,0.118043
42,off,4250,15069,0.7747718483164633,2582605.7538720714,3333375.831199768,0.0,61318,666,65439,59.226492485031486,1329,0.8080850025197766,0.10884653789524036,1.0,0.10884653789524036,2014554.3570589535,847,0.63732129420617,1.0,1.0,10.0,0.46821319275175477,2369773.6608683793,2014554.3570589535,0.010199592255681235,0.63732129420617,1679.6934463066316,1977.8474578396622,0.4167034767441391,nan,nan,nan,nan,nan,0,0,0,0,0,0,0.4,166681,0.120374
42,off,4500,15448,0.766882659062958,2556308.121086676,3333375.831199768,0.0,67127,744,73136,62.893237983807914,1329,0.8017659325012714,0.11193145473055728,1.0,0.11193145473055728,1991356.0498715537,849,0.6388261851015802,1.0,1.0,10.0,0.4698675975940976,2324691.434378287,1991356.0498715541,0.012020655276729688,0.6388261851015802,1651.8169729691651,1973.915728931232,0.4182447491885113,nan,nan,nan,nan,nan,0,0,0,0,0,0,0.4,166681,0.122398
42,off,4750,15904,0.7579025162991692,2526373.9302371386,3333375.831199768,0.0,72955,819,81471,64.0007097478956,1329,0.7949486242501654,0.11722397874534159,1.0,0.11722397874534159,2005471.616327252,855,0.6433408577878104,1.0,1.0,10.0,0.47967152473372754,2327349.0026251455,2005471.6163272525,0.013617492596149708,0.6433408577878104,1622.9664922224003,1967.9589387889143,0.42613120401049875,nan,nan,nan,nan,nan,0,0,0,0,0,0,0.4,166681,0.124127
42,off,5000,16167,0.7528650073711094,2509582.019726891,3333375.831199768,0.0,78871,911,89708,65.9212602507323,1329,0.7919843191607409,0.11943663029707363,1.0,0.11943663029707363,1957579.5858967816,856,0.6440933032355154,1.0,1.0,10.0,0.4785126059171436,2247350.447031949,1957579.5858967819,0.015243811968894681,0.6440933032355154,1605.2008563256395,1965.998783271493,0.42553194301046027,nan,nan,nan,nan,nan,0,0,0,0,0,0,0.4,166681,0.125531
42,off,5250,16701,0.7470129555435449,2490074.9316019593,3333375.831199768,0.0,84809,1026,97376,65.15954509191215,1329,0.7871848190564426,0.1211954144043642,1.0,0.1211954144043642,1942224.1228748083,861,0.6478555304740407,1.0,1.0,10.0,0.47838423045583633,2231009.5862056646,1942224.122874809,0.01550121799281815,0.6478555304740407,1591.1159828703583,1954.3889343969347,0.4260473066739918,nan,nan,nan,nan,nan,0,0,0,0,0,0,0.4,166681,0.126836
42,off,5500,17201,0.738787427693162,2462656.1558666322,3333375.831199768,0.0,91135,1131,105603,68.984230408445,1329,0.7819407769067063,0.12213049925421457,1.0,0.12213049925421457,1923265.103567356,862,0.6486079759217457,1.0,1.0,10.0,0.4803017638082958,2193229.527764068,1923265.1035673567,0.018093066731733273,0.6486079759217457,1561.4095804037647,1952.1502137188002,0.4279682977159269,nan,nan,nan,nan,nan,0,0,0,0,0,0,0.4,166681,0.128526
42,off,5750,17643,0.7333342436655595,2444478.6440259377,3333375.831199768,0.0,97405,1218,114378,71.17792977951467,1329,0.7768419892920517,0.12557942229407204,1.0,0.12557942229407204,1927775.5410815494,862,0.6486079759217457,1.0,1.0,10.0,0.4881571423160218,2194263.498766211,1927775.5410815498,0.02004256134265129,0.6486079759217457,1540.4152467807478,1952.1502137188002,0.4329886508404066,nan,nan,nan,nan,nan,0,0,0,0,0,0,0.4,166681,0.129875
42,off,6000,17786,0.7290204708163321,2430099.2178690373,3333375.831199768,0.0,103876,1316,123794,73.78984458371997,1329,0.7736132971278259,0.1262380684800446,1.0,0.1262380684800446,1929127.2713222331,866,0.6516177577125658,1.0,1.0,10.0,0.48699059517681165,2186472.392254241,1929127.2713222331,0.020714302488426317,0.6516177577125658,1528.3541838712572,1947.9113435324725,0.4335118755791356,nan,nan,nan,nan,nan,0,0,0,0,0,0,0.4,166681,0.131008
42,off,6250,18455,0.7232406644282247,2410832.950945906,3333375.831199768,0.0,110213,1419,132566,72.9889761954546,1329,0.7686637007959182,0.12981836310141723,1.0,0.12981836310141723,1927736.906545769,866,0.6516177577125658,1.0,1.0,10.0,0.4928512028177767,2177805.9735257514,1927736.9065457692,0.022937441955637485,0.6516177577125658,1506.57274484351,1947.9113435324725,0.4374002075134238,nan,nan,nan,nan,nan,0,0,0,0,0,0,0.4,166681,0.132275
42,off,6500,18407,0.7207465831330399,2402519.2406354896,3333375.831199768,0.0,116864,1505,141941,74.97484936565161,1329,0.7651826576090671,0.12999592241330543,1.0,0.12999592241330543,1938360.2350261763,868,0.653122648607976,1.0,1.0,10.0,0.49639295729427624,2209328.168965127,1938360.2350261766,0.021997877799267717,0.653122648607976,1503.6155154447138,1937.4482258449966,0.4398718192013218,nan,nan,nan,nan,nan,0,0,0,0,0,0,0.4,166681,0.133595
42,off,6750,18756,0.718751345386756,2395868.3633545293,3333375.831199768,0.0,123414,1595,151155,76.3475737478584,1329,0.7640124889312865,0.13069652389801006,1.0,0.13069652389801006,1926096.0270241722,869,0.653875094055681,1.0,1.0,10.0,0.49723576447974605,2188278.6514914515,1926096.0270241725,0.022489450469345203,0.653875094055681,1497.6675591538747,1935.1539687980462,0.4405673766635225,nan,nan,nan,nan,nan,0,0,0,0,0,0,0.4,166681,0.134473
42,off,7000,19292,0.7116269010848847,2372119.9129079427,3333375.831199768,0.0,130043,1697,160771,78.19076645933092,1329,0.758360596543365,0.13538869855620056,1.0,0.13538869855620056,1930027.4306721434,869,0.653875094055681,1.0,1.0,10.0,0.5043893526092886,2185905.121640243,1930027.4306721436,0.025284737473726712,0.653875094055681,1470.8021595464304,1935.1539687980462,0.4454415316571394,nan,nan,nan,nan,nan,0,0,0,0,0,0,0.4,166681,0.135319
42,off,7250,19145,0.7111913214018369,2370667.9621199095,3333375.831199768,0.0,136563,1828,170271,79.02703706920147,1329,0.7560867906196483,0.13659277858489666,0.9997541387082699,0.13659277858489666,1942596.5432851403,871,0.6553799849510911,1.0,1.0,10.5,0.5074712513256707,2216616.4271611352,1942596.543285141,0.023651786831265616,0.6553799849510911,1475.127846416194,1926.1589042919857,0.4473248690702032,nan,nan,nan,nan,nan,0,0,0,0,0,0,0.4,166681,0.136144
42,off,7500,19720,0.7049467043338722,2349852.3065104582,3333375.831199768,0.0,143031,1933,179474,80.13861061260104,1329,0.7501210163304939,0.13973959647244386,1.0,0.13973959647244386,1970281.9671493182,875,0.6583897667419112,1.0,1.0,11.0,0.5150829159480299,2246019.9522427917,1970281.9671493191,0.024795144210653947,0.6583897667419112,1455.6911266446753,1921.7497398125363,0.45354881667398805,nan,nan,nan,nan,nan,0,0,0,0,0,0,0.4,166681,0.136952
42,off,7750,19837,0.7022844007837055,2340977.848201015,3333375.831199768,0.0,149612,2044,189334,83.39107469283044,1329,0.7469110677744489,0.14032095170439324,1.0,0.14032095170439324,1955798.8464109616,876,0.6591422121896162,1.0,1.0,11.0,0.5158015799578892,2220941.3131112987,1955798.846410962,0.02557562426480392,0.6591422121896162,1447.6171046885424,1919.4617612160584,0.4543830586026496,nan,nan,nan,nan,nan,0,0,0,0,0,0,0.4,166681,0.137677
42,off,8000,20239,0.6965401202510263,2321830.002305751,3333375.831199768,0.0,156277,2140,199269,83.86363379657269,1329,0.744176176768048,0.1406810679575242,1.0,0.1406810679575242,1905330.3525859548,878,0.6606471030850264,1.0,1.0,11.0,0.5139704171553168,2136649.128906216,1905330.3525859555,0.027818234768269962,0.6606471030850264,1429.4639858694425,1915.6913302999717,0.4538493430937016,nan,nan,nan,nan,nan,0,0,0,0,0,0,0.4,166681,0.138403
42,off,8250,20461,0.6956380201930537,2318822.963775181,3333375.831199768,0.0,163052,2243,209795,87.49938853271306,1329,0.7435244732070353,0.1430313230105039,1.0,0.1430313230105039,1928281.436685328,879,0.6613995485327314,1.0,1.0,11.0,0.5187486760034101,2177083.307355257,1928281.4366853281,0.026869155534752845,0.6613995485327314,1429.4513808379643,1910.4418881540105,0.45679591226594174,nan,nan,nan,nan,nan,0,0,0,0,0,0,0.4,166681,0.139081
42,off,8500,20340,0.6935462123947481,2311850.182216794,3333375.831199768,0.0,169899,2374,219635,86.00638634711504,1329,0.740324660100009,0.14398432729817526,1.0,0.14398432729817526,1947129.9939246827,879,0.6613995485327314,1.0,1.0,11.0,0.5215648463230069,2202909.094007245,1947129.9939246827,0.02751674906733259,0.6613995485327314,1421.3163692913574,1910.4418881540105,0.45899082072036457,nan,nan,nan,nan,nan,0,0,0,0,0,0,0.4,166681,0.139758
42,off,8750,21071,0.6845776266382836,2281954.515216153,3333375.831199768,0.0,176863,2494,228995,85.95418315939605,1329,0.7334161788454915,0.14673993404122188,0.9999678316021962,0.14673993404122188,1914781.8456842199,882,0.6636568848758465,1.0,1.0,11.0,0.528010103102827,2187888.2543823454,1914781.84568422,0.028220225434571422,0.6636568848758465,1399.2162861987601,1891.229556873609,0.46276093997533563,nan,nan,nan,nan,nan,0,0,0,0,0,0,0.4,166681,0.140265
42,off,9000,21017,0.683455218240914,2278213.106191626,3333375.831199768,0.0,184063,2647,239338,89.1638112757355,1329,0.7344861135190932,0.14538677651924467,1.0,0.14538677651924467,1870851.047698158,887,0.6674191121143717,1.0,1.0,11.5,0.5207175461363613,2115506.9826233923,1870851.047698158,0.028318982745835282,0.6674191121143717,1399.6157847674692,1888.1674146920896,0.45874831439552644,nan,nan,nan,nan,nan,0,0,0,0,0,0,0.4,166681,0.140767
42,off,9250,21833,0.6785675550331343,2261920.6877837684,3333375.831199768,0.0,191055,2818,249205,90.2965771369636,1329,0.7305781051489891,0.14668703018070822,1.0,0.14668703018070822,1854293.9203089906,887,0.6674191121143717,1.0,1.0,11.5,0.5227914813701506,2084774.380221645,1854293.920308991,0.0307044081496399,0.6674191121143717,1381.7114518097976,1888.1674146920896,0.46031423387307213,nan,nan,nan,nan,nan,0,0,0,0,0,0,0.4,166681,0.141323
42,off,9500,21803,0.6748679152473827,2249588.397937799,3333375.831199768,0.0,198752,2955,259195,91.61448311246932,1329,0.7265970400304835,0.14993033833371913,1.0,0.14993033833371913,1870425.7625997197,887,0.6674191121143717,1.0,1.0,11.5,0.5292813960245975,2104208.745765172,1870425.7625997202,0.03212956849471398,0.6674191121143717,1367.8423814237467,1888.1674146920896,0.4645812827126483,nan,nan,nan,nan,nan,0,0,0,0,0,0,0.4,166681,0.141947
42,off,9750,22119,0.674544715874287,2248511.052958863,3333375.831199768,0.0,206027,3113,269110,90.32727396860719,1329,0.7264526971374179,0.14909404570099438,1.0,0.14909404570099438,1846848.0518437976,887,0.6674191121143717,1.0,1.0,11.5,0.52594577248095,2068512.3616322537,1846848.0518437983,0.03267334897489033,0.6674191121143717,1366.7753167493208,1888.1674146920896,0.462532097218636,nan,nan,nan,nan,nan,0,0,0,0,0,0,0.4,166681,0.142466
42,off,10000,22487,0.6681459204253539,2227181.462860598,3333375.831199768,0.0,213491,3271,279596,95.05388690903783,1329,0.7227017266352479,0.15135538403480425,1.0,0.15135538403480425,1840169.210133245,895,0.673438675696012,1.0,1.0,12.5,0.5284533917911813,2047941.6597600412,1840169.2101332457,0.03217431186013152,0.673438675696012,1354.9110129442813,1873.773307551318,0.46636421812887696,nan,nan,nan,nan,nan,0,0,0,0,0,0,0.4,166681,0.142982
42,off,10250,22482,0.6660894864965912,2220326.5957040014,3333375.831199768,0.0,221149,3405,289976,96.21381564810872,1329,0.720600122338494,0.15155331984808845,1.0,0.15155331984808845,1848588.3406332496,897,0.6749435665914221,1.0,1.0,13.0,0.528637884749644,2056186.9141867876,1848588.3406332496,0.03270323878438223,0.6749435665914221,1348.6025530169686,1873.5337373801385,0.46706666983806766,nan,nan,nan,nan,nan,0,0,0,0,0,0,0.4,166681,0.143643
42,off,10500,22518,0.663487743014958,2211654.006863344,3333375.831199768,0.0,228861,3522,300294,98.7365443315357,1329,0.7186607774133669,0.15191582790468866,0.9999287553972422,0.15191582790468866,1835132.7148076352,898,0.6756960120391272,1.0,1.0,13.0,0.5295918806030293,2042992.5882010013,1835132.7148076356,0.03283402579281624,0.6756960120391272,1342.6737920579865,1867.0512136328164,0.46767565555430113,nan,nan,nan,nan,nan,0,0,0,0,0,0,0.4,166681,0.144134
42,off,10750,23126,0.6597322829333498,2199135.6469922755,3333375.831199768,0.0,236361,3675,311137,100.29014444351196,1329,0.7143965950102492,0.15427085291105297,1.0,0.15427085291105297,1836343.9527312617,900,0.6772009029345373,1.0,1.0,13.0,0.5349385783767961,2040564.7867048164,1836343.9527312624,0.033467644833892224,0.6772009029345373,1332.3207757281016,1862.5512327369324,0.47170939933738,nan,nan,nan,nan,nan,0,0,0,0,0,0,0.4,166681,0.144548
42,off,11000,23342,0.659922561380928,2199769.916570631,3333375.831199768,0.0,244102,3839,321829,98.40162458084524,1329,0.7141025289609385,0.155739284626198,1.0,0.155739284626198,1851658.3462514845,902,0.6787057938299473,1.0,1.0,13.0,0.5376392258680396,2063717.9508558407,1851658.346251485,0.03204449541451207,0.6787057938299473,1336.5098613086745,1858.1426974562846,0.47379919562803874,nan,nan,nan,nan,nan,0,0,0,0,0,0,0.4,166681,0.144976
42,off,11250,23442,0.655952876093646,2186537.4635765357,3333375.831199768,0.0,252029,3972,332106,97.30151188001037,1329,0.7131489755060623,0.15433914081836425,1.0,0.15433914081836425,1800033.7888783512,902,0.6787057938299473,1.0,1.0,13.0,0.5315517083964847,1982612.5303680499,1800033.7888783514,0.034864689316609666,0.6787057938299473,1321.6781790799305,1858.1426974562846,0.4699306748196106,nan,nan,nan,nan,nan,0,0,0,0,0,0,0.4,166681,0.145394
42,off,11500,23824,0.6504131853969007,2168071.5924956826,3333375.831199768,0.0,259992,4130,342254,98.86656758002937,1329,0.7073752124949979,0.15744396821019477,1.0,0.15744396821019477,1806594.3324193703,903,0.6794582392776524,1.0,1.0,13.0,0.5391204463490769,1984942.2859900328,1806594.3324193703,0.03688697480668981,0.6794582392776524,1303.2905595999512,1856.4408535438567,0.47542958995383566,nan,nan,nan,nan,nan,0,0,0,0,0,0,0.4,166681,0.145912
42,off,11750,23945,0.6449724901919542,2149935.71059459,3333375.831199768,0.0,268147,4293,353508,103.6433614846319,1329,0.7019285251021216,0.15998291946023463,1.0,0.15998291946023463,1809002.7800796966,903,0.6794582392776524,1.0,1.0,13.0,0.5448590289034492,1981339.8740483841,1809002.780079697,0.039522291810996424,0.6794582392776524,1283.4905107588804,1856.4408535438567,0.4796084088752972,nan,nan,nan,nan,nan,0,0,0,0,0,0,0.4,166681,0.146317
42,off,12000,24267,0.6443134671824411,2147738.939222474,3333375.831199768,0.0,276186,4465,364589,105.89743768423796,1329,0.7011415399915918,0.16025098594868342,1.0,0.16025098594868342,1817062.259154792,905,0.6809631301730624,1.0,1.0,14.0,0.5449297691285813,1991369.557776041,1817062.2591547924,0.03873751884510673,0.6809631301730624,1284.2661239879205,1853.4709417955546,0.48022011600757186,nan,nan,nan,nan,nan,0,0,0,0,0,0,0.4,166681,0.146746
42,off,12250,24381,0.64138553208804,2137979.031143476,3333375.831199768,0.0,284480,4663,375298,107.05250091291964,1329,0.6997508816234491,0.16028237123060943,1.0,0.16028237123060943,1802995.4076605022,906,0.6817155756207675,1.0,1.0,14.0,0.5445942602347533,1965885.6544434256,1802995.407660503,0.04019386615648951,0.6817155756207675,1274.1275058796653,1852.0477392775074,0.48050686527011943,nan,nan,nan,nan,nan,0,0,0,0,0,0,0.4,166681,0.14718
42,off,12500,24355,0.6435756363815636,2145279.471863314,3333375.831199768,0.0,292693,4843,386018,106.40336649306118,1329,0.7028372616837477,0.1573784564714932,1.0,0.1573784564714932,1760360.364868152,908,0.6832204665161776,1.0,1.0,14.0,0.5355892794052264,1905614.768082058,1760360.3648681527,0.03920013838071422,0.6832204665161776,1284.9191568579004,1849.577305254676,0.47478142092736,nan,nan,nan,nan,nan,0,0,0,0,0,0,0.4,166681,0.147592
42,off,12750,24589,0.6394526474099906,2131536.00007317,3333375.831199768,0.0,301143,5023,397039,105.89315659180284,1329,0.6982247502589638,0.16160750449216474,1.0,0.16160750449216474,1786609.8410467317,909,0.6839729119638827,1.0,1.0,14.0,0.5468475894668017,1938458.7399797481,1786609.841046732,0.0401922081826178,0.6839729119638827,1271.364048541125,1847.7377923215654,0.48247140343100137,nan,nan,nan,nan,nan,0,0,0,0,0,0,0.4,166681,0.147989
42,off,13000,24837,0.6368973607082041,2123018.2691396484,3333375.831199768,0.0,309428,5231,408020,106.16647018678486,1329,0.6963314113606529,0.16064267820636585,1.0,0.16064267820636585,1771707.640723723,911,0.6854778028592927,1.0,1.0,14.0,0.5433327520001217,1923903.8829009556,1771707.6407237237,0.039872837089970276,0.6854778028592927,1267.364561096533,1839.7812006919335,0.48073120883810083,nan,nan,nan,nan,nan,0,0,0,0,0,0,0.4,166681,0.148437
42,off,13250,24561,0.6362245218022786,2120775.4441923453,3333375.831199768,0.0,317840,5444,419206,108.16503481566906,1329,0.6951516729299912,0.1621080180797602,1.0,0.1621080180797602,1777315.34990224,911,0.6854778028592927,1.0,1.0,14.0,0.5466056484588884,1931107.5302884697,1777315.3499022413,0.04012387499399401,0.6854778028592927,1264.6574117358193,1839.7812006919335,0.4827973617316772,nan,nan,nan,nan,nan,0,0,0,0,0,0,0.4,166681,0.148828
42,off,13500,25264,0.630902570418369,2103035.380074401,3333375.831199768,0.0,326090,5636,430172,108.16886698268354,1329,0.6902335586731901,0.16359957372113063,1.0,0.16359957372113063,1757114.394067234,911,0.6854778028592927,1.0,1.0,14.0,0.5486840989872048,1894668.10285178,1757114.3940672346,0.04330409107286543,0.6854778028592927,1245.7050286169926,1839.7812006919335,0.4842116235710101,nan,nan,nan,nan,nan,0,0,0,0,0,0,0.4,166681,0.149155
42,off,13750,25366,0.6263970749824616,2088016.870480766,3333375.831199768,0.0,334670,5800,442090,112.53397360816598,1329,0.6879950242719339,0.16517426163178175,1.0,0.16517426163178175,1748877.7418535058,913,0.6869826937547028,1.0,1.0,14.0,0.5511873759343657,1873015.3202979027,1748877.7418535065,0.04617209805432742,0.6869826937547028,1229.7338367714606,1842.5249475519445,0.486543175698422,nan,nan,nan,nan,nan,0,0,0,0,0,0,0.4,166681,0.149559
42,off,14000,25375,0.6309516685522023,2103199.042607078,3333375.831199768,0.0,343260,5961,453237,111.90393732301891,1329,0.6921316493388913,0.16170504362713756,1.0,0.16170504362713756,1733247.6953426832,914,0.6877351392024078,1.0,1.0,14.0,0.5429416178831972,1857781.7473305326,1733247.6953426842,0.043384594897161614,0.6877351392024078,1248.0039072538384,1839.7370896350587,0.4809991451798834,nan,nan,nan,nan,nan,0,0,0,0,0,0,0.4,166681,0.149972
42,off,14250,25638,0.6232449074949734,2077509.5115620794,3333375.831199768,0.0,351956,6156,464518,110.9289169870317,1329,0.6883554498636865,0.16300504453606685,0.9999731468479642,0.16300504453606685,1709623.147964969,915,0.6884875846501128,1.0,1.0,14.0,0.5456645985702109,1834762.4696733365,1709623.1479649697,0.04591122278482684,0.6884875846501128,1224.96015319614,1829.916291820955,0.4827737130700267,nan,nan,nan,nan,nan,0,0,0,0,0,0,0.4,166681,0.150241
42,off,14500,25960,0.6156046871097841,2052041.7855850498,3333375.831199768,0.0,360491,6368,476443,113.36587977595627,1329,0.6811132992345629,0.16670318126637676,1.0,0.16670318126637676,1692259.2550854657,915,0.6884875846501128,1.0,1.0,14.0,0.550455102828298,1798928.8048143121,1692259.2550854664,0.0507002868827164,0.6884875846501128,1197.4273735621969,1829.916291820955,0.4865361289359804,nan,nan,nan,nan,nan,0,0,0,0,0,0,0.4,166681,0.150511
42,off,14750,26085,0.6204710732022864,2068263.2793710837,3333375.831199768,0.0,368986,6566,488431,112.40258966386318,1329,0.6841960336736598,0.1637199400729073,1.0,0.1637199400729073,1694119.385884626,917,0.6899924755455229,1.0,1.0,14.0,0.5449369358906919,1808481.4096265822,1694119.3858846265,0.04671403631822021,0.6899924755455229,1218.3477430170612,1826.6051527712223,0.48286548971409626,nan,nan,nan,nan,nan,0,0,0,0,0,0,0.4,166681,0.150776
42,off,15000,26074,0.6165930597868208,2055336.4031789019,3333375.831199768,0.0,377761,6755,500215,116.68264160305262,1329,0.683564166423369,0.16472301928756533,1.0,0.16472301928756533,1684718.576356964,918,0.690744920993228,1.0,1.0,14.0,0.5460485029514413,1790951.5733816258,1684718.5763569647,0.04837649618591219,0.690744920993228,1206.1031854736068,1823.7832953980444,0.4842159406755071,nan,nan,nan,nan,nan,0,0,0,0,0,0,0.4,166681,0.151071
42,off,15250,26248,0.6155294180552348,2051790.8855377776,3333375.831199768,0.0,386344,6987,512155,115.92379167303443,1329,0.6799895320433135,0.16714695978530858,1.0,0.16714695978530858,1704266.0196996005,918,0.690744920993228,1.0,1.0,14.0,0.5506306590776986,1817698.1385240145,1704266.0196996012,0.04845086984398108,0.690744920993228,1202.0527407584807,1823.7832953980444,0.48724614312662107,nan,nan,nan,nan,nan,0,0,0,0,0,0,0.4,166681,0.151286
42,off,15500,26493,0.6136642598718579,2045573.612327945,3333375.831199768,0.0,394944,7210,523798,118.84470923244953,1329,0.6790026646952767,0.16668732796874322,1.0,0.16668732796874322,1682406.8402082196,919,0.6914973664409331,1.0,1.0,14.0,0.5507610413976654,1798736.7674532372,1682406.84020822,0.04805097717196166,0.6914973664409331,1200.0613847657442,1815.6519025495418,0.486977540923204,nan,nan,nan,nan,nan,0,0,0,0,0,0,0.4,166681,0.151512
42,off,15750,26841,0.6076250789143817,2025442.7524840517,3333375.831199768,0.0,403727,7448,535690,120.4561807680875,1329,0.6739196595978622,0.16936193068293642,1.0,0.16936193068293642,1698861.9134981239,920,0.6922498118886381,1.0,1.0,14.25,0.557620990010822,1814248.5619415983,1698861.9134981243,0.0503818133649485,0.6922498118886381,1180.0526759329398,1813.9010063109477,0.492519852963045,nan,nan,nan,nan,nan,0,0,0,0,0,0,0.4,166681,0.151798
42,off,16000,26874,0.604245709456733,2014178.0440092306,3333375.831199768,0.0,412801,7653,547865,120.71678678318858,1329,0.6711493628129682,0.17033319958375343,1.0,0.17033319958375343,1690351.1062588093,922,0.6937547027840482,1.0,1.0,15.0,0.5585164894069614,1798957.5314375272,1690351.1062588093,0.05112287835026533,0.6937547027840482,1171.357227988601,1809.1189149108993,0.49372438548686626,nan,nan,nan,nan,nan,0,0,0,0,0,0,0.4,166681,0.152163
42,off,16250,26731,0.6065007074289535,2021694.7997492352,3333375.831199768,0.0,421752,7860,560425,121.2148251440376,1329,0.6739828199422736,0.16965931095769515,1.0,0.16965931095769515,1679127.7753588932,923,0.6945071482317532,1.0,1.0,15.0,0.5543318654908034,1784696.5736501745,1679127.7753588932,0.04989465830276488,0.6945071482317532,1180.185992826146,1808.5770745699037,0.49075156154826893,nan,nan,nan,nan,nan,0,0,0,0,0,0,0.4,166681,0.152474
42,off,16500,27060,0.6073072777353157,2024383.4017146262,3333375.831199768,0.0,430689,8082,572319,119.91885982826352,1329,0.6731363865849186,0.17082999851454192,1.0,0.17082999851454192,1711154.2763140853,924,0.6952595936794582,1.0,1.0,15.0,0.559954028444785,1830098.9118414258,1711154.2763140853,0.04849932150472473,0.6952595936794582,1183.5893359132447,1809.4445844845611,0.4948823399402844,nan,nan,nan,nan,nan,0,0,0,0,0,0,0.4,166681,0.152676
42,off,16750,27332,0.6060510730969385,2020195.9995340188,3333375.831199768,0.0,439704,8273,584280,119.49147299490869,1329,0.673083424797879,0.16957500172242126,1.0,0.16957500172242126,1701549.3705565683,924,0.6952595936794582,1.0,1.0,15.0,0.55839967808113,1814725.4994285188,1701549.3705565687,0.04940992577475969,0.6952595936794582,1179.5166586759321,1809.4445844845611,0.4941473933305238,nan,nan,nan,nan,nan,0,0,0,0,0,0,0.4,166681,0.152923
42,off,17000,26984,0.6041448238684384,2013841.754427493,3333375.831199768,0.0,448983,8468,596524,125.18006640672682,1329,0.6727158330884366,0.16979859200721095,1.0,0.16979859200721095,1694566.9757853902,924,0.6952595936794582,1.0,1.0,15.0,0.557957004528175,1801919.4491292024,1694566.9757853907,0.05074721972437599,0.6952595936794582,1172.3601713398953,1809.4445844845611,0.49389993356883033,nan,nan,nan,nan,nan,0,0,0,0,0,0,0.4,166681,0.153212
42,off,17250,27206,0.6022268048882197,2007448.2763150497,3333375.831199768,0.0,458093,8636,608930,121.89114747196436,1329,0.6695492642105713,0.17067313230938205,1.0,0.17067313230938205,1677571.814520724,926,0.6967644845748683,1.0,1.0,15.0,0.5561524763255634,1775137.009651113,1677571.8145207246,0.05118663322646708,0.6967644845748683,1168.2818803990351,1805.7901275692266,0.4931384272192407,nan,nan,nan,nan,nan,0,0,0,0,0,0,0.4,166681,0.153388
42,off,17500,27576,0.6000874591468319,2000317.0329261275,3333375.831199768,0.0,467049,8824,621620,124.22042188793421,1329,0.6675394123743303,0.170481312052763,1.0,0.170481312052763,1670095.6729392095,926,0.6967644845748683,1.0,1.0,15.0,0.5581537711469313,1761482.9172713591,1670095.6729392102,0.05263578587927583,0.6967644845748683,1160.762679486016,1805.7901275692266,0.49486815192830225,nan,nan,nan,nan,nan,0,0,0,0,0,0,0.4,166681,0.15355
42,off,17750,27417,0.6021191443643286,2007089.403326737,3333375.831199768,0.0,476107,9035,633909,127.12278442457317,1329,0.6702842468208738,0.1689331930846982,1.0,0.1689331930846982,1665664.3021186716,928,0.6982693754702785,1.0,1.0,15.0,0.5530960190545757,1761292.9182129307,1665664.3021186723,0.04984410088377414,0.6982693754702785,1172.2217673937441,1799.9612264366315,0.49176410504492263,nan,nan,nan,nan,nan,0,0,0,0,0,0,0.4,166681,0.153762
42,off,18000,27481,0.6003529665549712,2001202.0689034234,3333375.831199768,0.0,485253,9242,646443,128.94683529622853,1329,0.6692347668456747,0.1692320357657401,1.0,0.1692320357657401,1674478.0292587073,928,0.6982693754702785,1.0,1.0,15.0,0.5546907737676394,1771377.8659372546,1674478.0292587073,0.050639814331732015,0.6982693754702785,1165.559164805296,1799.9612264366315,0.4930785162183793,nan,nan,nan,nan,nan,0,0,0,0,0,0,0.4,166681,0.153968
42,off,18250,27808,0.5977818804589873,1992631.6726511372,3333375.831199768,0.0,494337,9481,658897,127.69291776418687,1329,0.6658961030765914,0.17029628557814763,1.0,0.17029628557814763,1663457.9841226696,931,0.7005267118133935,1.0,1.0,15.0,0.5565055318247216,1753915.5034721182,1663457.9841226703,0.050493884228028425,0.7005267118133935,1160.8871006698885,1793.6396627400964,0.49509561251365164,nan,nan,nan,nan,nan,0,0,0,0,0,0,0.4,166681,0.15407
42,off,18500,27890,0.5971308822968899,1990461.6511114463,3333375.831199768,0.0,503122,9699,672166,129.8871817290783,1329,0.6675307665824868,0.16983115647254532,1.0,0.16983115647254532,1650772.913816204,931,0.7005267118133935,1.0,1.0,15.0,0.5535631636471359,1735229.4102858072,1650772.9138162045,0.051127257584659004,0.7005267118133935,1159.3633093399228,1793.6396627400964,0.4930316890155457,nan,nan,nan,nan,nan,0,0,0,0,0,0,0.4,166681,0.154241
42,off,18750,28020,0.5974243891468262,1991440.0197513155,3333375.831199768,0.0,512074,9957,684856,129.81406117230654,1329,0.6662479264071611,0.17110934529653016,1.0,0.17110934529653016,1673365.6845958354,933,0.7020316027088036,1.0,1.0,15.0,0.5582469953402067,1767869.640460294,1673365.6845958356,0.0498452981626926,0.7020316027088036,1161.831685057682,1793.289139573868,0.49618779389765244,nan,nan,nan,nan,nan,0,0,0,0,0,0,0.4,166681,0.154435
42,off,19000,28079,0.5954499447456171,1984858.4545042773,3333375.831199768,0.0,521410,10168,697180,127.5142901521176,1329,0.6637444357159923,0.17154356498634263,1.0,0.17154356498634263,1687678.8834918218,935,0.7035364936042137,1.0,1.0,15.5,0.5621100847918494,1795438.7294847243,1687678.8834918225,0.04880583137979865,0.7035364936042137,1158.5495589513143,1786.9722098632917,0.4993001939162034,nan,nan,nan,nan,nan,0,0,0,0,0,0,0.4,166681,0.154642
42,off,19250,28434,0.5920305056183143,1973460.1787610673,3333375.831199768,0.0,530885,10368,709790,128.83997939527035,1329,0.6601051077757817,0.17119351529610702,1.0,0.17119351529610702,1658119.4686569583,935,0.7035364936042137,1.0,1.0,15.5,0.5603420291610222,1748863.7546829577,1658119.4686569585,0.05161048540557795,0.7035364936042137,1146.4297168738972,1786.9722098632917,0.4985331030135345,nan,nan,nan,nan,nan,0,0,0,0,0,0,0.4,166681,0.154814
42,off,19500,28444,0.5884623431197593,1961566.1521265907,3333375.831199768,0.0,540125,10592,722657,133.88833367079496,1329,0.6599094924657062,0.17110305523691022,1.0,0.17110305523691022,1607433.4855567922,937,0.7050413844996237,1.0,1.0,16.0,0.5548266704220248,1672320.5020781679,1607433.485556793,0.05433790379693478,0.7050413844996237,1136.416590702573,1784.4987972897707,0.4952264083335016,nan,nan,nan,nan,nan,0,0,0,0,0,0,0.4,166681,0.154921
42,off,19750,29323,0.5808762155244002,1936278.737747823,3333375.831199768,0.0,549551,10851,735156,134.6716569568962,1329,0.6530311124305564,0.17465328593298834,1.0,0.17465328593298834,1589897.1388956408,940,0.7072987208427389,1.0,1.0,16.25,0.561128048549159,1639865.8773333768,1589897.138895641,0.057240997707353865,0.7072987208427389,1115.1079449503206,1778.124488186536,0.5003953331865647,nan,nan,nan,nan,nan,0,0,0,0,0,0,0.4,166681,0.155112
42,off,20000,29487,0.579787201211527,1932648.643757461,3333375.831199768,0.0,559302,11079,748158,141.95246056094766,1329,0.6531479012823722,0.17446198727016649,1.0,0.17446198727016649,1590517.9449924028,940,0.7072987208427389,1.0,1.0,16.25,0.5638038507835865,1639239.6211765101,1590517.944992403,0.05788746681404286,0.7072987208427389,1111.2443043165003,1778.124488186536,0.5022103299123812,1138324726.56,2.794367510531122,262794614.64599994,0.6451100604029809,20368.2,0,0,0,0,0,0,0.4,166681,0.155308
42,on,250,604,0.8999107886512216,3288550.830744543,3654307.5960600427,-0.09627830197135712,8577,0,897,31.100166907534003,1329,0.9897053289895142,0.0004125799825199504,0.20409964683735837,0.0054859218724597385,2237269.985685404,757,0.5696012039127163,1.0,1.0,1.0,0.35329340559988776,2948604.0054282416,2237269.9856854044,0.01129087787942304,0.5696012039127163,2400.3714396524315,2079.373621816628,0.331691811856228,nan,nan,nan,nan,nan,6516,14378,0,250,250,0,0.4,166681,0.613099
42,on,500,707,0.8991149902523903,3285642.7386107612,3654307.5960600427,-0.09627830197135712,8710,0,1203,22.051201602444053,1329,0.9885223384065912,0.0007389641702087264,0.4383582831364775,0.012099983020557904,2208963.001758665,759,0.5711060948081265,1.0,1.0,1.0,0.36238679080937075,2910085.1891013524,2208963.0017586653,0.007402047748528015,0.5711060948081265,2333.9228472221293,2075.5559752723993,0.33690003669048707,nan,nan,nan,nan,nan,7773,14378,0,500,500,0,0.4,166681,0.502587
42,on,750,869,0.8959165373865653,3273954.608007537,3654307.596060043,-0.09627830197135734,8960,0,1714,22.621090004220605,1329,0.9816116720637046,0.004285536662968756,1.0,0.027341113634674178,2193333.7894410267,760,0.5718585402558315,1.0,1.0,1.0,0.3849849612296792,2900162.918233588,2193333.789441027,0.0022110376933013273,0.5718585402558315,2214.670557817022,2073.9321966998386,0.34995330085923615,nan,nan,nan,nan,nan,9439,14378,0,750,750,0,0.4,166681,0.466399
42,on,1000,953,0.8947176415453895,3269573.473828243,3654307.5960600427,-0.09627830197135712,9368,0,2353,23.861522501334548,1329,0.9682914427303502,0.01327696729938465,1.010087639126349,0.044760878044576846,2149431.8128988915,763,0.5741158765989466,1.0,1.0,1.0,0.40798976248245644,2822111.6302863387,2149431.812898892,8.157622809026489e-06,0.5741158765989466,2079.5910302560487,2071.1226930550706,0.3638187100312156,nan,nan,nan,nan,nan,9819,14378,0,1000,1000,0,0.4,166681,0.451888
42,on,1250,976,0.8927687817405586,3262451.7406397937,3654307.5960600427,-0.09627830197135712,9809,0,3040,24.19817432947457,1329,0.9581877224165336,0.019055812660080954,1.0,0.061150930228665086,2116916.794844475,766,0.5763732129420617,1.0,1.0,1.0,0.4330259843570825,2748901.5288771004,2116916.7948444756,0.0018970357434614402,0.5763732129420617,1940.0942495679774,2068.3409055792836,0.3793912936878172,nan,nan,nan,nan,nan,9819,14378,0,1250,1250,0,0.4,166681,0.446746
42,on,1500,907,0.8942164482409072,3267741.9593285793,3654307.5960600427,-0.09627830197135712,10267,1,3465,23.67318721488118,1329,0.9490956817470455,0.026717042485508914,1.0,0.07413836828611749,2128983.9390669735,769,0.5786305492851769,1.0,1.0,1.0,0.45431316386290166,2761002.4310706323,2128983.9390669735,0.00433885122644972,0.5786305492851769,1866.5468551764968,2061.191011459146,0.3923816320054796,nan,nan,nan,nan,nan,9819,14378,0,1500,1500,0,0.4,166681,0.4426
42,on,1750,752,0.8953066024569695,3271725.7181612123,3654307.5960600427,-0.09627830197135712,10693,2,3947,23.331297820433974,1329,0.9449134552404418,0.02978316120636248,1.0,0.0812510365630724,2107869.5857160683,772,0.580887885628292,1.0,1.0,1.0,0.46453676942345457,2707778.040824731,2107869.5857160687,0.006619267416946178,0.580887885628292,1819.035915624658,2058.431185647868,0.3989407173394053,nan,nan,nan,nan,nan,9819,14378,0,1750,1750,0,0.4,166681,0.439652
42,on,2000,725,0.8951428137176307,3271127.183726898,3654307.5960600427,-0.09627830197135712,11033,3,4509,23.199205804616213,1329,0.9441331914602896,0.029197539302659507,1.0,0.08524123007600964,2076866.9213511143,773,0.581640331075997,1.0,1.0,1.0,0.4690734054986776,2643020.330486318,2076866.9213511145,0.009266426344029922,0.581640331075997,1775.5114939749944,2056.739334378265,0.40196351124133,nan,nan,nan,nan,nan,9819,14378,0,2000,2000,0,0.4,166681,0.43414
42,on,2250,692,0.8957181359897304,3273229.588276014,3654307.5960600427,-0.09627830197135712,11373,3,4978,22.972415048629045,1329,0.9436859807369523,0.029035830378807043,1.0,0.09139751051694199,2059319.2944635674,776,0.5838976674191121,1.0,1.0,1.0,0.4765938736920059,2591784.2524454324,2059319.2944635681,0.01269408956411105,0.5838976674191121,1727.343522266422,2055.358880083412,0.40718030381772685,nan,nan,nan,nan,nan,9819,14378,0,2250,2250,0,0.4,166681,0.431031
42,on,2500,624,0.8968444467715724,3277345.474321624,3654307.5960600427,-0.09627830197135712,11687,7,5429,22.285033816471696,1329,0.9419221285055922,0.029678772282360526,1.0,0.0972802592635191,2062614.3402321977,777,0.5846501128668171,1.0,1.0,1.0,0.4855931061184029,2584613.6165970457,2062614.3402321984,0.015664248481960137,0.5846501128668171,1688.940214678264,2053.7014946095783,0.41277672809270705,nan,nan,nan,nan,nan,9819,14378,0,2500,2500,0,0.4,166681,0.428577
42,on,2750,598,0.8981217730921437,3282013.217597535,3654307.5960600427,-0.09627830197135712,11936,10,5797,21.687985215336084,1329,0.9430935059918835,0.029258724892602672,1.0,0.09919093236128335,2044399.2148957618,780,0.5869074492099323,1.0,1.0,1.0,0.48660406288159797,2544381.1714054816,2044399.214895763,0.016658252776956334,0.5869074492099323,1673.55710611245,2048.348046233697,0.4140062182863131,nan,nan,nan,nan,nan,9819,14378,0,2750,2750,0,0.4,166681,0.424826
42,on,3000,576,0.898801637582861,3284497.6515702545,3654307.5960600427,-0.09627830197135712,12149,11,6163,21.83989194780588,1329,0.9464206605012683,0.025494070355790478,1.0,0.10083699472283905,2019907.3242595894,780,0.5869074492099323,1.0,1.0,1.0,0.4876540143922625,2494895.215040879,2019907.3242595901,0.01911370102011339,0.5869074492099323,1649.2959251491377,2048.348046233697,0.41482611579245887,nan,nan,nan,nan,nan,9819,14378,0,3000,3000,0,0.4,166681,0.420974
42,on,3250,525,0.8999201811412839,3288585.1537923235,3654307.5960600427,-0.09627830197135712,12343,12,6501,21.53387370146811,1329,0.9476537594335849,0.025147121683908848,1.0,0.1017351240981724,2013657.7587579223,781,0.5876598946576373,1.0,1.0,1.0,0.48829690762529854,2479232.84678518,2013657.7587579228,0.020022211723025395,0.5876598946576373,1638.7722131643152,2046.6762838609607,0.4156031342852242,nan,nan,nan,nan,nan,9819,14378,0,3250,3250,0,0.4,166681,0.414582
42,on,3500,584,0.8991417317240693,3285740.4601738476,3654307.5960600427,-0.09627830197135712,12547,18,6795,21.64333511516452,1329,0.9473619471979813,0.02503529587202679,1.0,0.10484578184312189,1994162.4191125224,784,0.5899172310007524,1.0,1.0,1.0,0.4913961234411879,2433167.0906512816,1994162.419112523,0.022156638976982654,0.5899172310007524,1614.454784802015,2041.8217047725047,0.41818640135882545,nan,nan,nan,nan,nan,9819,14378,0,3500,3500,0,0.4,166681,0.410725
42,on,3750,578,0.8993399861349246,3286464.9427733887,3654307.5960600427,-0.09627830197135712,12790,19,7046,21.822494944557548,1329,0.9480325503627715,0.02501752048329479,1.0,0.106433760838765,1978268.1426577447,786,0.5914221218961625,1.0,1.0,1.0,0.49219493442298945,2394685.4355451595,1978268.142657745,0.024347109503608154,0.5914221218961625,1592.9573509303784,2039.414802893431,0.4195138763721058,nan,nan,nan,nan,nan,9819,14378,0,3750,3750,0,0.4,166681,0.407239
42,on,4000,595,0.89806964067239,3281822.709700028,3654307.5960600427,-0.09627830197135712,12982,20,7317,21.535450156778097,1329,0.945038131582261,0.026421793165828635,1.0183602428141008,0.10883731750633735,1961077.6383461123,789,0.5936794582392777,1.0,1.0,1.0,0.4945374915231451,2351323.6645694035,1961077.638346113,0.026833324747087748,0.5936794582392777,1568.3470559065952,2035.4087352849137,0.42201923464825897,nan,nan,nan,nan,nan,9819,14378,0,4000,4000,0,0.4,166681,0.403944
42,on,4250,643,0.8972029208743626,3278655.4489584407,3654307.5960600427,-0.09627830197135712,13203,21,7551,21.47258635982871,1329,0.9428053633386174,0.028477045097687566,1.0,0.11142335645562416,1948722.1465666099,789,0.5936794582392777,1.0,1.0,1.0,0.49818086646915893,2320249.2266968866,1948722.1465666103,0.03012999923523453,0.5936794582392777,1542.048525431351,2035.4087352849137,0.42449400057310016,nan,nan,nan,nan,nan,9819,14378,0,4250,4250,0,0.4,166681,0.401373
42,on,4500,648,0.8965305273469999,3276198.3161838576,3654307.5960600427,-0.09627830197135712,13499,22,7748,21.82517971098423,1329,0.9430081383466442,0.028902653393774607,1.0,0.11350589043251812,1944763.4458275838,791,0.5951843491346878,1.0,1.0,1.0,0.50177433086994,2325064.5885463473,1944763.445827585,0.03027129035773138,0.5951843491346878,1532.6637023164346,2026.9680833760156,0.42664459142767,nan,nan,nan,nan,nan,9819,14378,0,4500,4500,0,0.4,166681,0.400255
42,on,4750,717,0.8961844122305008,3274933.505084524,3654307.5960600427,-0.09627830197135712,13837,24,7928,21.5628643874079,1329,0.9419170590914114,0.029828661653514138,1.0,0.11482106437252487,1930572.1090912048,792,0.5959367945823928,1.0,1.0,1.0,0.5030205915389445,2293910.004797222,1930572.1090912058,0.03214798120962795,0.5959367945823928,1517.6655128971381,2025.351427109436,0.42769975822443707,nan,nan,nan,nan,nan,9819,14378,0,4750,4750,0,0.4,166681,0.399885
42,on,5000,656,0.8958447786675557,3273692.3795755766,3654307.5960600427,-0.09627830197135712,14241,26,8114,21.75422788411379,1329,0.9395799600353028,0.031117247701842606,1.0,0.11679558858508522,1926229.9075409214,794,0.5974416854778029,1.0,1.0,1.0,0.5056984642689146,2277533.791310802,1926229.907540922,0.03397965102047991,0.5974416854778029,1500.0773370894765,2021.7539370177283,0.43003975980038267,nan,nan,nan,nan,nan,9819,14378,0,5000,5000,0,0.4,166681,0.399619
42,on,5250,658,0.8956542558720986,3272996.150676915,3654307.5960600427,-0.09627830197135712,14572,27,8231,21.301639899611473,1329,0.938377961986849,0.03254355314319406,1.0,0.11793854654928183,1925601.5630738738,796,0.5989465763732129,1.0,1.0,1.0,0.5074139246017293,2271700.9314830177,1925601.563073874,0.03434446308272079,0.5989465763732129,1493.651754853817,2018.3582293563163,0.43157152817174804,nan,nan,nan,nan,nan,9819,14378,0,5250,5250,0,0.4,166681,0.399787
42,on,5500,623,0.8954715446274191,3272328.467587597,3654307.5960600427,-0.09627830197135712,14945,29,8337,21.524105690419674,1329,0.9386070265657633,0.031458584081344124,1.0,0.1182118214609531,1915189.1194808388,798,0.600451467268623,1.0,1.0,1.0,0.506487804166041,2250508.880007157,1915189.11948084,0.03469413186100416,0.600451467268623,1488.4369265764751,2014.7087517762207,0.43153546313869784,nan,nan,nan,nan,nan,9819,14378,0,5500,5500,0,0.4,166681,0.398845
42,on,5750,668,0.8951900586575506,3271299.8312697224,3654307.5960600427,-0.09627830197135712,15256,32,8509,21.745058683678508,1329,0.9367619309825839,0.03334807368939876,1.0,0.11974824674984468,1921192.2964410523,800,0.6019563581640331,1.0,1.0,1.0,0.5094837299964983,2254821.781006292,1921192.296441053,0.03525331255024033,0.6019563581640331,1479.590537522662,2011.2548815332293,0.43387050098035096,nan,nan,nan,nan,nan,9819,14378,0,5750,5750,0,0.4,166681,0.397769
42,on,6000,689,0.8947221396055455,3269589.911123639,3654307.5960600427,-0.09627830197135712,15616,33,8679,21.77815655991435,1329,0.9356545973251844,0.033736761388743715,1.0,0.12112004038502881,1923251.5040326465,802,0.6034612490594432,1.0,1.0,1.0,0.5113166241453442,2251561.0969492146,1923251.504032647,0.036146273917722856,0.6034612490594432,1468.9473882021377,2007.9393609464867,0.43566224236902595,nan,nan,nan,nan,nan,9819,14378,0,6000,6000,0,0.4,166681,0.396811
42,on,6250,692,0.8946418714551735,3269296.5866120127,3654307.5960600427,-0.09627830197135712,15977,34,8805,21.85187315195799,1329,0.9347516610029074,0.033891139621241004,1.0,0.12265679462750625,1926374.3944039387,804,0.6049661399548533,1.0,1.0,2.75,0.5135114304026267,2250533.621679895,1926374.3944039398,0.03694762266200409,0.6049661399548533,1458.6783362083531,2004.4121996785896,0.4377511176729245,nan,nan,nan,nan,nan,9819,14378,0,6250,6250,0,0.4,166681,0.39606
42,on,6500,717,0.8937086772835687,3265886.4080621186,3654307.5960600427,-0.09627830197135712,16342,34,8966,21.832388618960977,1329,0.9327831916320235,0.03567380885999698,1.0,0.12417357687705448,1924983.3084173282,804,0.6049661399548533,1.0,1.0,2.75,0.5162744021955183,2242130.6090607317,1924983.3084173289,0.038892496378752424,0.6049661399548533,1444.7013843612822,2004.4121996785896,0.4395721507578414,nan,nan,nan,nan,nan,9819,14378,0,6500,6500,0,0.4,166681,0.394978
42,on,6750,648,0.894252128317282,3267872.3453027033,3654307.5960600427,-0.09627830197135712,16778,35,9095,21.11574435979128,1329,0.9342632702057813,0.03428726747494925,1.0,0.12441219517956334,1919668.1421185057,805,0.6057185854025583,1.0,1.0,8.0,0.5158505655977037,2230178.179699353,1919668.1421185064,0.03937946185469436,0.6057185854025583,1440.2603200547746,2002.8728039165567,0.4396830894837709,nan,nan,nan,nan,nan,9819,14378,0,6750,6750,0,0.4,166681,0.394929
42,on,7000,725,0.8941300431473235,3267426.208538758,3654307.5960600427,-0.09627830197135712,17123,38,9193,21.290136512368917,1329,0.9348573814827793,0.03408450005964446,1.0,0.12492148114456444,1919969.8649834401,807,0.6072234762979684,1.0,1.0,8.0,0.5162823733376498,2228099.7831900166,1919969.864983441,0.03913551191186332,0.6072234762979684,1437.982365372817,1999.2702624137792,0.4405359269237339,nan,nan,nan,nan,nan,9819,14378,0,7000,7000,0,0.4,166681,0.393727
42,on,7250,738,0.8933437991231146,3264553.0310287345,3654307.5960600427,-0.09627830197135712,17572,39,9353,21.504849875345826,1329,0.9333403160953014,0.035626524575512096,1.0,0.12623690477361577,1919870.1631260836,807,0.6072234762979684,1.0,1.0,8.0,0.518809160613934,2223421.5935113174,1919870.1631260845,0.04056524746277226,0.6072234762979684,1427.8364210256302,1999.2702624137792,0.4420780555403394,nan,nan,nan,nan,nan,9819,14378,0,7250,7250,0,0.4,166681,0.394162
42,on,7500,652,0.8934032533853407,3264770.2951908056,3654307.5960600427,-0.09627830197135712,17999,39,9473,21.509199995547533,1329,0.9326212533875559,0.036432486928891616,1.0,0.12628240796017626,1910481.9494406306,807,0.6072234762979684,1.0,1.0,8.0,0.5183538456248027,2205664.398808664,1910481.949440631,0.041494440760356154,0.6072234762979684,1422.7436098284288,1999.2702624137792,0.4419024005783847,nan,nan,nan,nan,nan,9819,14378,0,7500,7500,0,0.4,166681,0.393919
42,on,7750,668,0.8931785730215853,3263949.2440308486,3654307.5960600427,-0.09627830197135712,18366,41,9564,21.434069832786918,1329,0.9318468647470982,0.03738789856384928,1.0,0.12691085492910484,1900313.4020170283,807,0.6072234762979684,1.0,1.0,8.0,0.5188244638144104,2185450.2011300186,1900313.4020170285,0.0428247087821487,0.6072234762979684,1415.1358569855547,1999.2702624137792,0.44222015988953944,nan,nan,nan,nan,nan,9819,14378,0,7750,7750,0,0.4,166681,0.393014
42,on,8000,706,0.8930781924267466,3263582.4224606324,3654307.5960600427,-0.09627830197135712,18699,41,9691,21.770156232640147,1329,0.9324787115104851,0.03630767582752176,1.0,0.12719731642548895,1880531.2900924603,808,0.6079759217456734,1.0,1.0,8.0,0.517033304062404,2148904.7531943936,1880531.290092461,0.04409773955944479,0.6079759217456734,1407.4900527616219,1997.3499692771925,0.44147193318394096,nan,nan,nan,nan,nan,9819,14378,0,8000,8000,0,0.4,166681,0.392077
42,on,8250,734,0.8932570215736341,3264235.9191705002,3654307.5960600427,-0.09627830197135712,19089,43,9809,21.57453611679375,1329,0.9320358221616162,0.037785306679738014,1.0,0.1281907406455751,1882238.7778643786,809,0.6087283671933785,1.0,1.0,8.0,0.5194320174736626,2147904.57742114,1882238.7778643798,0.044819582953129725,0.6087283671933785,1400.3100676271288,1995.4516729745167,0.44309834994924424,nan,nan,nan,nan,nan,9819,14378,0,8250,8250,0,0.4,166681,0.392223
42,on,8500,716,0.8925125533737209,3261515.4033725327,3654307.5960600427,-0.09627830197135712,19510,44,9916,21.864933252334595,1329,0.932271835163553,0.03628953087685083,1.0,0.12825076715142092,1868900.4559605292,811,0.6102332580887886,1.0,1.0,8.0,0.5172675923105297,2123279.5822578305,1868900.4559605299,0.04510241814680884,0.6102332580887886,1396.3284363394919,1991.6377435404895,0.4425116445084787,nan,nan,nan,nan,nan,9819,14378,0,8500,8500,0,0.4,166681,0.392002
42,on,8750,717,0.8921978097774107,3260365.2334577255,3654307.596060043,-0.09627830197135734,19906,47,9996,21.908551128581166,1329,0.9303278474469624,0.03797138796917071,1.0,0.12925044779860365,1866910.4949037659,812,0.6109857035364936,1.0,1.0,8.0,0.5186306010641328,2115239.221622551,1866910.4949037666,0.04612217567889525,0.6109857035364936,1388.18810873716,1990.0797833246722,0.4437932669030882,nan,nan,nan,nan,nan,9819,14378,0,8750,8750,0,0.4,166681,0.391787
42,on,9000,765,0.8919678595749129,3259524.924686022,3654307.596060043,-0.09627830197135734,20277,52,10064,21.628109004348516,1329,0.9300491368414783,0.03810004238549865,1.0,0.12995404582732825,1859459.5396849655,812,0.6109857035364936,1.0,1.0,8.0,0.5194315300053334,2099674.1173783117,1859459.5396849667,0.04741435502605632,0.6109857035364936,1381.033938131201,1990.0797833246722,0.4443199586807398,nan,nan,nan,nan,nan,9819,14378,0,9000,9000,0,0.4,166681,0.39185
42,on,9250,775,0.8916843779429262,3258488.9956049095,3654307.596060043,-0.09627830197135734,20734,53,10151,21.473700508475304,1329,0.9296833199120006,0.0390355939795536,1.0,0.13058338131642333,1854767.1718662211,812,0.6109857035364936,1.0,1.0,8.0,0.5211000890139612,2088080.086382941,1854767.1718662218,0.0488236450971256,0.6109857035364936,1372.8292198239606,1990.0797833246722,0.4454178492382477,nan,nan,nan,nan,nan,9819,14378,0,9250,9250,0,0.4,166681,0.392218
42,on,9500,710,0.8923027392699429,3260748.6780993366,3654307.596060043,-0.09627830197135734,21199,53,10251,20.975320344790816,1329,0.928174629145423,0.04011850245583641,1.0,0.13077810259595066,1843533.2518198898,814,0.6124905944319037,1.0,1.0,8.0,0.5202906904854474,2066272.4684227365,1843533.25181989,0.04899551649640161,0.6124905944319037,1370.7072993763431,1987.6045316676307,0.4454984245761391,nan,nan,nan,nan,nan,9819,14378,0,9500,9500,0,0.4,166681,0.391955
42,on,9750,756,0.8919578580811179,3259488.3761512754,3654307.596060043,-0.09627830197135734,21591,56,10295,21.454597167670727,1329,0.9282803284054493,0.03985740615423261,1.0,0.13071055911395124,1821231.0238171334,815,0.6132430398796087,1.0,1.0,8.5,0.51816189195439,2027824.057930941,1821231.0238171334,0.04981816592952851,0.6132430398796087,1367.2491582474713,1985.751010168914,0.4444936774025754,nan,nan,nan,nan,nan,9819,14378,0,9750,9750,0,0.4,166681,0.391166
42,on,10000,902,0.8901897513758492,3253027.170387567,3654307.596060043,-0.09627830197135734,21968,59,10362,21.675598308444023,1329,0.9251922923640336,0.0428047289248176,1.0,0.13216267297544437,1822502.5864591617,815,0.6132430398796087,1.0,1.0,8.5,0.521654727072103,2023527.7074917627,1822502.5864591626,0.05192676251293007,0.6132430398796087,1354.0750968705563,1985.751010168914,0.4467215901944397,nan,nan,nan,nan,nan,9819,14378,0,10000,10000,0,0.4,166681,0.390908
42,on,10250,829,0.8899491977992454,3252148.1136253243,3654307.596060043,-0.09627830197135734,22480,62,10427,21.625175340101123,1329,0.9241027278604796,0.044011421434859484,1.0,0.1329768309859101,1824153.2730733098,815,0.6132430398796087,1.0,1.0,8.5,0.523504167263001,2023098.5548903646,1824153.27307331,0.05292895167937287,0.6132430398796087,1347.7197951546407,1985.751010168914,0.4479483649781195,nan,nan,nan,nan,nan,9819,14378,0,10250,10250,0,0.4,166681,0.391299
42,on,10500,794,0.8900425189359217,3252489.1377639533,3654307.596060043,-0.09627830197135734,23000,65,10500,21.482719803228974,1329,0.9242325712155296,0.043408249956685616,1.0,0.1333784868514309,1823599.428511022,816,0.6139954853273137,1.0,1.0,9.0,0.5236764248013821,2021606.4223223322,1823599.4285110226,0.05268565246308607,0.6139954853273137,1347.1942585721456,1983.890262465524,0.44829373263959904,nan,nan,nan,nan,nan,9819,14378,0,10500,10500,0,0.4,166681,0.391057
42,on,10750,830,0.8897233750865097,3251322.887970811,3654307.596060043,-0.09627830197135734,23461,72,10563,21.25312653928995,1329,0.9236178093251409,0.04333423057655804,1.0,0.13369160367785307,1818538.141171283,818,0.6155003762227238,1.0,1.0,9.0,0.5229579606179653,2012185.3027040719,1818538.1411712836,0.05234236787760579,0.6155003762227238,1345.9095671203427,1980.1088824944843,0.4483250715827136,nan,nan,nan,nan,nan,9819,14378,0,10750,10750,0,0.4,166681,0.390487
42,on,11000,870,0.8897483974131268,3251414.3272490394,3654307.596060043,-0.09627830197135734,23910,81,10628,21.529766706749797,1329,0.9244480917377637,0.043644190223778315,1.0,0.13390244311729624,1818130.3466177736,820,0.617005267118134,1.0,1.0,9.0,0.5232287930400021,2011736.5614206162,1818130.3466177743,0.05146221485108124,0.617005267118134,1346.9059282968492,1976.1453282726538,0.44885160054463635,nan,nan,nan,nan,nan,9819,14378,0,11000,11000,0,0.4,166681,0.390819
42,on,11250,759,0.8900319209362898,3252450.4094133954,3654307.596060043,-0.09627830197135734,24486,83,10674,21.16879777237773,1329,0.9253776267568132,0.04160259247785544,1.0,0.13339973203745295,1812040.6165061395,822,0.618510158013544,1.0,1.0,9.0,0.5209169699771132,2002493.6572080273,1812040.61650614,0.05057063746122453,0.618510158013544,1349.0673845248746,1972.2542201379188,0.44804872173389776,nan,nan,nan,nan,nan,9819,14378,0,11250,11250,0,0.4,166681,0.391041
42,on,11500,813,0.8893957193922564,3250125.533278409,3654307.596060043,-0.09627830197135734,24969,85,10740,21.338429806753993,1329,0.9239754297933825,0.04307795708784211,1.0,0.13406145853481943,1811675.066714389,824,0.6200150489089541,1.0,1.0,9.0,0.522739850303209,2019837.333086375,1811675.0667143895,0.04933433525842883,0.6200150489089541,1348.5895243274592,1964.518279692996,0.4490907198687941,nan,nan,nan,nan,nan,9819,14378,0,11500,11500,0,0.4,166681,0.390716
42,on,11750,823,0.8886307896759114,3247330.2448055176,3654307.596060043,-0.09627830197135734,25455,85,10788,21.777895759791136,1329,0.9232670162857871,0.043529996848561466,1.0,0.13460116514405854,1809921.209805561,824,0.6200150489089541,1.0,1.0,9.0,0.5238508115487848,2014253.6839144323,1809921.2098055617,0.050325878404405104,0.6200150489089541,1342.7319026168286,1964.518279692996,0.44982419659593154,nan,nan,nan,nan,nan,9819,14378,0,11750,11750,0,0.4,166681,0.390698
42,on,12000,922,0.8884221865160145,3246567.944693744,3654307.596060043,-0.09627830197135734,25908,88,10824,21.76475373096764,1329,0.9220585569148047,0.044847799310284146,1.0,0.1352336086308459,1811054.6230614951,825,0.6207674943566591,1.0,1.0,9.0,0.5252676659488222,2012793.3330403497,1811054.6230614958,0.050852498763963895,0.6207674943566591,1337.4571641929197,1962.9245401041117,0.4510551110095107,nan,nan,nan,nan,nan,9819,14378,0,12000,12000,0,0.4,166681,0.390493
42,on,12250,849,0.8885736317136907,3247121.3720299993,3654307.596060043,-0.09627830197135734,26478,89,10887,21.483295563608408,1329,0.9214231938302805,0.04534025943506328,1.0,0.135853610619834,1805616.6181991722,825,0.6207674943566591,1.0,1.0,9.0,0.5260488674131074,2001312.8175522482,1805616.6181991727,0.05194091481357254,0.6207674943566591,1331.7487865274372,1962.9245401041117,0.4515914336862732,nan,nan,nan,nan,nan,9819,14378,0,12250,12250,0,0.4,166681,0.390538
42,on,12500,787,0.8892966456081131,3249763.4871964436,3654307.596060043,-0.09627830197135734,26992,91,10944,21.71782045252621,1329,0.9217223504029728,0.04503705060250666,1.0,0.13607024125877457,1799912.5583907296,825,0.6207674943566591,1.0,1.0,9.0,0.525446506669311,1989798.7820392018,1799912.55839073,0.052907491352758414,0.6207674943566591,1326.910025564865,1962.9245401041117,0.4513747457580104,nan,nan,nan,nan,nan,9819,14378,0,12500,12500,0,0.4,166681,0.390473
42,on,12750,899,0.889079727796494,3248970.8027897235,3654307.596060043,-0.09627830197135734,27424,92,10985,22.496256936341524,1329,0.9225742698945889,0.044127311679979395,1.0,0.13605270207952114,1798721.6660333232,825,0.6207674943566591,1.0,1.0,9.0,0.5259536250235028,1986446.8908903208,1798721.6660333239,0.053437234145952056,0.6207674943566591,1323.9453609570412,1962.9245401041117,0.4517062565410601,nan,nan,nan,nan,nan,9819,14378,0,12750,12750,0,0.4,166681,0.390642
42,on,13000,871,0.8887269979999604,3247681.8196148938,3654307.596060043,-0.09627830197135734,27945,96,11024,22.240882707759738,1329,0.9226757670403309,0.04372184950618971,1.0,0.1364578263615764,1797281.5648415855,826,0.6215199398043642,1.0,1.0,9.0,0.5260544734193089,1982298.7384368964,1797281.5648415862,0.05371378992440095,0.6215199398043642,1320.2845399506866,1960.906648777628,0.4521981196847411,nan,nan,nan,nan,nan,9819,14378,0,13000,13000,0,0.4,166681,0.391166
42,on,13250,854,0.8883100053166053,3246158.0000846083,3654307.596060043,-0.09627830197135734,28456,100,11068,22.18308088555932,1329,0.9204344872545621,0.045644459214622034,1.0,0.13741493586690084,1800948.6525592234,827,0.6222723852520692,1.0,1.0,9.0,0.5276849381792825,1984321.8750129293,1800948.6525592238,0.05415800966784628,0.6222723852520692,1316.0832759954146,1960.2560726421304,0.45355664122246475,nan,nan,nan,nan,nan,9819,14378,0,13250,13250,0,0.4,166681,0.391187
42,on,13500,834,0.8891106356157202,3249083.7494682996,3654307.596060043,-0.09627830197135734,28969,101,11099,22.481788275763392,1329,0.92177769019249,0.04434257300059276,1.0,0.13749805796699688,1801231.0522664518,828,0.6230248306997742,1.0,1.0,9.0,0.527743824474505,1983824.0520751746,1801231.052266452,0.054019364355437735,0.6230248306997742,1314.7290245974132,1958.3799486373307,0.45396090076149287,nan,nan,nan,nan,nan,9819,14378,0,13500,13500,0,0.4,166681,0.391355
42,on,13750,913,0.8894282355685503,3250244.357388435,3654307.596060043,-0.09627830197135734,29440,103,11140,22.155990839004517,1329,0.9199763307970706,0.04533281352280769,1.0,0.13852145830444795,1802782.9319146962,829,0.6237772761474794,1.0,1.0,9.0,0.5298980453114124,1983539.533340269,1802782.931914697,0.0545007905857191,0.6237772761474794,1309.3851483672204,1956.4321565077778,0.45551790704646633,nan,nan,nan,nan,nan,9819,14378,0,13750,13750,0,0.4,166681,0.392065
42,on,14000,912,0.8879729722147619,3244926.3774604183,3654307.596060043,-0.09627830197135734,29964,105,11192,22.667964862659574,1329,0.9180755723298604,0.047017115446176,1.0,0.1392205996572515,1805273.7015753188,829,0.6237772761474794,1.0,1.0,9.0,0.5320770192014537,1984253.171857678,1805273.7015753195,0.055558729474842604,0.6237772761474794,1302.6841250750824,1956.4321565077778,0.4569549668386419,nan,nan,nan,nan,nan,9819,14378,0,14000,14000,0,0.4,166681,0.392694
42,on,14250,847,0.8882579205963801,3245967.6664958503,3654307.596060043,-0.09627830197135734,30521,107,11217,21.847085108980536,1329,0.9188249491898763,0.04601050316910148,1.0,0.13938089488615732,1806495.8722154314,829,0.6237772761474794,1.0,1.0,9.0,0.5321608603241677,1985642.9891360602,1806495.8722154316,0.055717784339187386,0.6237772761474794,1301.5274382728844,1956.4321565077778,0.4571486462985035,nan,nan,nan,nan,nan,9819,14378,0,14250,14250,0,0.4,166681,0.393009
42,on,14500,833,0.8886924808980253,3247555.683507099,3654307.596060043,-0.09627830197135734,31060,108,11245,21.694081466645002,1329,0.9181684296850424,0.046790788217665594,1.0,0.13965413623460637,1807060.2698053592,831,0.6252821670428894,1.0,1.0,9.0,0.5322337135058213,1984206.8163784987,1807060.26980536,0.05520494363684877,0.6252821670428894,1301.9491820628352,1954.4560720480936,0.45765678374588314,nan,nan,nan,nan,nan,9819,14378,0,14500,14500,0,0.4,166681,0.393223
42,on,14750,890,0.8893498661053287,3249957.9712636853,3654307.596060043,-0.09627830197135734,31514,111,11282,22.224403876811266,1329,0.9190217390758917,0.04560499353936255,1.0,0.13941321343905644,1803482.0766965358,831,0.6252821670428894,1.0,1.0,9.0,0.5315340844133511,1977966.7751014223,1803482.0766965363,0.05549389986157195,0.6252821670428894,1300.8917501212482,1954.4560720480936,0.45728407626528766,nan,nan,nan,nan,nan,9819,14378,0,14750,14750,0,0.4,166681,0.393632
42,on,15000,873,0.8888489602199755,3248127.5070819277,3654307.596060043,-0.09627830197135734,32072,112,11312,22.049042660742998,1329,0.9164772188969774,0.047386062749903264,1.0,0.14051358045277368,1806828.4337405814,831,0.6252821670428894,1.0,1.0,9.0,0.5343141457146154,1980264.0775140333,1806828.433740582,0.05644816446037664,0.6252821670428894,1294.6851545498569,1954.4560720480936,0.4589645631879957,nan,nan,nan,nan,nan,9819,14378,0,15000,15000,0,0.4,166681,0.393857
42,on,15250,837,0.8890363704529822,3248812.3617199836,3654307.596060043,-0.09627830197135734,32627,113,11331,21.892036067321897,1329,0.9169760555779548,0.047488788961404155,1.0,0.14081845244723923,1806450.6982493075,833,0.6267870579382995,1.0,1.0,9.0,0.5346551861496442,1979291.6592798093,1806450.6982493077,0.055746545247283216,0.6267870579382995,1294.3802055069816,1950.5008121273977,0.4595883740473403,nan,nan,nan,nan,nan,9819,14378,0,15250,15250,0,0.4,166681,0.394064
42,on,15500,912,0.8883218323262091,3246201.219615642,3654307.596060043,-0.09627830197135734,33106,116,11364,22.162254139781,1329,0.9161502055857114,0.048216963266089194,1.0,0.14136430038413572,1801447.4222309561,836,0.6290443942814146,1.0,1.0,9.25,0.5344175858531632,1969534.9597381991,1801447.422230957,0.05507953518588838,0.6290443942814146,1293.0691554587927,1945.1543075216455,0.46009112969446475,nan,nan,nan,nan,nan,9819,14378,0,15500,15500,0,0.4,166681,0.393912
42,on,15750,1071,0.8866168858041608,3239970.8205892444,3654307.596060043,-0.09627830197135734,33573,122,11393,22.155927820131183,1329,0.9144341167178006,0.04984773755672437,1.0,0.1422323463167649,1798472.657729416,839,0.6313017306245298,1.0,1.0,10.0,0.5358439564519515,1973109.5699358094,1798472.6577294162,0.05386094980200354,0.6313017306245298,1290.6323286908012,1935.743977641618,0.46142659468864533,nan,nan,nan,nan,nan,9819,14378,0,15750,15750,0,0.4,166681,0.394413
42,on,16000,1091,0.8848119454114883,3233375.0132018663,3654307.596060043,-0.09627830197135734,34187,122,11416,22.449254704639316,1329,0.9136571378239728,0.04937627935529428,1.0,0.14288150109488973,1788050.3460550602,841,0.6328066215199398,1.0,1.0,10.0,0.5358725981183694,1950737.1823886023,1788050.3460550609,0.05519926411207147,0.6328066215199398,1280.5966212711735,1932.3354376467926,0.46227617465115767,nan,nan,nan,nan,nan,9819,14378,0,16000,16000,0,0.4,166681,0.395043
42,on,16250,1111,0.8834258951129477,3228309.9590673875,3654307.596060043,-0.09627830197135734,34851,122,11434,22.192194728180766,1329,0.9108937729800719,0.05131473534876581,1.0,0.14393227446592857,1774511.068631086,843,0.6343115124153499,1.0,1.0,10.0,0.5369525085734541,1924021.7944158886,1774511.0686310867,0.056646000682191194,0.6343115124153499,1270.1952687737294,1928.484941533418,0.46355372726832167,nan,nan,nan,nan,nan,9819,14378,0,16250,16250,0,0.4,166681,0.395199
42,on,16500,1223,0.8821967925508867,3223818.440238511,3654307.596060043,-0.09627830197135734,35458,124,11484,22.288057282567024,1329,0.909960275873845,0.051672754053575756,1.0,0.14442210311756015,1762542.0853741437,846,0.636568848758465,1.0,1.0,10.0,0.536410112502125,1901066.8305539053,1762542.085374144,0.05702137029066152,0.636568848758465,1264.0358835194302,1923.141187855236,0.46412373753064795,nan,nan,nan,nan,nan,9819,14378,0,16500,16500,0,0.4,166681,0.395514
42,on,16750,1414,0.8803420621171804,3217040.6847259747,3654307.596060043,-0.09627830197135734,36167,125,11504,22.798826256766915,1329,0.9090592983078483,0.05167278031722313,1.0,0.14542284093175323,1753998.4143085766,846,0.636568848758465,1.0,1.0,10.0,0.5372554804086749,1880561.3725729524,1753998.4143085773,0.059870082413399625,0.636568848758465,1249.411383180013,1923.141187855236,0.46521735340400316,nan,nan,nan,nan,nan,9819,14378,0,16750,16750,0,0.4,166681,0.396354
42,on,17000,1287,0.8793625673981779,3213461.309734023,3654307.596060043,-0.09627830197135734,37028,127,11528,22.505558144301176,1329,0.907594505492551,0.05353014606498484,1.0,0.1465816139142763,1750297.3555978886,848,0.6380737396538751,1.0,1.0,10.0,0.5395872285319827,1874218.8774102617,1750297.3555978893,0.06034860460678166,0.6380737396538751,1241.1277048250179,1917.434967627332,0.4670173670601443,nan,nan,nan,nan,nan,9819,14378,0,17000,17000,0,0.4,166681,0.397553
42,on,17250,1383,0.8777204179657702,3207460.39058931,3654307.596060043,-0.09627830197135734,37833,131,11561,22.369852112606168,1329,0.9050545079073398,0.05472801620305707,1.0,0.14745832797960132,1747984.6928068353,849,0.6388261851015802,1.0,1.0,10.0,0.5411080538581667,1865644.9769997895,1747984.692806836,0.06192497404804233,0.6388261851015802,1230.268427499109,1915.2079810324988,0.4686293126966419,nan,nan,nan,nan,nan,9819,14378,0,17250,17250,0,0.4,166681,0.398036
42,on,17500,1389,0.8776202685226625,3207094.4137186203,3654307.596060043,-0.09627830197135734,38676,132,11586,22.688601039350033,1329,0.9041615342765076,0.05508376311435182,1.0,0.14822213562413739,1749873.3435320787,849,0.6388261851015802,1.0,1.0,10.0,0.5429685431835156,1865871.0094018532,1749873.3435320794,0.06285492744552212,0.6388261851015802,1224.771882904683,1915.2079810324988,0.4698765214181575,nan,nan,nan,nan,nan,9819,14378,0,17500,17500,0,0.4,166681,0.399205
42,on,17750,1493,0.8766599245900417,3203585.021590814,3654307.596060043,-0.09627830197135734,39464,134,11603,22.737160064280033,1329,0.9012220754812303,0.05772542538420293,1.0,0.14870918378759396,1748486.1191193743,851,0.6403310759969902,1.0,1.0,10.0,0.5456453182340535,1894179.7923796251,1748486.119119375,0.0604017411006516,0.6403310759969902,1225.987348698878,1903.1641564432782,0.4710721627421839,nan,nan,nan,nan,nan,9819,14378,0,17750,17750,0,0.4,166681,0.40021
42,on,18000,1382,0.8766537272605011,3203562.374642398,3654307.596060043,-0.09627830197135734,40445,135,11621,22.35273414105177,1329,0.9022874465994678,0.05681543487967059,1.0,0.14879840086377627,1737692.449799051,853,0.6418359668924003,1.0,1.0,10.0,0.5441169523439706,1874877.606051159,1737692.4497990517,0.060614827123409265,0.6418359668924003,1223.0224367691098,1899.9198921731686,0.4708505988975069,nan,nan,nan,nan,nan,9819,14378,0,18000,18000,0,0.4,166681,0.401192
42,on,18250,1397,0.8763465103142045,3202439.7094219085,3654307.596060043,-0.09627830197135734,41264,136,11663,22.52087563276291,1329,0.9022088631778288,0.05546266577453767,1.0,0.14870432944729092,1726736.3400352427,854,0.6425884123401053,1.0,1.0,10.0,0.5424997329434555,1854783.38965642,1726736.340035243,0.06145009888548519,0.6425884123401053,1219.0404539016047,1898.750280142103,0.47035548863049415,nan,nan,nan,nan,nan,9819,14378,0,18250,18250,0,0.4,166681,0.401336
42,on,18500,1610,0.8748480589961589,3196963.9073880482,3654307.596060043,-0.09627830197135734,42096,136,11683,23.141023840755224,1329,0.9002160991632646,0.05601873415652331,1.0,0.14984793116761347,1711507.3148836007,855,0.6433408577878104,1.0,1.0,10.0,0.5441423860773329,1823466.6990745873,1711507.314883601,0.06445887412389714,0.6433408577878104,1203.331149092057,1896.7305951260164,0.4720224183254482,nan,nan,nan,nan,nan,9819,14378,0,18500,18500,0,0.4,166681,0.40199
42,on,18750,1626,0.8732151760564614,3190996.8508580346,3654307.596060043,-0.09627830197135734,43007,138,11722,22.72540745139122,1329,0.8977610970891172,0.05799759725704615,1.0,0.15125967764336717,1710254.0068416826,857,0.6448457486832204,1.0,1.0,10.0,0.5477206865766286,1843976.1793889455,1710254.0068416835,0.06270497794264808,0.6448457486832204,1199.501078273578,1883.7984763360553,0.47397946212628783,nan,nan,nan,nan,nan,9819,14378,0,18750,18750,0,0.4,166681,0.402883
42,on,19000,1655,0.8717277276359761,3185561.256796308,3654307.596060043,-0.09627830197135734,44004,141,11749,22.67476394958794,1329,0.8952868226240069,0.060357080093505516,1.0,0.15291981965767684,1712428.659260543,862,0.6486079759217457,1.0,1.0,10.0,0.5505797207994809,1845632.414107757,1712428.659260543,0.06138588544117765,0.6486079759217457,1195.3005883282683,1874.4313676087893,0.4769753382876514,nan,nan,nan,nan,nan,9819,14378,0,19000,19000,0,0.4,166681,0.403743
42,on,19250,1637,0.8716931967276562,3185435.0702357357,3654307.596060043,-0.09627830197135734,45141,143,11790,23.261236675083637,1329,0.8948958492845632,0.059886484007558825,1.0,0.15322682779828356,1709660.2435370877,863,0.6493604213694507,1.0,1.0,10.0,0.5513794304525517,1837486.0433290675,1709660.2435370884,0.06246952537783106,0.6493604213694507,1187.7169539834895,1872.598767887026,0.47798901697043283,nan,nan,nan,nan,nan,9819,14378,0,19250,19250,0,0.4,166681,0.404939
42,on,19500,1789,0.8702017116364178,3179984.724937413,3654307.596060043,-0.09627830197135734,46062,146,11818,23.647758416831493,1329,0.890967590152354,0.06200028740921107,1.0,0.15406082789561143,1693046.0375714668,865,0.6508653122648608,1.0,1.0,11.0,0.5514301578022247,1804513.271474672,1693046.0375714672,0.06477063863375625,0.6508653122648608,1175.4803531113469,1870.154938219712,0.4788598728050659,nan,nan,nan,nan,nan,9819,14378,0,19500,19500,0,0.4,166681,0.405865
42,on,19750,1909,0.8682307654599565,3172782.2813533447,3654307.596060043,-0.09627830197135734,47084,150,11857,23.40752431936562,1329,0.8869913119656369,0.06433219612102765,1.0,0.1555609725450493,1689294.5598245389,866,0.6516177577125658,1.0,1.0,11.0,0.5546422184505704,1789111.3852918122,1689294.5598245396,0.06796086544190272,0.6516177577125658,1157.8457613340624,1868.989976364481,0.48172587449339876,nan,nan,nan,nan,nan,9819,14378,0,19750,19750,0,0.4,166681,0.406807
42,on,20000,1903,0.866651309678629,3167010.464093999,3654307.596060043,-0.09627830197135734,48289,151,11884,23.477558808401227,1329,0.8820573024751992,0.0681178054876674,1.0,0.15763274411750577,1690264.1294869294,868,0.653122648607976,1.0,1.0,11.0,0.5595247228030134,1778712.9896152453,1690264.1294869296,0.07095519594177659,0.653122648607976,1140.6218939868315,1868.2074100161572,0.4857003992818205,32028633.126,1.7475962365330313,1437682.3049999995,0.078445064316796,916.3625,9819,14378,0,20000,20000,0,0.4,166681,0.407781
43,off,250,950,0.9960012264313254,3320132.5287685497,3333462.289664634,-2.220446049250313e-16,8346,0,883,21.80063712783158,1309,0.9957168819753994,0.00016940323946685088,0.14926927468866802,0.00016940323946685088,2404904.3292694674,755,0.5767761650114591,1.0,1.0,1.0,0.337090022093405,3115998.10650802,2404904.3292694674,0.022660687146166973,0.5767761650114591,2573.1893192408575,2100.6948514496726,0.3252088189600322,nan,nan,nan,nan,nan,0,0,0,0,0,0,0.399999,166704,0.489209
43,off,500,1517,0.9887213974855846,3295865.4935027137,3333462.289664634,-2.220446049250313e-16,8493,0,1337,14.521858597174287,1309,0.989085722191012,0.0014221843235026597,0.5060985539145224,0.0014221843235026597,2384670.9445057292,755,0.5767761650114591,1.0,1.0,1.0,0.33892511712476114,3093244.7564141853,2384670.94450573,0.019871500500211577,0.5767761650114591,2541.2911552071014,2100.6948514496726,0.32590540833752213,nan,nan,nan,nan,nan,0,0,0,0,0,0,0.399999,166704,0.309549
43,off,750,2905,0.9711174556151853,3237183.417128289,3333462.289664634,-2.220446049250313e-16,9033,0,2321,17.137599412351847,1309,0.9730892286775493,0.010454013999732214,0.9993161867924926,0.010454013999732214,2366098.6180524984,757,0.5783040488922842,1.0,1.0,1.0,0.35127454450370643,3081748.292344924,2366098.6180524994,0.013539120456864706,0.5783040488922842,2463.2134467785863,2100.7753718899007,0.3327450236340621,nan,nan,nan,nan,nan,0,0,0,0,0,0,0.399999,166704,0.199687
43,off,1000,4471,0.948220707174936,3160857.9696467808,3333462.289664634,-2.220446049250313e-16,10531,2,3905,21.58478888310492,1309,0.9518849775004617,0.021759603676272204,0.9983943794377853,0.021759603676272204,2322971.4807738024,763,0.5828877005347594,1.0,1.0,1.0,0.3652770983736353,3022756.739715152,2322971.4807738033,0.008287322344105303,0.5828877005347594,2369.8978075247737,2088.506867065473,0.34115285519956995,nan,nan,nan,nan,nan,0,0,0,0,0,0,0.399999,166704,0.145339
43,off,1250,6129,0.9248758646952814,3083038.817582691,3333462.289664634,-2.220446049250313e-16,13001,12,6278,26.825668714940548,1309,0.9314485221315117,0.032571801638509874,0.9983576449258456,0.032571801638509874,2279529.7202295805,769,0.5874713521772346,1.0,1.0,1.0,0.37824041247122797,2967789.444026279,2279529.7202295815,0.004200729486577803,0.5874713521772346,2275.5013915241693,2076.7251000504993,0.34860782785920463,nan,nan,nan,nan,nan,0,0,0,0,0,0,0.399999,166704,0.122856
43,off,1500,7531,0.9044308563574041,3014886.153276498,3333462.289664634,-2.220446049250313e-16,16394,38,8708,31.133390257135034,1309,0.9131987086584774,0.04746941674912422,0.9990401611057348,0.04746941674912422,2294699.709368275,770,0.5882352941176471,1.0,1.0,1.0,0.3991993315285167,3001349.548735711,2294699.709368276,0.0012607190512721619,0.5882352941176471,2186.849918221013,2077.5620412225135,0.3610089972710464,nan,nan,nan,nan,nan,0,0,0,0,0,0,0.399999,166704,0.111565
43,off,1750,9148,0.877932439871224,2926554.681183989,3333462.289664634,-2.220446049250313e-16,20447,97,11988,37.28420686349273,1309,0.8909854201991655,0.06366191330587247,0.9992348303745844,0.06366191330587247,2270804.798817773,775,0.5920550038197097,1.0,1.0,1.0,0.4192968411810811,2950922.2097222055,2270804.7988177743,2.4564515008377456e-06,0.5920550038197097,2077.0264585866444,2072.220697622256,0.37352676845354993,nan,nan,nan,nan,nan,0,0,0,0,0,0,0.399999,166704,0.108463
43,off,2000,10513,0.8591302931940125,2863878.434270761,3333462.289664634,-2.220446049250313e-16,25347,146,15706,42.45944783650339,1309,0.8758852135013945,0.07208023108797125,1.0,0.07208023108797125,2218601.5665898398,780,0.5958747135217723,1.0,1.0,1.0,0.428923567257659,2845232.6264209626,2218601.5665898407,0.0007147135413969421,0.5958747135217723,1994.7642331930597,2075.9108041021777,0.3796197162007795,nan,nan,nan,nan,nan,0,0,0,0,0,0,0.399999,166704,0.110708
43,off,2250,12010,0.8373216698916578,2791180.2109028604,3333462.289664634,-2.220446049250313e-16,30852,198,20397,47.48019752651453,1309,0.8568124027822608,0.08441739601244462,0.9991933667979045,0.08441739601244462,2237423.9578104913,782,0.5974025974025974,1.0,1.0,1.0,0.4492397966056323,2881988.6784859872,2237423.9578104923,0.002601796418678825,0.5974025974025974,1909.8534484759246,2065.4291472242535,0.39182892224281574,nan,nan,nan,nan,nan,0,0,0,0,0,0,0.399999,166704,0.112144
43,off,2500,12908,0.8184960242009813,2728425.630914403,3333462.289664634,-2.220446049250313e-16,37192,291,25802,53.194243213161826,1309,0.8394619081818904,0.09488089721546494,0.9994509782638042,0.09488089721546494,2253125.346968359,787,0.6012223071046601,1.0,1.0,1.0,0.46725526637257175,2907915.2887134133,2253125.3469683602,0.004642289140730322,0.6012223071046601,1841.6353600294747,2050.505231170262,0.4033308361351049,nan,nan,nan,nan,nan,0,0,0,0,0,0,0.399999,166704,0.114123
43,off,2750,13706,0.8084999848254034,2695104.210609911,3333462.289664634,-2.220446049250313e-16,43733,404,31180,56.05430688895285,1309,0.8314605478624258,0.10021615113685979,0.9999663842458733,0.10021615113685979,2221418.878409914,792,0.6050420168067226,1.0,1.0,1.0,0.4713877366851966,2833716.0317830793,2221418.8784099156,0.006258817964076417,0.6050420168067226,1804.6622947381363,2045.8711088982363,0.4070067156606083,nan,nan,nan,nan,nan,0,0,0,0,0,0,0.399999,166704,0.116113
43,off,3000,14317,0.7930969162361515,2643758.662322522,3333462.289664634,-2.220446049250313e-16,50556,541,37007,58.285131588578224,1309,0.8196473370580603,0.1064548604373243,0.9998154241384284,0.1064548604373243,2152794.011750385,802,0.612681436210848,1.0,1.0,8.0,0.4735065113024912,2679431.5072338493,2152794.011750386,0.00932664263404436,0.612681436210848,1748.317816321035,2039.1968302372413,0.4105836125065223,nan,nan,nan,nan,nan,0,0,0,0,0,0,0.399999,166704,0.117677
43,off,3250,15036,0.7789916132784187,2596739.166828625,3333462.289664634,-2.220446049250313e-16,57505,695,43583,62.519307892769575,1309,0.809900523929881,0.11259019247706888,1.0,0.11259019247706888,2133612.636331199,806,0.6157372039724981,1.0,1.0,8.0,0.4833487338470872,2635676.0425190646,2133612.6363312006,0.012213890085579245,0.6157372039724981,1697.879828474414,2029.7535949503826,0.4176524366908767,nan,nan,nan,nan,nan,0,0,0,0,0,0,0.399999,166704,0.118923
43,off,3500,15654,0.7682296531724212,2560864.578652407,3333462.289664634,-2.220446049250313e-16,64693,865,50702,66.53828751668334,1309,0.8007862288373215,0.11693316194308467,1.0,0.11693316194308467,2132923.5624079136,809,0.6180290297937356,1.0,1.0,8.0,0.489020094625497,2618908.869789197,2132923.5624079145,0.014872897518886069,0.6180290297937356,1658.1844041954419,2024.7619187060468,0.4220207973784169,nan,nan,nan,nan,nan,0,0,0,0,0,0,0.399999,166704,0.120126
43,off,3750,16300,0.7587754757825931,2529349.4348436147,3333462.289664634,-2.220446049250313e-16,72167,1019,57899,69.16989999078214,1309,0.7935101489840346,0.12002346015650182,1.0,0.12002346015650182,2097580.7591805616,810,0.6187929717341482,1.0,1.0,8.0,0.4937492319030006,2548619.102454807,2097580.759180563,0.018190483192724694,0.6187929717341482,1621.35842537662,2023.545701928057,0.4252773123706697,nan,nan,nan,nan,nan,0,0,0,0,0,0,0.399999,166704,0.122134
43,off,4000,16560,0.7527801254196431,2509364.160495394,3333462.289664634,-2.220446049250313e-16,79907,1201,65203,69.31903356872499,1309,0.7884955455164301,0.12243374561106748,0.9991928435685836,0.12243374561106748,2073223.4655403083,815,0.6226126814362108,1.0,1.0,8.5,0.49656598696002896,2490482.3548433613,2073223.4655403097,0.020672399522036217,0.6226126814362108,1598.3082379988607,2025.39476418821,0.42797164064302984,nan,nan,nan,nan,nan,0,0,0,0,0,0,0.399999,166704,0.123752
43,off,4250,17056,0.7454649320166159,2484979.2391447993,3333462.289664634,-2.220446049250313e-16,87678,1368,73019,73.07981237210333,1309,0.7827763716064827,0.12436081685077731,1.0,0.12436081685077731,2034632.06176389,819,0.6256684491978609,1.0,1.0,9.0,0.4969501227715971,2424408.611921575,2034632.0617638917,0.022132683273841665,0.6256684491978609,1576.8942801011917,2015.384218168111,0.4291687176349419,nan,nan,nan,nan,nan,0,0,0,0,0,0,0.399999,166704,0.12455
43,off,4500,17562,0.7368844081094625,2456376.386274738,3333462.289664634,-2.220446049250313e-16,95516,1536,81035,76.29852381721139,1309,0.7769486747281241,0.12773991151214906,1.0,0.12773991151214906,1943045.9743564785,826,0.6310160427807486,1.0,1.0,9.0,0.4949753085656823,2257837.0585834505,1943045.9743564795,0.02505743178810698,0.6310160427807486,1550.8135494313126,2008.097410603603,0.42943566442327974,nan,nan,nan,nan,nan,0,0,0,0,0,0,0.399999,166704,0.125395
43,off,4750,18370,0.7238142538310798,2412807.51986765,3333462.289664634,-2.220446049250313e-16,103779,1710,89171,78.41236564517021,1309,0.7680499395459833,0.13240305224833177,1.0,0.13240305224833177,1903005.7488054337,831,0.6348357524828113,1.0,1.0,9.5,0.5042485571674125,2193201.2435121075,1903005.7488054351,0.028576442483416314,0.6348357524828113,1509.8724746875118,1994.211337175973,0.43649769980989506,nan,nan,nan,nan,nan,0,0,0,0,0,0,0.399999,166704,0.127068
43,off,5000,18452,0.7229663666859496,2409981.120043467,3333462.289664634,-2.220446049250313e-16,112326,1900,97710,79.89849764481187,1309,0.7657866623736027,0.13265608806376203,1.0,0.13265608806376203,1901176.3820413447,833,0.6363636363636364,1.0,1.0,10.0,0.5042925698807832,2193612.504316602,1901176.382041346,0.028352599784410775,0.6363636363636364,1508.9822878437205,1991.6200721170183,0.43649932124095603,nan,nan,nan,nan,nan,0,0,0,0,0,0,0.399999,166704,0.12821
43,off,5250,18738,0.7196087648849119,2398788.6810559975,3333462.289664634,-2.220446049250313e-16,120801,2101,106178,80.73698492534459,1309,0.7651721573581994,0.13464944919582258,1.0,0.13464944919582258,1891946.8007676823,835,0.6378915202444614,1.0,1.0,10.0,0.5059890915870089,2171478.9906633142,1891946.8007676837,0.029487244319737548,0.6378915202444614,1498.245391285235,1989.6947721500856,0.43825829073044065,nan,nan,nan,nan,nan,0,0,0,0,0,0,0.399999,166704,0.129418
43,off,5500,18670,0.71734387705088,2391238.762870932,3333462.289664634,-2.220446049250313e-16,129023,2314,115019,79.98906855657697,1309,0.7610837205819964,0.13466788917413208,1.0,0.13466788917413208,1870246.089431233,840,0.6417112299465241,1.0,1.0,10.0,0.5024205111502842,2128921.289415319,1870246.0894312344,0.02959328161187709,0.6417112299465241,1494.6902324365458,1985.3263592693766,0.43712883661988977,nan,nan,nan,nan,nan,0,0,0,0,0,0,0.399999,166704,0.130406
43,off,5750,19001,0.7170151587876509,2390142.992936534,3333462.289664634,-2.220446049250313e-16,137175,2544,123851,80.5451282877475,1309,0.7608815486184034,0.13402830270265367,1.0,0.13402830270265367,1858273.5126450392,843,0.6440030557677616,1.0,1.0,10.0,0.5008881616482974,2111034.8438454955,1858273.5126450402,0.0284068273879392,0.6440030557677616,1498.905236481425,1978.7481499797404,0.436966154273551,nan,nan,nan,nan,nan,0,0,0,0,0,0,0.399999,166704,0.131501
43,off,6000,19236,0.7088579051460979,2362951.0955351875,3333462.289664634,-2.220446049250313e-16,145553,2789,133220,84.1844244711101,1309,0.7560379302839101,0.13591108318586578,1.0,0.13591108318586578,1815270.448028073,846,0.6462948815889993,1.0,1.0,10.0,0.5012365048542438,2026871.1212907303,1815270.448028074,0.03315939329416498,0.6462948815889993,1467.681397017112,1980.8238267003696,0.43789024011140665,nan,nan,nan,nan,nan,0,0,0,0,0,0,0.399999,166704,0.132338
43,off,6250,19148,0.7084384702743215,2361552.9252071506,3333462.289664634,-2.220446049250313e-16,154070,3038,142923,86.18923255056143,1309,0.7565249881215648,0.13529858349976004,1.0,0.13529858349976004,1813772.9491819865,849,0.6485867074102368,1.0,1.0,11.0,0.5007648517530348,2078954.9000826546,1813772.949181988,0.029984856699868816,0.6485867074102368,1476.294607441204,1964.7774730224044,0.4372637292263979,nan,nan,nan,nan,nan,0,0,0,0,0,0,0.399999,166704,0.132829
43,off,6500,19321,0.7118067197651428,2372780.8578669853,3333462.289664634,-2.220446049250313e-16,162710,3272,151816,82.57196496799588,1309,0.7568562201543578,0.1317858573839391,1.0,0.1317858573839391,1802873.7953107962,852,0.6508785332314744,1.0,1.0,11.0,0.49382645303692296,2061900.279359877,1802873.7953107979,0.028121102426596708,0.6508785332314744,1491.6243081422722,1963.9706795395848,0.4334866464345981,nan,nan,nan,nan,nan,0,0,0,0,0,0,0.399999,166704,0.13321
43,off,6750,19814,0.7031451829450681,2343907.9515067246,3333462.289664634,-2.220446049250313e-16,171009,3504,161201,84.57829269953072,1309,0.7477567708465273,0.13872331550813644,1.0,0.13872331550813644,1842530.853804038,854,0.6524064171122995,1.0,1.0,11.0,0.510331885441121,2106631.1748575834,1842530.8538040393,0.03161101737688169,0.6524064171122995,1458.592719584923,1965.3869174485174,0.4447559423241527,nan,nan,nan,nan,nan,0,0,0,0,0,0,0.399999,166704,0.133571
43,off,7000,20087,0.6989988210740702,2330086.21057045,3333462.289664634,-2.220446049250313e-16,179322,3731,170983,86.86996661499143,1309,0.7465745269431663,0.13748220530919927,1.0,0.13748220530919927,1799470.071221936,856,0.6539343009931246,1.0,1.0,11.0,0.5056785106666015,2030665.1775687917,1799470.0712219374,0.035127094910537324,0.6539343009931246,1441.2724304222334,1969.7749890800326,0.4422299248271926,nan,nan,nan,nan,nan,0,0,0,0,0,0,0.399999,166704,0.133898
43,off,7250,20036,0.695602642276219,2318765.1766188545,3333462.289664634,-2.220446049250313e-16,187899,3991,181527,89.90737631917,1309,0.7432689068830679,0.1388887789954206,1.0,0.1388887789954206,1792376.6241598625,857,0.6546982429335371,1.0,1.0,11.0,0.506910460546327,2020835.726472143,1792376.624159864,0.035922018197640876,0.6546982429335371,1431.4503027929863,1965.1230409333307,0.4432496532281778,nan,nan,nan,nan,nan,0,0,0,0,0,0,0.399999,166704,0.134318
43,off,7500,20210,0.6971098209159816,2323789.299778291,3333462.289664634,-2.220446049250313e-16,196349,4243,191623,87.92320357635617,1309,0.7435172922373244,0.13807005281586696,0.9999921656984867,0.13807005281586696,1797331.1198680967,863,0.6592818945760123,1.0,1.0,11.0,0.5041211092129925,2037508.4594588086,1797331.1198680978,0.03195456181678426,0.6592818945760123,1447.1606600695388,1952.8075025265712,0.4424674121049512,nan,nan,nan,nan,nan,0,0,0,0,0,0,0.399999,166704,0.134604
43,off,7750,20899,0.691226503266568,2304177.4822558523,3333462.289664634,-2.220446049250313e-16,204876,4484,201768,89.29255252704024,1309,0.7384718372506637,0.14100316200180407,1.0,0.14100316200180407,1816148.2470322002,865,0.6608097784568373,1.0,1.0,11.0,0.5125720087040024,2055511.6948436622,1816148.2470322012,0.03419849932898327,0.6608097784568373,1426.043756418703,1952.4478770749506,0.4485014295990606,nan,nan,nan,nan,nan,0,0,0,0,0,0,0.399999,166704,0.134994
43,off,8000,21038,0.686107023186481,2287111.888466193,3333462.289664634,-2.220446049250313e-16,213190,4711,212438,92.23662719130516,1309,0.7315601080388735,0.145263453738763,1.0,0.145263453738763,1824186.6037344,866,0.6615737203972498,1.0,1.0,11.0,0.5199449865113521,2061007.9342109375,1824186.603734401,0.036043596464547634,0.6615737203972498,1408.2173709695885,1950.1278234608844,0.453572122235925,nan,nan,nan,nan,nan,0,0,0,0,0,0,0.399999,166704,0.135258
43,off,8250,21125,0.6818143571941487,2272802.4482586277,3333462.289664634,-2.220446049250313e-16,221654,4989,222887,95.29644198901951,1309,0.7296144868796214,0.1450444258409874,1.0,0.1450444258409874,1764241.3676056892,868,0.6631016042780749,1.0,1.0,11.0,0.5135764038896968,1960855.813019,1764241.3676056906,0.039630082423586815,0.6631016042780749,1392.5492699167237,1951.987289185005,0.45011667151826495,nan,nan,nan,nan,nan,0,0,0,0,0,0,0.399999,166704,0.135599
43,off,8500,21317,0.6788060615612934,2262774.408210342,3333462.289664634,-2.220446049250313e-16,230134,5235,233640,97.86278638057411,1309,0.7269007196054094,0.1447345155651891,1.0,0.1447345155651891,1762267.053200403,869,0.6638655462184874,1.0,1.0,11.0,0.5148491116180884,1951535.6994589833,1762267.0532004044,0.04122116370764735,0.6638655462184874,1381.6979723871043,1952.2554546646913,0.4517109867690712,nan,nan,nan,nan,nan,0,0,0,0,0,0,0.399999,166704,0.135974
43,off,8750,21580,0.6768500410806741,2256254.0877003856,3333462.289664634,-2.220446049250313e-16,238492,5478,244453,96.2845522351563,1309,0.7241068469489456,0.1460963946575392,1.0,0.1460963946575392,1781901.5624407788,870,0.6646294881588999,1.0,1.0,11.0,0.5186438718939737,1976597.7326021227,1781901.5624407805,0.041616742201609186,0.6646294881588999,1375.0254391086837,1951.8233178728863,0.4544972328486969,nan,nan,nan,nan,nan,0,0,0,0,0,0,0.399999,166704,0.136297
43,off,9000,21772,0.6721908190276881,2240722.7466875827,3333462.289664634,-2.220446049250313e-16,247002,5740,255519,97.27992572076619,1309,0.7203377740887379,0.14780273354213758,1.0,0.14780273354213758,1768443.6882950386,870,0.6646294881588999,1.0,1.0,11.0,0.5222046976169155,1949395.2033200532,1768443.6882950393,0.0445468902639033,0.6646294881588999,1357.3230236942757,1951.8233178728863,0.45708619195209277,nan,nan,nan,nan,nan,0,0,0,0,0,0,0.399999,166704,0.136656
43,off,9250,21744,0.6682761931562776,2227673.4889670904,3333462.289664634,-2.220446049250313e-16,255402,6047,266731,96.80112760700285,1309,0.7184580714185471,0.14902658779280692,1.0,0.14902658779280692,1738799.855017709,871,0.6653934300993124,1.0,1.0,11.0,0.5222467871577992,1896735.6928130703,1738799.8550177105,0.04761512063451593,0.6653934300993124,1342.8771368796129,1952.6818208932104,0.4572753082108132,nan,nan,nan,nan,nan,0,0,0,0,0,0,0.399999,166704,0.136924
43,off,9500,22521,0.6611985307255978,2204080.368155443,3333462.289664634,-2.220446049250313e-16,263645,6346,277908,98.60967877134681,1309,0.7111139360150525,0.15266789152152613,1.0,0.15266789152152613,1755388.5079199504,874,0.6676852559205501,1.0,1.0,12.0,0.5314099390352265,1910995.3924834598,1755388.5079199518,0.049549134145420205,0.6676852559205501,1321.1936531843705,1947.2940254856048,0.4642984963213337,nan,nan,nan,nan,nan,0,0,0,0,0,0,0.399999,166704,0.13733
43,off,9750,22477,0.663596293292306,2212073.2192511344,3333462.289664634,-2.220446049250313e-16,272201,6593,289714,102.66298455558717,1309,0.7135880917461591,0.15033393057211877,1.0,0.15033393057211877,1731753.1145805873,876,0.6692131398013751,1.0,1.0,12.0,0.5226358552479213,1880005.0252272135,1731753.114580588,0.04752517707664636,0.6692131398013751,1333.574282175802,1943.319644569742,0.45903896251037324,nan,nan,nan,nan,nan,0,0,0,0,0,0,0.399999,166704,0.137668
43,off,10000,22363,0.6636682765536625,2212313.1727383533,3333462.289664634,-2.220446049250313e-16,281122,6836,301515,103.02530901506543,1309,0.7125708231708933,0.15069432197041768,1.0,0.15069432197041768,1733929.6356423795,877,0.6699770817417876,1.0,1.0,12.0,0.5235069228134435,1883223.6047996914,1733929.635642381,0.04686954894283081,0.6699770817417876,1335.4229109184685,1941.6831664247202,0.45976866622497625,nan,nan,nan,nan,nan,0,0,0,0,0,0,0.399999,166704,0.138078
43,off,10250,22518,0.6614378265721607,2204878.051836034,3333462.289664634,-2.220446049250313e-16,290010,7083,312657,104.89455360360444,1309,0.7118734091470197,0.150234316495631,1.0,0.150234316495631,1732368.8943202614,879,0.6715049656226126,1.0,1.0,12.0,0.5215004831569829,1877857.2090218666,1732368.8943202628,0.04702174820643408,0.6715049656226126,1330.4196477486614,1938.1075010324184,0.45950494996449054,nan,nan,nan,nan,nan,0,0,0,0,0,0,0.399999,166704,0.138436
43,off,10500,23133,0.6572580608226243,2190944.9603303224,3333462.289664634,-2.220446049250313e-16,298776,7362,324174,104.44782859645784,1309,0.7078570334152761,0.1514034951919336,1.0,0.1514034951919336,1717792.9732835747,880,0.6722689075630253,1.0,1.0,12.0,0.5238637267078672,1850710.0488988839,1717792.973283576,0.0491722916966493,0.6722689075630253,1316.5936634831385,1935.7713539905174,0.4612055786865463,nan,nan,nan,nan,nan,0,0,0,0,0,0,0.399999,166704,0.138768
43,off,10750,23233,0.6578269625840554,2192841.372898577,3333462.289664634,-2.220446049250313e-16,307533,7637,336084,107.29336207173765,1309,0.7093145243535383,0.15079990638328683,1.0,0.15079990638328683,1728082.7810650412,880,0.6722689075630253,1.0,1.0,12.0,0.5229938615987118,1866905.3973448067,1728082.7810650426,0.048533552124851165,0.6722689075630253,1318.7886708750093,1935.7713539905174,0.46074690344148594,nan,nan,nan,nan,nan,0,0,0,0,0,0,0.399999,166704,0.139124
43,off,11000,23100,0.6542732579926291,2180995.2326544495,3333462.289664634,-2.220446049250313e-16,316629,7904,347719,109.0522465147078,1309,0.7052239069172037,0.1527076598810115,1.0,0.1527076598810115,1717810.1831585164,882,0.6737967914438503,1.0,1.0,12.0,0.5252307550756259,1847136.9057260856,1717810.1831585178,0.04962286379433169,0.6737967914438503,1308.9518674661222,1931.7107276278382,0.46282560692640984,nan,nan,nan,nan,nan,0,0,0,0,0,0,0.399999,166704,0.139494
43,off,11250,23413,0.6510262394009301,2170171.4186251806,3333462.289664634,-2.220446049250313e-16,325389,8207,359816,109.57650717161596,1309,0.7035428866546073,0.15429942596491802,1.0,0.15429942596491802,1719439.941786928,882,0.6737967914438503,1.0,1.0,12.0,0.5285475567346218,1844655.6739127266,1719439.9417869293,0.05149599195331753,0.6737967914438503,1297.006141905477,1931.7107276278382,0.46525204039300716,nan,nan,nan,nan,nan,0,0,0,0,0,0,0.399999,166704,0.139706
43,off,11500,23929,0.6464572466495697,2154940.8535867697,3333462.289664634,-2.220446049250313e-16,334349,8486,371473,109.82650453224778,1309,0.6999278180792502,0.15386712898653573,1.0,0.15386712898653573,1692918.7491563123,883,0.6745607333842628,1.0,1.0,12.0,0.5269502710953966,1796485.664515745,1692918.7491563132,0.055001243305852404,0.6745607333842628,1280.637127594421,1931.9037275503497,0.4650742188079027,nan,nan,nan,nan,nan,0,0,0,0,0,0,0.399999,166704,0.140034
43,off,11750,23607,0.6464037697312746,2154762.590296265,3333462.289664634,-2.220446049250313e-16,343697,8786,383407,111.00927326455712,1309,0.7000975805756052,0.15516128491419945,1.0,0.15516128491419945,1705198.811975712,883,0.6745607333842628,1.0,1.0,12.0,0.5292545609821984,1814558.198366512,1705198.8119757134,0.054657366927386375,0.6745607333842628,1280.32580756186,1931.9037275503497,0.466398010169528,nan,nan,nan,nan,nan,0,0,0,0,0,0,0.399999,166704,0.140433
43,off,12000,23717,0.6462175659264986,2154141.8869348527,3333462.289664634,-2.220446049250313e-16,352631,9077,395598,112.52705488912761,1309,0.6981828662212749,0.15515400356548686,1.0,0.15515400356548686,1685136.117440738,886,0.6768525592055004,1.0,1.0,12.0,0.5277270142892498,1784197.7836636147,1685136.1174407394,0.05378021985437987,0.6768525592055004,1283.7736764450988,1927.4705237079777,0.46588679870775573,nan,nan,nan,nan,nan,0,0,0,0,0,0,0.399999,166704,0.140589
43,off,12250,24075,0.6401766858638828,2134004.841049736,3333462.289664634,-2.220446049250313e-16,361613,9386,408327,112.90043935924768,1309,0.695236850777844,0.15760191231398593,1.0,0.15760191231398593,1681191.3556122535,887,0.6776165011459129,1.0,1.0,12.0,0.5313726189066661,1767014.487330866,1681191.355612255,0.05782533620998414,0.6776165011459129,1261.7340031674266,1928.8314347480925,0.4690106159428813,nan,nan,nan,nan,nan,0,0,0,0,0,0,0.399999,166704,0.140827
43,off,12500,24057,0.6450952083529354,2150400.5502878604,3333462.289664634,-2.220446049250313e-16,370835,9721,420537,112.39853142388165,1309,0.699148044625942,0.15392309504668347,1.0,0.15392309504668347,1679707.3503145818,887,0.6776165011459129,1.0,1.0,12.0,0.5254068008378427,1772776.0454998752,1679707.3503145832,0.05466864401652805,0.6776165011459129,1280.4843335136643,1928.8314347480925,0.46484302951502365,nan,nan,nan,nan,nan,0,0,0,0,0,0,0.399999,166704,0.141116
43,off,12750,24359,0.64264595150445,2142236.0449457313,3333462.289664634,-2.220446049250313e-16,380204,10031,432790,112.7881980650127,1309,0.6971031464857174,0.15419712195467733,1.0,0.15419712195467733,1690793.2616523823,888,0.6783804430863254,1.0,1.0,12.25,0.5284617777268485,1786282.5744913693,1690793.2616523837,0.05506962898410019,0.6783804430863254,1273.2651313739805,1926.5362303210588,0.4674610034994071,nan,nan,nan,nan,nan,0,0,0,0,0,0,0.399999,166704,0.141385
43,off,13000,24141,0.6404625713996436,2134957.829702355,3333462.289664634,-2.220446049250313e-16,389386,10345,445951,117.8539663348347,1309,0.694369615218247,0.1555717427750815,1.0,0.1555717427750815,1681338.7793368383,888,0.6783804430863254,1.0,1.0,12.25,0.5295973028629737,1768549.8683878295,1681338.7793368397,0.05691083646678822,0.6783804430863254,1264.293476316016,1926.5362303210588,0.4684285419854515,nan,nan,nan,nan,nan,0,0,0,0,0,0,0.399999,166704,0.141457
43,off,13250,24423,0.6362943458251938,2121063.206935111,3333462.289664634,-2.220446049250313e-16,398400,10672,458784,115.48980558291078,1309,0.6920744573989106,0.15748325902992705,1.0,0.15748325902992705,1675370.9946836096,888,0.6783804430863254,1.0,1.0,12.25,0.5326974165156781,1753148.5883874034,1675370.994683611,0.05978767636035224,0.6783804430863254,1248.9673530090977,1926.5362303210588,0.4705365672589703,nan,nan,nan,nan,nan,0,0,0,0,0,0,0.399999,166704,0.141478
43,off,13500,24436,0.6395908068270262,2132051.8353740694,3333462.289664634,-2.220446049250313e-16,407536,11001,471733,118.83335927128792,1309,0.6938388659762716,0.15534890968882933,1.0,0.15534890968882933,1686822.765499282,889,0.679144385026738,1.0,1.0,13.0,0.5300701501420468,1774569.3646609865,1686822.7654992829,0.056782189217184295,0.679144385026738,1262.9392589258682,1925.926108165044,0.46912535278285583,nan,nan,nan,nan,nan,0,0,0,0,0,0,0.399999,166704,0.14175
43,off,13750,24560,0.6374665070564184,2124970.562196805,3333462.289664634,-2.220446049250313e-16,416772,11313,484306,119.58647000789642,1309,0.6926078420632703,0.15701554173450372,1.0,0.15701554173450372,1695410.7636321157,889,0.679144385026738,1.0,1.0,13.0,0.534681561798366,1783698.8655389093,1695410.7636321175,0.0579029226578818,0.679144385026738,1254.7262878477866,1925.926108165044,0.4723355072027915,nan,nan,nan,nan,nan,0,0,0,0,0,0,0.399999,166704,0.141964
43,off,14000,24415,0.6358457904223509,2119567.964414909,3333462.289664634,-2.220446049250313e-16,426130,11623,497020,116.30317646451294,1309,0.6908426660722704,0.15588107661582867,1.0,0.15588107661582867,1662489.5456869805,890,0.6799083269671505,1.0,1.0,13.0,0.529347713458143,1731074.98162725,1662489.5456869812,0.05996014974428155,0.6799083269671505,1249.5138777112495,1926.2953293894807,0.4691600582572213,nan,nan,nan,nan,nan,0,0,0,0,0,0,0.399999,166704,0.142148
43,off,14250,24862,0.6341324839604179,2113856.7219334166,3333462.289664634,-2.220446049250313e-16,435134,11957,510332,118.67086787894368,1309,0.6894908304505047,0.15775315546691074,1.0,0.15775315546691074,1670386.344661787,891,0.680672268907563,1.0,1.0,13.0,0.5326060189172823,1739568.9297413088,1670386.344661788,0.060248138583202146,0.680672268907563,1244.7508575076688,1925.1957145445429,0.47153646217123746,nan,nan,nan,nan,nan,0,0,0,0,0,0,0.399999,166704,0.142271
43,off,14500,24509,0.6374103673107514,2124783.4224716728,3333462.289664634,-2.220446049250313e-16,444262,12286,524001,121.20951140858233,1309,0.6921208211038409,0.15469464559022145,1.0,0.15469464559022145,1670581.8999982597,893,0.6822001527883881,1.0,1.0,13.0,0.5268018729431048,1743167.5719412325,1670581.8999982616,0.05791870284866235,0.6822001527883881,1258.1580866872341,1926.2105213002096,0.46823563284296266,nan,nan,nan,nan,nan,0,0,0,0,0,0,0.399999,166704,0.142533
43,off,14750,24750,0.6344728512892327,2114991.3235886544,3333462.289664634,-2.220446049250313e-16,453436,12617,536347,122.54939893633127,1309,0.6902418149274931,0.15716309550944926,1.0,0.15716309550944926,1676994.2291790636,893,0.6822001527883881,1.0,1.0,13.0,0.5315399663885001,1747652.8720509976,1676994.229179065,0.05969632552640314,0.6822001527883881,1246.6833361044191,1926.2105213002096,0.47144489895454655,nan,nan,nan,nan,nan,0,0,0,0,0,0,0.399999,166704,0.142666
43,off,15000,24506,0.6329535735392551,2109926.8685015775,3333462.289664634,-2.220446049250313e-16,462562,12987,549822,123.24938704818487,1309,0.6887440366008284,0.1568808257779921,1.0,0.1568808257779921,1650997.0387186457,893,0.6822001527883881,1.0,1.0,13.0,0.5280670611838365,1707140.473906099,1650997.0387186473,0.061629890768185994,0.6822001527883881,1241.1387100004124,1926.2105213002096,0.4692283041863756,nan,nan,nan,nan,nan,0,0,0,0,0,0,0.399999,166704,0.142805
43,off,15250,25095,0.6291498791302431,2097247.396627728,3333462.289664634,-2.220446049250313e-16,471381,13355,563219,122.33527717739344,1309,0.6860773161491804,0.15877038116781436,1.0,0.15877038116781436,1656658.0376286036,893,0.6822001527883881,1.0,1.0,13.0,0.5327551797953327,1709400.4534873567,1656658.037628605,0.06390577007714891,0.6822001527883881,1227.4091894734556,1926.2105213002096,0.47261662271173144,nan,nan,nan,nan,nan,0,0,0,0,0,0,0.399999,166704,0.142869
43,off,15500,24867,0.6315893013455992,2105379.1185911875,3333462.289664634,-2.220446049250313e-16,480720,13682,576682,124.81276713497937,1309,0.6882819895208004,0.15604086850711663,1.0,0.15604086850711663,1649278.3165580393,894,0.6829640947288006,1.0,1.0,13.0,0.5291956600788372,1704066.2251017643,1649278.316558041,0.06164040581920634,0.6829640947288006,1238.4802768309999,1923.6947980704763,0.4702431858412781,nan,nan,nan,nan,nan,0,0,0,0,0,0,0.399999,166704,0.143026
43,off,15750,25031,0.6306461686232517,2102235.2212270936,3333462.289664634,-2.220446049250313e-16,490126,14026,589056,120.71368307992816,1309,0.6865771357164148,0.15900251617727132,1.0,0.15900251617727132,1673061.599546822,894,0.6829640947288006,1.0,1.0,13.0,0.5351672064396826,1737193.4200194725,1673061.599546823,0.06145666308413977,0.6829640947288006,1234.5867972520114,1923.6947980704763,0.4741154154519964,nan,nan,nan,nan,nan,0,0,0,0,0,0,0.399999,166704,0.143092
43,off,16000,24933,0.6292009310997563,2097417.576442913,3333462.289664634,-2.220446049250313e-16,499022,14393,602539,122.79261094331741,1309,0.6855091522921143,0.15990887327345582,1.0,0.15990887327345582,1664257.5535095439,895,0.6837280366692131,1.0,1.0,13.5,0.5363236037731054,1721449.141951324,1664257.553509545,0.062215140207016746,0.6837280366692131,1230.9094770372405,1922.8778877698142,0.4749576871153556,nan,nan,nan,nan,nan,0,0,0,0,0,0,0.399999,166704,0.143197
43,off,16250,25591,0.626466205615115,2088301.4721672765,3333462.289664634,-2.220446049250313e-16,507776,14782,616009,123.66882689669728,1309,0.6844713181828989,0.16069423972214805,1.0,0.16069423972214805,1650899.8842018752,899,0.6867838044308633,1.0,1.0,14.0,0.5351760790163189,1704604.6617904394,1650899.8842018768,0.061162735926306784,0.6867838044308633,1228.665237789798,1913.7932001003041,0.4749668499832116,nan,nan,nan,nan,nan,0,0,0,0,0,0,0.399999,166704,0.143327
43,off,16500,25682,0.6243406548056072,2081216.0286990162,3333462.289664634,-2.220446049250313e-16,517123,15108,629480,125.57100959122181,1309,0.6810852741831618,0.16097159003779157,1.0,0.16097159003779157,1648757.5405492126,900,0.6875477463712758,1.0,1.0,14.0,0.536324175897863,1699077.4769858972,1648757.5405492142,0.06187554338377405,0.6875477463712758,1222.3551099445845,1911.4747826702126,0.4763332985249473,nan,nan,nan,nan,nan,0,0,0,0,0,0,0.399999,166704,0.143518
43,off,16750,25473,0.623885752161596,2079699.6278897363,3333462.289664634,-2.220446049250313e-16,526388,15454,643228,128.09285379946232,1309,0.6784837268734213,0.1613708459924787,1.0,0.1613708459924787,1673102.5800383512,902,0.6890756302521008,1.0,1.0,14.0,0.5400453288796807,1731143.9186166911,1673102.5800383522,0.06078040777422715,0.6890756302521008,1221.9553749912895,1910.8967418314658,0.47939529118036095,nan,nan,nan,nan,nan,0,0,0,0,0,0,0.399999,166704,0.143593
43,off,17000,25708,0.6196949501907908,2065729.747556605,3333462.289664634,-2.220446049250313e-16,535334,15881,657024,127.10722912847997,1309,0.6761638620162994,0.16244581132537889,1.0,0.16244581132537889,1672540.7208459298,903,0.6898395721925134,1.0,1.0,14.0,0.5436518739739447,1726728.1657768388,1672540.7208459314,0.06236244349314517,0.6898395721925134,1209.3029621675785,1907.5074989256395,0.48220078712295167,nan,nan,nan,nan,nan,0,0,0,0,0,0,0.399999,166704,0.143661
43,off,17250,26017,0.6182744156872663,2060994.4493579385,3333462.289664634,-2.220446049250313e-16,544182,16278,671235,128.79367154091597,1309,0.6748005568799329,0.16283221446986412,1.0,0.16283221446986412,1651699.24635841,904,0.6906035141329259,1.0,1.0,14.0,0.5414689971272766,1693204.9341337204,1651699.2463584114,0.06375023819362607,0.6906035141329259,1205.3914211746396,1907.3868932598264,0.4810494769170579,nan,nan,nan,nan,nan,0,0,0,0,0,0,0.399999,166704,0.14376
43,off,17500,26490,0.6095103732359647,2031779.8443415044,3333462.289664634,-2.220446049250313e-16,553335,16634,685239,129.42869239673018,1309,0.6679944232551634,0.16653225865039153,1.0,0.16653225865039153,1652906.465012438,905,0.6913674560733384,1.0,1.0,14.0,0.5492731936304311,1678689.074076025,1652906.4650124393,0.0698915846960556,0.6913674560733384,1173.07714850292,1908.8796456011173,0.48743552563670556,nan,nan,nan,nan,nan,0,0,0,0,0,0,0.399999,166704,0.143821
43,off,17750,26156,0.6108817778660248,2036351.3699596815,3333462.289664634,-2.220446049250313e-16,562733,17051,699462,131.44356920570135,1309,0.6667820895844674,0.1653043083175909,1.0,0.1653043083175909,1653561.695762718,906,0.692131398013751,1.0,1.0,14.75,0.5456415353457604,1681721.0863855428,1653561.6957627193,0.06835386112633207,0.692131398013751,1179.21585365903,1907.523303265315,0.48544718573714496,nan,nan,nan,nan,nan,0,0,0,0,0,0,0.399999,166704,0.14387
43,off,18000,26465,0.6117282408010267,2039173.022233109,3333462.289664634,-2.220446049250313e-16,571792,17455,713426,130.33361175097525,1309,0.6683324204535199,0.16439805368747792,1.0,0.16439805368747792,1654958.6614972,909,0.6944232238349886,1.0,1.0,15.0,0.5443286699451173,1694427.3835304044,1654958.6614972013,0.06424290853386061,0.6944232238349886,1189.6861875636832,1897.5242006059568,0.4850203097468184,nan,nan,nan,nan,nan,0,0,0,0,0,0,0.399999,166704,0.14387
43,off,18250,26792,0.607545707840319,2025230.7063333108,3333462.289664634,-2.220446049250313e-16,580891,17839,728268,134.53284269198775,1309,0.6648373946448878,0.16601079528985122,1.0,0.16601079528985122,1651548.6132587013,910,0.6951871657754011,1.0,1.0,15.0,0.5468512900283276,1684102.7297568526,1651548.6132587027,0.0663147323098766,0.6951871657754011,1176.153675597575,1895.0780262137835,0.4869412633831529,nan,nan,nan,nan,nan,0,0,0,0,0,0,0.399999,166704,0.143931
43,off,18500,26705,0.6085241016999244,2028492.1453687446,3333462.289664634,-2.220446049250313e-16,590238,18199,743173,135.07327015697956,1309,0.6668482747077499,0.16517793230985353,1.0,0.16517793230985353,1646933.9456743929,913,0.6974789915966386,1.0,1.0,15.0,0.5433001584027242,1677336.6429751236,1646933.9456743943,0.06507568373482775,0.6974789915966386,1182.342778516176,1895.0384567817696,0.4851666116397624,nan,nan,nan,nan,nan,0,0,0,0,0,0,0.399999,166704,0.143987
43,off,18750,26799,0.607010092474854,2023445.2527107683,3333462.289664634,-2.220446049250313e-16,599789,18629,757262,137.52378901466727,1309,0.6638457848310834,0.16607233882881495,1.0,0.16607233882881495,1637582.412263305,914,0.6982429335370511,1.0,1.0,15.75,0.5447248479220794,1660303.2172569118,1637582.4122633063,0.06621878713541308,0.6982429335370511,1177.486763922147,1894.8848182923543,0.4864213539744131,nan,nan,nan,nan,nan,0,0,0,0,0,0,0.399999,166704,0.143988
43,off,19000,27085,0.6084351576648723,2028195.6537820078,3333462.289664634,-2.220446049250313e-16,609213,19094,771568,135.00916101969779,1309,0.6644832670316875,0.16467939966524225,1.0,0.16467939966524225,1644373.1089546192,914,0.6982429335370511,1.0,1.0,15.75,0.5455483121091262,1672360.005001489,1644373.1089546205,0.06495536228378865,0.6982429335370511,1182.8918762008452,1894.8848182923543,0.48676115099993544,nan,nan,nan,nan,nan,0,0,0,0,0,0,0.399999,166704,0.143969
43,off,19250,27700,0.6027542427720374,2009258.5382159483,3333462.289664634,-2.220446049250313e-16,618863,19518,785538,139.00673806481063,1309,0.6612290934491254,0.16709260240465415,1.0,0.16709260240465415,1646034.2911275255,914,0.6982429335370511,1.0,1.0,15.75,0.5498360283255646,1665871.174046365,1646034.2911275267,0.06865155493127581,0.6982429335370511,1162.5450315570276,1894.8848182923543,0.49049908701916567,nan,nan,nan,nan,nan,0,0,0,0,0,0,0.399999,166704,0.144021
43,off,19500,27268,0.6027548651866699,2009260.6130116545,3333462.289664634,-2.220446049250313e-16,628481,19963,800891,141.43358100391924,1309,0.6607574452851627,0.16712128077826938,1.0,0.16712128077826938,1655644.8163114209,914,0.6982429335370511,1.0,1.0,15.75,0.5519441248643548,1679484.8866396688,1655644.8163114225,0.06831637982264357,0.6982429335370511,1162.2053696158412,1894.8848182923543,0.4919202161198586,nan,nan,nan,nan,nan,0,0,0,0,0,0,0.399999,166704,0.144064
43,off,19750,27129,0.6030710357679208,2010314.5557213554,3333462.289664634,-2.220446049250313e-16,638111,20427,815542,140.0705680474639,1309,0.6614426071627182,0.16579696741465705,1.0,0.16579696741465705,1633626.833859116,914,0.6982429335370511,1.0,1.0,15.75,0.5476406523756652,1648581.3480670953,1633626.8338591177,0.06896723808661061,0.6982429335370511,1163.632966264202,1894.882912648791,0.48892542318529997,nan,nan,nan,nan,nan,0,0,0,0,0,0,0.399999,166704,0.144092
43,off,20000,27470,0.604441520171382,2014883.0137988671,3333462.289664634,-2.220446049250313e-16,647482,20902,830138,138.35625988058746,1309,0.6635928476956792,0.16459710410575315,1.0,0.16459710410575315,1613324.2626505797,916,0.6997708174178763,1.0,1.0,16.0,0.542088755565838,1620830.7814333881,1613324.2626505818,0.06850166731967908,0.6997708174178763,1169.9890803309847,1895.2713123833655,0.4853553033968008,1203292514.106,2.923467181504272,284741732.53499997,0.6917961347820778,20579.8875,0,0,0,0,0,0,0.399999,166704,0.144064
43,on,250,657,0.8998331435119679,3288343.8583584325,3654392.9083611234,-0.09627546100987305,8563,0,888,31.017094196751714,1309,0.9894591622692939,0.000440566858194374,0.1820845474025654,0.005952139998147143,2342943.9618327036,748,0.5714285714285714,1.0,1.0,1.0,0.354573341384528,3070118.9255871796,2342943.9618327036,0.010819894323496528,0.5714285714285714,2435.8639826471326,2114.12782034792,0.33352896547533994,nan,nan,nan,nan,nan,6240,14443,0,250,250,0,0.399999,166704,0.607515
43,on,500,805,0.8982585651593803,3282589.7303930772,3654392.9083611234,-0.09627546100987305,8740,0,1203,21.79306912049651,1309,0.9864707336753148,0.0013645678718217967,0.5944756664196562,0.014230956534273176,2332814.913659366,750,0.5729564553093965,1.0,1.0,1.0,0.36737614689244347,3064905.308547121,2332814.913659366,0.006070447967995076,0.5729564553093965,2352.6984924940352,2112.121759487755,0.3410757515431233,nan,nan,nan,nan,nan,7573,14443,0,500,500,0,0.399999,166704,0.496056
43,on,750,993,0.8952200612877498,3271485.843392563,3654392.9083611234,-0.09627546100987305,9092,0,1754,23.06713715940714,1309,0.9778495680324346,0.006065851043610591,1.003837082294335,0.030424367964025652,2316140.1144718514,752,0.5744843391902216,1.0,1.0,1.0,0.39106173681909717,3053189.4995458494,2316140.1144718514,0.0016205103335266142,0.5744843391902216,2230.563251261423,2106.651799501268,0.35483535535419186,nan,nan,nan,nan,nan,9191,14443,0,750,750,0,0.399999,166704,0.453667
43,on,1000,1120,0.8927866548321921,3262593.220098213,3654392.9083611234,-0.09627546100987305,9629,0,2415,24.553129363805056,1309,0.9650672374510464,0.01422877872497248,1.0,0.047785130909444334,2232680.2627673107,755,0.5767761650114591,1.0,1.0,1.0,0.41247787344258935,2905129.3296373556,2232680.2627673117,6.508292688933668e-05,0.5767761650114591,2081.4369201860395,2105.835137362556,0.3673695752530164,nan,nan,nan,nan,nan,9543,14443,0,1000,1000,0,0.399999,166704,0.445133
43,on,1250,1118,0.8916284521786929,3258360.6925348206,3654392.908361124,-0.09627546100987328,10238,3,3162,25.37462536804378,1309,0.9570466241811189,0.01840166185730184,1.0,0.06376560423026402,2193261.3583610808,756,0.5775401069518716,1.0,1.0,1.0,0.43398125865448156,2821694.2027414097,2193261.3583610817,0.0030795375952471426,0.5775401069518716,1938.9474749789597,2105.3286288685035,0.3802072995941739,nan,nan,nan,nan,nan,9543,14443,0,1250,1250,0,0.399999,166704,0.444062
43,on,1500,1054,0.891575675930433,3258167.8273874493,3654392.9083611234,-0.09627546100987305,10765,9,3672,23.858044136315584,1309,0.9481585302061756,0.024251153552983802,1.0,0.0769332533251731,2157467.860314763,759,0.5798319327731093,1.0,1.0,1.0,0.45185817685665497,2743108.209818521,2157467.860314764,0.00746199332677769,0.5798319327731093,1840.9249521512559,2097.986435579303,0.3913809848342329,nan,nan,nan,nan,nan,9543,14443,0,1500,1500,0,0.399999,166704,0.438987
43,on,1750,1003,0.891430013821486,3257635.5208094968,3654392.9083611234,-0.09627546100987305,11245,16,4245,23.7473228238523,1309,0.9448167338195377,0.025956257778860247,1.0,0.08407349323256526,2083820.7963129373,761,0.5813598166539343,1.0,1.0,1.0,0.4599733926566747,2610947.7024557786,2083820.7963129375,0.011758015982934892,0.5813598166539343,1772.9332316577895,2090.2216691483977,0.3963821509003922,nan,nan,nan,nan,nan,9543,14443,0,1750,1750,0,0.399999,166704,0.433461
43,on,2000,974,0.8934520210700225,3265024.7297592033,3654392.9083611234,-0.09627546100987305,11673,23,4785,23.82001435942948,1309,0.9439888694533999,0.027039870477753802,1.0156742109774024,0.09150427772606846,2047254.7831715706,765,0.5844155844155844,1.0,1.0,1.0,0.4702221710655585,2528743.301114766,2047254.783171571,0.016483417088130746,0.5844155844155844,1711.8885556210855,2084.6397556827587,0.40332274572759297,nan,nan,nan,nan,nan,9543,14443,0,2000,2000,0,0.399999,166704,0.432435
43,on,2250,864,0.8935570060831933,3265408.386246819,3654392.9083611234,-0.09627546100987305,12021,28,5457,23.938902854919434,1309,0.941968024406444,0.02764274998853647,1.0,0.0983751967306519,1982534.4182665783,767,0.5859434682964094,1.0,1.0,1.0,0.47642448856536923,2389675.030661471,1982534.418266579,0.023618005139638912,0.5859434682964094,1645.632150519896,2084.9453939110267,0.40785807996096435,nan,nan,nan,nan,nan,9543,14443,0,2250,2250,0,0.399999,166704,0.433792
43,on,2500,774,0.895029410641313,3270789.1310222503,3654392.9083611234,-0.09627546100987305,12368,37,5939,23.168236611410975,1309,0.9435806312596471,0.02627106921108944,1.0,0.10230003164749009,1952394.4335970331,769,0.5874713521772346,1.0,1.0,1.0,0.47992007918491986,2317184.098612721,1952394.4335970336,0.0288330211614206,0.5874713521772346,1603.4028345899956,2085.3600122495495,0.41079481862937106,nan,nan,nan,nan,nan,9543,14443,0,2500,2500,0,0.399999,166704,0.432259
43,on,2750,688,0.8961492532014876,3274881.4757326334,3654392.9083611234,-0.09627546100987305,12634,43,6391,22.36958177573979,1309,0.9437143670330983,0.02545889733262525,1.0,0.10557934670432245,1947178.2847132997,771,0.5889992360580596,1.0,1.0,1.0,0.484327392237327,2297155.9656511415,1947178.2847133004,0.03147247411055149,0.5889992360580596,1578.3377598412503,2081.478658317922,0.41402621315577015,nan,nan,nan,nan,nan,9543,14443,0,2750,2750,0,0.399999,166704,0.427779
43,on,3000,625,0.8971950558586133,3278703.2495463784,3654392.9083611234,-0.09627546100987305,12818,53,6804,22.98532617650926,1309,0.9447625264665698,0.024852901024961307,1.0044098587539225,0.1077269997324433,1923950.9951717986,773,0.5905271199388846,1.0,1.0,1.0,0.4864226158342204,2260045.866885672,1923950.9951717993,0.033299087827016224,0.5905271199388846,1559.5234757814487,2074.2548923527775,0.4156275896810351,nan,nan,nan,nan,nan,9543,14443,0,3000,3000,0,0.399999,166704,0.423014
43,on,3250,603,0.8981145653852178,3282063.4986395724,3654392.9083611234,-0.09627546100987305,13004,61,7178,23.049211023375392,1309,0.9437812571743102,0.026124910918940206,1.0,0.11033508109948363,1895922.2251440494,773,0.5905271199388846,1.0,1.0,1.0,0.48771996036635334,2200841.838847485,1895922.22514405,0.037448069525177194,0.5905271199388846,1532.3881696612516,2074.2548923527775,0.41651872479538454,nan,nan,nan,nan,nan,9543,14443,0,3250,3250,0,0.399999,166704,0.419921
43,on,3500,585,0.898339385343506,3282885.079100799,3654392.9083611234,-0.09627546100987305,13192,67,7586,22.803033892065287,1309,0.9433810330272047,0.026598828116201755,1.0,0.11296048243638374,1885671.9150892647,775,0.5920550038197097,1.0,1.0,1.0,0.4906518836524538,2169522.054996324,1885671.9150892654,0.04064147754096674,0.5920550038197097,1508.582203196027,2071.8773084572194,0.41911411920085473,nan,nan,nan,nan,nan,9543,14443,0,3500,3500,0,0.399999,166704,0.417968
43,on,3750,542,0.898902741596575,3284943.804196895,3654392.9083611234,-0.09627546100987305,13354,70,7877,21.729117603972554,1309,0.9418481466181573,0.02728077343934245,1.0,0.11523327329101572,1885402.2561684784,777,0.5935828877005348,1.0,1.0,1.0,0.4948324539103943,2154140.9592230413,1885402.256168479,0.043645605937719746,0.5935828877005348,1487.6834197389849,2071.7274589366466,0.4224858828640443,nan,nan,nan,nan,nan,9543,14443,0,3750,3750,0,0.399999,166704,0.416654
43,on,4000,528,0.8993143867744919,3286448.1174158356,3654392.9083611234,-0.09627546100987305,13514,76,8145,21.295335503295064,1309,0.9418948989889784,0.027321668340121813,1.0,0.11661905332752447,1876848.0546257165,778,0.5943468296409473,1.0,1.0,1.0,0.4965775764572904,2133497.4335954734,1876848.054625717,0.045270000792902325,0.5943468296409473,1476.4130279378353,2070.0519883064608,0.4239520424018879,nan,nan,nan,nan,nan,9543,14443,0,4000,4000,0,0.399999,166704,0.413891
43,on,4250,481,0.8997331851041399,3287978.571061735,3654392.9083611234,-0.09627546100987305,13667,82,8389,21.537309300154448,1309,0.9421329450594452,0.027390288810607878,1.0,0.11808184357537468,1870987.5808456098,778,0.5943468296409473,1.0,1.0,1.0,0.4988290610751498,2118498.8291807678,1870987.5808456107,0.04704403868041443,0.5943468296409473,1465.8386071695204,2070.0519883064608,0.42520021475030867,nan,nan,nan,nan,nan,9543,14443,0,4250,4250,0,0.399999,166704,0.411644
43,on,4500,465,0.8999077501927344,3288616.5004835417,3654392.9083611234,-0.09627546100987305,13829,90,8608,21.035943431779742,1309,0.9421083333430925,0.027240370730150173,1.0,0.11936824301210837,1866284.809356256,780,0.5958747135217723,1.0,1.0,1.0,0.499568405840378,2102637.5193884815,1866284.8093562564,0.048240331714962725,0.5958747135217723,1456.858674179548,2068.3053841169885,0.4262455967884984,nan,nan,nan,nan,nan,9543,14443,0,4500,4500,0,0.399999,166704,0.410267
43,on,4750,447,0.8999369959531925,3288723.37598316,3654392.9083611234,-0.09627546100987305,13964,94,8820,20.60861023515463,1309,0.9431585557385054,0.02627406413859959,1.0,0.1201869683305541,1858813.3887105728,781,0.5966386554621849,1.0,1.0,1.0,0.49960750952006916,2084617.7061129517,1858813.3887105738,0.04948733598299488,0.5966386554621849,1448.9047478293915,2067.151867919143,0.4267846220081499,nan,nan,nan,nan,nan,9543,14443,0,4750,4750,0,0.399999,166704,0.408301
43,on,5000,438,0.8999512001087784,3288775.283548602,3654392.9083611234,-0.09627546100987305,14087,99,9065,20.972123639658093,1309,0.9422307215525064,0.026731174684635258,1.0,0.12109630654574996,1858021.9106656513,781,0.5966386554621849,1.0,1.0,1.0,0.5011115114388891,2078960.2308694068,1858021.910665652,0.05089913769672722,0.5966386554621849,1440.2814205693005,2067.151867919143,0.4278037486711588,nan,nan,nan,nan,nan,9543,14443,0,5000,5000,0,0.399999,166704,0.40548
43,on,5250,417,0.9006999410976939,3291511.4773086943,3654392.9083611234,-0.09627546100987305,14209,104,9278,20.62577656470239,1309,0.9420799597836574,0.027153414073577162,1.0,0.1218251214093808,1848847.3074020352,781,0.5966386554621849,1.0,1.0,1.0,0.5015176191629223,2059762.5297311442,1848847.307402036,0.052384639887910464,0.5966386554621849,1432.7715908303346,2067.151867919143,0.4281134369795967,nan,nan,nan,nan,nan,9543,14443,0,5250,5250,0,0.399999,166704,0.403589
43,on,5500,398,0.900912012272707,3292286.46870673,3654392.9083611234,-0.09627546100987305,14312,111,9494,20.417601320892572,1309,0.9427908607134661,0.026465594293442866,1.0,0.1224218571095088,1842522.855232331,781,0.5966386554621849,1.0,1.0,1.0,0.5020155677047424,2045191.0645844832,1842522.8552323321,0.05385042976684894,0.5966386554621849,1425.0584810292569,2067.151867919143,0.4286677655682485,nan,nan,nan,nan,nan,9543,14443,0,5500,5500,0,0.399999,166704,0.401944
43,on,5750,398,0.9015331577060482,3294556.378173393,3654392.9083611234,-0.09627546100987305,14411,125,9689,20.691631915047765,1309,0.9436057900537295,0.026380167045156052,1.0,0.12318373742579712,1840523.434528194,781,0.5966386554621849,1.0,1.0,1.0,0.5032854355286767,2039191.1187736716,1840523.4345281948,0.05476758655486148,0.5966386554621849,1419.9650755339767,2067.151867919143,0.4293750826191358,nan,nan,nan,nan,nan,9543,14443,0,5750,5750,0,0.399999,166704,0.400483
43,on,6000,388,0.9016387241425281,3294942.159410226,3654392.908361124,-0.09627546100987328,14530,133,9873,20.72743615694344,1309,0.9431688425843218,0.0269562785166835,1.0,0.12396836073268097,1836067.3215804526,781,0.5966386554621849,1.0,1.0,1.0,0.5047736001444583,2028181.7062729357,1836067.3215804533,0.05605107907607333,0.5966386554621849,1413.2185611536634,2067.151867919143,0.430361422359268,nan,nan,nan,nan,nan,9543,14443,0,6000,6000,0,0.399999,166704,0.399614
43,on,6250,339,0.9021426951575273,3296783.867513459,3654392.908361124,-0.09627546100987328,14631,141,10071,20.523746643215418,1309,0.9444041491816221,0.02529314668892008,1.0,0.12432109716312456,1831759.7825867191,781,0.5966386554621849,1.0,1.0,1.0,0.5047668944981305,2018337.0173710822,1831759.7825867205,0.057037903430476926,0.5966386554621849,1408.2614300267458,2067.151867919143,0.4305744581661277,nan,nan,nan,nan,nan,9543,14443,0,6250,6250,0,0.399999,166704,0.398679
43,on,6500,332,0.9026837829656381,3298761.21496222,3654392.908361124,-0.09627546100987328,14714,146,10196,20.30314907617867,1309,0.9441598029450857,0.025733646551927412,1.0,0.12455633645369474,1833059.3890051881,782,0.5974025974025974,1.0,1.0,1.0,0.5050254458751258,2019186.3465490292,1833059.3890051888,0.05684837467353953,0.5974025974025974,1407.4239629710703,2065.6548487353703,0.4310258094045558,nan,nan,nan,nan,nan,9543,14443,0,6500,6500,0,0.399999,166704,0.396997
43,on,6750,364,0.9022706474784138,3297251.4555675145,3654392.9083611234,-0.09627546100987305,14792,149,10317,20.39580119214952,1309,0.942878424667507,0.026911208483422624,1.0,0.12531719776769173,1831299.6540976989,782,0.5974025974025974,1.0,1.0,1.0,0.5065604877000394,2012281.8384557674,1831299.6540976996,0.05819445379556847,0.5974025974025974,1399.9963713529346,2065.6548487353703,0.4320261557582705,nan,nan,nan,nan,nan,9543,14443,0,6750,6750,0,0.399999,166704,0.395617
43,on,7000,358,0.9024161187550552,3297783.0647692434,3654392.9083611234,-0.09627546100987305,14877,157,10449,20.701439540833235,1309,0.9432721616148566,0.026599517282826887,1.0,0.12568885917837977,1827155.3204936762,782,0.5974025974025974,1.0,1.0,1.0,0.5068860065719947,2002723.8378966001,1827155.320493677,0.05918332319608772,0.5974025974025974,1395.1246073489644,2065.6548487353703,0.432375280131442,nan,nan,nan,nan,nan,9543,14443,0,7000,7000,0,0.399999,166704,0.39461
43,on,7250,359,0.9023004479022605,3297360.358025086,3654392.9083611234,-0.09627546100987305,14980,164,10607,20.823310336098075,1309,0.9429468516136202,0.027074938675193463,1.0,0.1262406729860183,1820095.6247196489,782,0.5974025974025974,1.0,1.0,1.0,0.5076292285243982,1986914.4644476548,1820095.6247196496,0.06072317704018019,0.5974025974025974,1387.7709662537118,2065.6548487353703,0.4329584900140011,nan,nan,nan,nan,nan,9543,14443,0,7250,7250,0,0.399999,166704,0.39359
43,on,7500,356,0.9026774657540976,3298738.129389165,3654392.9083611234,-0.09627546100987305,15077,170,10739,20.400313284248114,1309,0.9432204509607397,0.02706947698030464,1.0,0.12663335231019318,1820502.5889675855,782,0.5974025974025974,1.0,1.0,1.0,0.5082142059499337,1985485.4339028466,1820502.588967586,0.061402087717147294,0.5974025974025974,1383.9157820435148,2065.6548487353703,0.4334084772327744,nan,nan,nan,nan,nan,9543,14443,0,7500,7500,0,0.399999,166704,0.39261
43,on,7750,344,0.9027126787227372,3298866.811412044,3654392.9083611234,-0.09627546100987305,15176,178,10856,20.18836773186922,1309,0.9426669009313003,0.027919669828265235,1.0,0.12719305840256315,1818509.2888692983,783,0.5981665393430099,1.0,1.0,1.0,0.5087394556073792,1979531.6684598161,1818509.288869299,0.061713958235637405,0.5981665393430099,1380.9855068644715,2064.2916992044056,0.43398819668363764,nan,nan,nan,nan,nan,9543,14443,0,7750,7750,0,0.399999,166704,0.391069
43,on,8000,368,0.9023373462286755,3297495.1990074674,3654392.9083611234,-0.09627546100987305,15260,183,10939,19.691666904836893,1309,0.9425217310082299,0.02782176863250647,1.0,0.12726134895385477,1798300.3616707514,783,0.5981665393430099,1.0,1.0,1.0,0.5077040226213061,1942168.9050642527,1798300.361670752,0.06359762608300405,0.5981665393430099,1374.500797507899,2064.2916992044056,0.433497351791295,nan,nan,nan,nan,nan,9543,14443,0,8000,8000,0,0.399999,166704,0.389697
43,on,8250,363,0.9023516639694859,3297547.5216579484,3654392.9083611234,-0.09627546100987305,15352,191,11087,19.81453763693571,1309,0.9427690837678101,0.027996564579553924,1.0,0.12749378852763063,1792868.5488036796,784,0.5989304812834224,1.0,1.0,1.0,0.5073664347176614,1930989.5209982346,1792868.5488036806,0.06400628881790577,0.5989304812834224,1371.4211539231908,2062.5953424317418,0.4336976473196612,nan,nan,nan,nan,nan,9543,14443,0,8250,8250,0,0.399999,166704,0.38842
43,on,8500,405,0.9019458154747679,3296064.3917969824,3654392.9083611234,-0.09627546100987305,15444,195,11166,19.71653698757291,1309,0.9423260034237769,0.02852748624052351,1.0,0.12808163906721542,1792085.505842163,784,0.5989304812834224,1.0,1.0,1.0,0.5085587820094446,1927118.7537041125,1792085.5058421637,0.06489095488192544,0.5989304812834224,1366.8129894106603,2062.5953424317418,0.43445828869176095,nan,nan,nan,nan,nan,9543,14443,0,8500,8500,0,0.399999,166704,0.386518
43,on,8750,418,0.9012667115282675,3293582.6791508514,3654392.9083611234,-0.09627546100987305,15564,205,11240,20.029589807614684,1309,0.9424508145007368,0.02839458546936659,1.0,0.12845865721200164,1789587.383857072,786,0.6004583651642476,1.0,1.0,1.0,0.5083036878295446,1919784.0424858525,1789587.3838570735,0.06471636376099521,0.6004583651642476,1365.487248922085,2060.2892131425874,0.4348944211513801,nan,nan,nan,nan,nan,9543,14443,0,8750,8750,0,0.399999,166704,0.384733
43,on,9000,418,0.9009081045345066,3292272.1882959628,3654392.9083611234,-0.09627546100987305,15682,209,11309,20.145221259444952,1309,0.9417929691640531,0.02905666505227635,1.0,0.1288877815202082,1785745.9787814035,786,0.6004583651642476,1.0,1.0,1.0,0.5087703766672824,1910214.772591685,1785745.9787814044,0.06592210347684088,0.6004583651642476,1359.797667917013,2060.2892131425874,0.435275048901264,nan,nan,nan,nan,nan,9543,14443,0,9000,9000,0,0.399999,166704,0.383596
43,on,9250,421,0.9007284670040827,3291615.722178706,3654392.9083611234,-0.09627546100987305,15799,214,11415,20.190391479060054,1309,0.9404064997866796,0.030313023994842182,1.0,0.1293966782796435,1782434.9845233068,786,0.6004583651642476,1.0,1.0,1.0,0.5095531685741717,1901730.8106998024,1782434.9845233078,0.06704502765252851,0.6004583651642476,1354.5119471856708,2060.2892131425874,0.4358968336965017,nan,nan,nan,nan,nan,9543,14443,0,9250,9250,0,0.399999,166704,0.382791
43,on,9500,455,0.900616044482229,3291204.8861121037,3654392.9083611234,-0.09627546100987305,15897,219,11495,20.372455935925245,1309,0.9402060664699271,0.030402479921082227,1.0,0.12977724574153876,1780225.010097663,786,0.6004583651642476,1.0,1.0,1.0,0.510250348178652,1895582.0905419355,1780225.0100976636,0.067960779209457,0.6004583651642476,1350.148923461072,2060.2892131425874,0.4364239759484201,nan,nan,nan,nan,nan,9543,14443,0,9500,9500,0,0.399999,166704,0.381618
43,on,9750,433,0.9003843745287307,3290358.273076959,3654392.9083611234,-0.09627546100987305,16032,222,11560,20.3002863638103,1309,0.9405336250717596,0.03024951171399251,1.0,0.12998593304557948,1775573.9020999526,786,0.6004583651642476,1.0,1.0,1.0,0.5102286839838772,1886021.446755163,1775573.9020999533,0.06875377281858976,0.6004583651642476,1346.947549300152,2060.2852424724897,0.4364699976293769,nan,nan,nan,nan,nan,9543,14443,0,9750,9750,0,0.399999,166704,0.380992
43,on,10000,423,0.900322746443252,3290133.05983843,3654392.9083611234,-0.09627546100987305,16164,229,11630,20.76976016908884,1309,0.9407738549926216,0.02999733448280134,1.0,0.1302809828879097,1773014.3198603506,787,0.6012223071046601,1.0,1.0,1.0,0.5103193120989065,1879847.6714155755,1773014.3198603513,0.06890967380325978,0.6012223071046601,1345.0591767351877,2058.9195052959917,0.4368272622480376,nan,nan,nan,nan,nan,9543,14443,0,10000,10000,0,0.399999,166704,0.380321
43,on,10250,413,0.900681754957747,3291445.018007842,3654392.9083611234,-0.09627546100987305,16275,238,11728,20.183526255190372,1309,0.9403230667877115,0.03065461049378958,1.0,0.1301936134092175,1772071.8039280653,787,0.6012223071046601,1.0,1.0,1.0,0.5100475194670218,1878247.1436664788,1772071.8039280663,0.06895747407798444,0.6012223071046601,1345.0014608399047,2058.9195052959917,0.4366969297888823,nan,nan,nan,nan,nan,9543,14443,0,10250,10250,0,0.399999,166704,0.379236
43,on,10500,454,0.9005828878780013,3291083.7188527486,3654392.9083611234,-0.09627546100987305,16377,242,11782,20.234694408252835,1309,0.9406802210330675,0.03041363790622231,1.0,0.1303564099719301,1771382.7148729016,787,0.6012223071046601,1.0,1.0,1.0,0.5105173102765599,1875563.823610356,1771382.7148729023,0.06950602897364808,0.6012223071046601,1342.3068579661117,2058.9195052959917,0.43704706353586453,nan,nan,nan,nan,nan,9543,14443,0,10500,10500,0,0.399999,166704,0.378376
43,on,10750,436,0.9003312266073581,3290164.049690001,3654392.9083611234,-0.09627546100987305,16512,247,11832,20.65735102072358,1309,0.9403848493790177,0.030127261276325205,1.0,0.13065468517352297,1769982.8118822202,788,0.6019862490450726,1.0,1.0,1.0,0.5104307550728167,1871560.0971017133,1769982.811882221,0.06951611250983901,0.6019862490450726,1341.0210460720455,2057.634470108555,0.43731162131000967,nan,nan,nan,nan,nan,9543,14443,0,10750,10750,0,0.399999,166704,0.377524
43,on,11000,440,0.8997213282635887,3287935.241507709,3654392.9083611234,-0.09627546100987305,16638,257,11889,20.443881928920746,1309,0.9388885356134811,0.03155361378840442,1.0,0.1313187159522843,1771440.3058980464,790,0.6035141329258976,1.0,1.0,1.0,0.5115181897248782,1873512.937976519,1771440.305898047,0.06872579701410556,0.6035141329258976,1340.8235652852925,2054.112645663062,0.4382909666984569,nan,nan,nan,nan,nan,9543,14443,0,11000,11000,0,0.399999,166704,0.376429
43,on,11250,457,0.8999358294403712,3288719.113086978,3654392.9083611234,-0.09627546100987305,16745,264,11975,20.150100393220782,1309,0.9387848377214023,0.031653235930959964,1.0,0.13139306600545766,1768955.3616100582,790,0.6035141329258976,1.0,1.0,1.0,0.5114592887831722,1868798.0194902162,1768955.3616100592,0.06902617510297591,0.6035141329258976,1339.768050162107,2054.112645663062,0.43822136147326507,nan,nan,nan,nan,nan,9543,14443,0,11250,11250,0,0.399999,166704,0.374954
43,on,11500,460,0.8995992954132915,3287489.285524996,3654392.9083611234,-0.09627546100987305,16865,272,12027,20.756992591544986,1309,0.939626377798318,0.030946137468706225,1.0,0.13146098539074239,1764535.0137286314,790,0.6035141329258976,1.0,1.0,1.0,0.5108270426319654,1860336.0743179743,1764535.0137286321,0.06958817887237062,0.6035141329258976,1337.7625919411107,2054.112645663062,0.43786383344640867,nan,nan,nan,nan,nan,9543,14443,0,11500,11500,0,0.399999,166704,0.373967
43,on,11750,458,0.8994938380924262,3287103.903039491,3654392.9083611234,-0.09627546100987305,16982,282,12077,20.46681747958064,1309,0.9395407888051169,0.03139570229531394,1.0,0.13158311724174895,1764544.6239499452,790,0.6035141329258976,1.0,1.0,1.0,0.5107203627495911,1859192.6000029002,1764544.6239499464,0.06998434021836956,0.6035141329258976,1335.7244604714492,2054.112645663062,0.4379451520533839,nan,nan,nan,nan,nan,9543,14443,0,11750,11750,0,0.399999,166704,0.373093
43,on,12000,474,0.8990894117540198,3285625.970296464,3654392.9083611234,-0.09627546100987305,17089,290,12132,20.20235489681363,1309,0.9387451235630062,0.031680520705207604,1.0,0.13191995412245305,1765274.1817483946,790,0.6035141329258976,1.0,1.0,1.0,0.5113966308262612,1858533.9498841225,1765274.1817483953,0.07059387999623193,0.6035141329258976,1332.4536445489973,2054.112645663062,0.43848871756782604,nan,nan,nan,nan,nan,9543,14443,0,12000,12000,0,0.399999,166704,0.371555
43,on,12250,503,0.8986653094007903,3284076.1336644026,3654392.9083611234,-0.09627546100987305,17193,309,12191,20.223966972902417,1309,0.9388166300536095,0.03088103404741852,1.0,0.1317865433239049,1760415.2396892752,791,0.6042780748663101,1.0,1.0,1.0,0.5104059832439214,1848039.1792867724,1760415.2396892759,0.07087587083657351,0.6042780748663101,1331.1064852656696,2053.4491861712145,0.43828613231238056,nan,nan,nan,nan,nan,9543,14443,0,12250,12250,0,0.399999,166704,0.370869
43,on,12500,502,0.8986129362241124,3283884.741498963,3654392.9083611234,-0.09627546100987305,17315,322,12246,20.44863234832883,1309,0.9394555649412176,0.030252060366879007,1.0,0.13190140205242554,1760723.1601805165,791,0.6042780748663101,1.0,1.0,1.0,0.5105322654314242,1847352.7286935581,1760723.1601805182,0.07127394784100341,0.6042780748663101,1329.0174449454203,2053.4491861712145,0.4385391886508463,nan,nan,nan,nan,nan,9543,14443,0,12500,12500,0,0.399999,166704,0.37022
43,on,12750,524,0.8979318726103173,3281395.867458567,3654392.9083611234,-0.09627546100987305,17447,327,12301,20.55655912309885,1309,0.9378566609226173,0.032133288660301226,1.0,0.1327906661200816,1764580.2753808147,792,0.6050420168067226,1.0,1.0,1.0,0.5124720144382746,1850892.7743973786,1764580.2753808154,0.07142135496037727,0.6050420168067226,1326.1692595410027,2052.3864699643113,0.4398358195046803,nan,nan,nan,nan,nan,9543,14443,0,12750,12750,0,0.399999,166704,0.369066
43,on,13000,500,0.8981359604542559,3282141.6846281392,3654392.9083611234,-0.09627546100987305,17594,334,12348,20.65232846699655,1309,0.9385391689112916,0.031688847844782035,1.0,0.13274786136735334,1762787.1205702152,792,0.6050420168067226,1.0,1.0,1.0,0.5122379108385104,1847549.8561074284,1762787.1205702163,0.07162417057868242,0.6050420168067226,1325.5084750250712,2052.3864699643113,0.4397489431686832,nan,nan,nan,nan,nan,9543,14443,0,13000,13000,0,0.399999,166704,0.367836
43,on,13250,570,0.8978853852443697,3281225.98435812,3654392.9083611234,-0.09627546100987305,17697,344,12413,20.736712720245123,1309,0.9382983604829533,0.03167480266129373,1.0,0.13300407893214983,1761958.3976911213,792,0.6050420168067226,1.0,1.0,1.0,0.5127777706009824,1844074.7924718529,1761958.397691122,0.07238082477784405,0.6050420168067226,1321.850889487009,2052.3864699643113,0.440150286812639,nan,nan,nan,nan,nan,9543,14443,0,13250,13250,0,0.399999,166704,0.366527
43,on,13500,603,0.897164017087164,3278589.82168011,3654392.9083611234,-0.09627546100987305,17839,347,12479,21.11141831986606,1309,0.9372036350119621,0.032727755979539634,1.0,0.1335161064375942,1761974.1992692088,792,0.6050420168067226,1.0,1.0,1.0,0.5139067470255612,1842078.4095167795,1761974.1992692095,0.07307467910147475,0.6050420168067226,1318.3544333142474,2052.3864699643113,0.44076180838768164,nan,nan,nan,nan,nan,9543,14443,0,13500,13500,0,0.399999,166704,0.366325
43,on,13750,530,0.8972545124927327,3278920.5274484595,3654392.9083611234,-0.09627546100987305,18049,359,12522,21.310708560049534,1309,0.9376947750426682,0.032077389957842775,1.0,0.13333201708946008,1759846.2232941163,792,0.6050420168067226,1.0,1.0,1.0,0.5131018223197161,1838369.0150321529,1759846.2232941173,0.073229161182315,0.6050420168067226,1318.0228158373561,2052.3864699643113,0.44042700574774507,nan,nan,nan,nan,nan,9543,14443,0,13750,13750,0,0.399999,166704,0.366356
43,on,14000,523,0.8974100908773078,3279489.071993745,3654392.9083611234,-0.09627546100987305,18175,366,12577,20.895948436111212,1309,0.9385016687150114,0.03102690430691643,1.0,0.13310688473525606,1757770.4683599377,792,0.6050420168067226,1.0,1.0,1.0,0.512336695760655,1834976.1491557257,1757770.4683599384,0.07330259356351794,0.6050420168067226,1318.0881466061562,2052.3864699643113,0.4400890468907823,nan,nan,nan,nan,nan,9543,14443,0,14000,14000,0,0.399999,166704,0.3651
43,on,14250,574,0.8975254647384183,3279910.6934135975,3654392.9083611234,-0.09627546100987305,18289,377,12624,20.94329592399299,1309,0.9380526814851177,0.03176925908187434,1.0,0.1333587716478633,1760933.339524688,793,0.6058059587471352,1.0,1.0,1.0,0.5129995565788819,1840416.0300299919,1760933.3395246891,0.07268019183473988,0.6058059587471352,1318.49433924749,2050.572906741993,0.4406441082739272,nan,nan,nan,nan,nan,9543,14443,0,14250,14250,0,0.399999,166704,0.364165
43,on,14500,591,0.8973097084847371,3279122.23529021,3654392.9083611234,-0.09627546100987305,18450,390,12671,21.357652423903346,1309,0.9378445542148011,0.03262589704546612,1.0,0.13362443592938728,1763184.0178728744,793,0.6058059587471352,1.0,1.0,1.0,0.5140754800316452,1843477.379226322,1763184.017872875,0.07281206407653787,0.6058059587471352,1317.3623763648723,2050.572906741993,0.4412023589651861,nan,nan,nan,nan,nan,9543,14443,0,14500,14500,0,0.399999,166704,0.363984
43,on,14750,565,0.8971927446701797,3278694.803555757,3654392.9083611234,-0.09627546100987305,18637,399,12703,21.045699696987867,1309,0.9374277907036584,0.03318351876838315,1.0,0.13388654749401083,1764322.9819450618,793,0.6058059587471352,1.0,1.0,1.0,0.5148028898257868,1844681.2505304727,1764322.9819450625,0.07299724634809854,0.6058059587471352,1316.1935058530619,2050.572906741993,0.4415939973501286,nan,nan,nan,nan,nan,9543,14443,0,14750,14750,0,0.399999,166704,0.363341
43,on,15000,560,0.8969136079686331,3277674.7283731615,3654392.9083611234,-0.09627546100987305,18790,406,12749,21.33811541646719,1309,0.9372792626567418,0.03313940438067336,1.0,0.1339159348039832,1764538.9716386802,794,0.6065699006875478,1.0,1.0,1.0,0.5148773873258561,1849380.17544177,1764538.9716386814,0.07178292607051645,0.6065699006875478,1318.9627384162484,2047.500365440401,0.4416530612820866,nan,nan,nan,nan,nan,9543,14443,0,15000,15000,0,0.399999,166704,0.362572
43,on,15250,572,0.8970559035847442,3278194.732463569,3654392.9083611234,-0.09627546100987305,18901,410,12802,21.078078066930175,1309,0.9378904557931916,0.03248096751141634,1.0,0.13370239429824843,1762810.5541823262,794,0.6065699006875478,1.0,1.0,1.0,0.5142023840747005,1846648.8881958227,1762810.554182327,0.07181263433357035,0.6065699006875478,1319.1689700072866,2047.500365440401,0.4413212658704533,nan,nan,nan,nan,nan,9543,14443,0,15250,15250,0,0.399999,166704,0.361887
43,on,15500,575,0.8970511882354336,3278177.500724488,3654392.9083611234,-0.09627546100987305,19073,417,12818,21.231178916990757,1309,0.9373234576803415,0.03317949198298169,1.0,0.13381022597952333,1762316.6541648163,794,0.6065699006875478,1.0,1.0,1.0,0.514514562147395,1845202.931860485,1762316.654164817,0.07205018632718052,0.6065699006875478,1318.0675326010532,2047.500365440401,0.44144364253197077,nan,nan,nan,nan,nan,9543,14443,0,15500,15500,0,0.399999,166704,0.361568
43,on,15750,539,0.8971262420940334,3278451.7770130998,3654392.9083611234,-0.09627546100987305,19254,423,12853,20.48467105999589,1309,0.9369475654870075,0.0336548166048977,1.0,0.13390060327403464,1761708.932776546,794,0.6065699006875478,1.0,1.0,1.0,0.5145302262737088,1843593.0156850757,1761708.9327765468,0.07228438605106602,0.6065699006875478,1317.0089654687906,2047.500365440401,0.44149480566879773,nan,nan,nan,nan,nan,9543,14443,0,15750,15750,0,0.399999,166704,0.360916
43,on,16000,547,0.8972617416172133,3278946.945509695,3654392.9083611234,-0.09627546100987305,19386,434,12878,20.832667231559753,1309,0.9370988449875658,0.03322713971234067,1.0,0.13390321230897537,1761300.2701312008,794,0.6065699006875478,1.0,1.0,1.0,0.5143945449025926,1842630.8186921906,1761300.2701312015,0.07240050311580506,0.6065699006875478,1316.5072718962074,2047.500365440401,0.4414751403440855,nan,nan,nan,nan,nan,9543,14443,0,16000,16000,0,0.399999,166704,0.360381
43,on,16250,569,0.8970843726906542,3278298.769762314,3654392.9083611234,-0.09627546100987305,19502,445,12923,21.06120547093451,1309,0.9371479357636816,0.03282518335919033,1.0,0.13380586578870954,1758829.9170568495,794,0.6065699006875478,1.0,1.0,1.0,0.5137884669206474,1837509.4775770882,1758829.9170568504,0.0728638526954188,0.6065699006875478,1314.686347385153,2047.500365440401,0.44131114282113715,nan,nan,nan,nan,nan,9543,14443,0,16250,16250,0,0.399999,166704,0.35976
43,on,16500,581,0.8967517404695177,3277083.2009323,3654392.9083611234,-0.09627546100987305,19658,454,12965,21.311917170882225,1309,0.9359787117817909,0.03403975530820673,1.0,0.13458697625019778,1763378.9389435467,794,0.6065699006875478,1.0,1.0,1.0,0.5159200474744077,1842885.4199958546,1763378.9389435474,0.0734063780402869,0.6065699006875478,1311.0126562797868,2047.500365440401,0.4425507451615509,nan,nan,nan,nan,nan,9543,14443,0,16500,16500,0,0.399999,166704,0.359149
43,on,16750,568,0.8967632802309167,3277125.3717545206,3654392.9083611234,-0.09627546100987305,19819,462,12994,21.169018955901265,1309,0.9357737526492479,0.034102604239111656,1.0,0.13455784969426202,1763281.1627835957,795,0.6073338426279603,1.0,1.0,1.0,0.515500387609303,1840780.062157685,1763281.162783597,0.07328219324717007,0.6073338426279603,1311.4682385422464,2047.56437130583,0.4425792003297484,nan,nan,nan,nan,nan,9543,14443,0,16750,16750,0,0.399999,166704,0.358816
43,on,17000,569,0.8965545337139457,3276362.529963257,3654392.9083611234,-0.09627546100987305,19956,469,13065,21.07546549849212,1309,0.9349374842202818,0.03496219223610498,1.0,0.13489841673172798,1765417.6357675565,795,0.6073338426279603,1.0,1.0,1.0,0.5166768951689966,1842844.8693025948,1765417.6357675572,0.0736933595828698,0.6073338426279603,1308.9590520451525,2047.56437130583,0.4432881755014957,nan,nan,nan,nan,nan,9543,14443,0,17000,17000,0,0.399999,166704,0.358449
43,on,17250,597,0.8963316413667254,3275547.993750247,3654392.9083611234,-0.09627546100987305,20090,478,13099,20.796259507536888,1309,0.9349420794046,0.035290404565052745,1.0,0.13517362279957712,1766877.8902144574,795,0.6073338426279603,1.0,1.0,1.0,0.5173002338559349,1844760.35908605,1766877.8902144586,0.0738004986337412,0.6073338426279603,1308.116711348156,2047.56437130583,0.4436364317720143,nan,nan,nan,nan,nan,9543,14443,0,17250,17250,0,0.399999,166704,0.358254
43,on,17500,607,0.8962968843938844,3275420.978115181,3654392.9083611234,-0.09627546100987305,20247,488,13128,21.240860106423497,1309,0.934534274342528,0.035780690072517565,1.0,0.1353696050841024,1769697.9148453292,795,0.6073338426279603,1.0,1.0,1.0,0.5181299195555134,1849122.1862147972,1769697.9148453304,0.07377948949782315,0.6073338426279603,1307.6321915536337,2047.56437130583,0.4440738812876246,nan,nan,nan,nan,nan,9543,14443,0,17500,17500,0,0.399999,166704,0.358197
43,on,17750,562,0.8964691798808228,3276050.613520791,3654392.9083611234,-0.09627546100987305,20412,499,13171,20.965621177107096,1309,0.9346326468615684,0.035676319907856247,1.0,0.1353827164342072,1771270.7226955448,795,0.6073338426279603,1.0,1.0,1.0,0.5181511989646121,1852199.9719927085,1771270.7226955455,0.07354661906867233,0.6073338426279603,1308.472626734681,2047.56437130583,0.4440863076170338,nan,nan,nan,nan,nan,9543,14443,0,17750,17750,0,0.399999,166704,0.357919
43,on,18000,584,0.8966665963869546,3276772.0510007925,3654392.9083611234,-0.09627546100987305,20539,508,13201,20.79538119956851,1309,0.9350879926171027,0.034985805611915846,1.0,0.13516726775318147,1769966.230766577,795,0.6073338426279603,1.0,1.0,1.0,0.517493653544272,1850442.1764791561,1769966.2307665776,0.07346696655794112,0.6073338426279603,1309.1450239892242,2047.56437130583,0.44375462188713843,nan,nan,nan,nan,nan,9543,14443,0,18000,18000,0,0.399999,166704,0.357217
43,on,18250,622,0.8963873944279238,3275751.73734171,3654392.9083611234,-0.09627546100987305,20664,516,13230,21.05634648911655,1309,0.9346103927281876,0.03564058128953847,1.0,0.13534179709586902,1768529.725227103,797,0.6088617265087853,1.0,1.0,1.0,0.5174780672584098,1849931.6126166608,1768529.7252271043,0.07212366855537275,0.6088617265087853,1311.908347619975,2043.7558444091524,0.44397914323849386,nan,nan,nan,nan,nan,9543,14443,0,18250,18250,0,0.399999,166704,0.357091
43,on,18500,541,0.8965762454090312,3276441.873027806,3654392.9083611234,-0.09627546100987305,20858,523,13272,20.710618924349546,1309,0.9345866428171545,0.03546110103231552,1.0,0.13519204726629072,1766552.903791703,798,0.6096256684491979,1.0,1.0,1.0,0.5166431413099883,1847254.1325023568,1766552.903791704,0.07149099461736774,0.6096256684491979,1313.6995308649155,2042.1780404226276,0.44370658039614486,nan,nan,nan,nan,nan,9543,14443,0,18500,18500,0,0.399999,166704,0.356682
43,on,18750,561,0.896854360453927,3277458.2146755815,3654392.9083611234,-0.09627546100987305,20995,530,13301,20.931463668122888,1309,0.9348732827793202,0.03524842694838309,1.0,0.13509977198492654,1765228.815964495,798,0.6096256684491979,1.0,1.0,1.0,0.5163057174014978,1844738.9449874004,1765228.8159644962,0.07166315099497278,0.6096256684491979,1313.0963279710595,2042.1780404226276,0.4435665457751803,nan,nan,nan,nan,nan,9543,14443,0,18750,18750,0,0.399999,166704,0.356139
43,on,19000,581,0.8969407569880818,3277773.941557304,3654392.9083611234,-0.09627546100987305,21114,541,13322,20.88370374776423,1309,0.9347555626945474,0.03521284293152246,1.0,0.13510916887908717,1765268.4282273815,798,0.6096256684491979,1.0,1.0,1.0,0.5163374470668174,1844576.0480793873,1765268.4282273825,0.07174023822860251,0.6096256684491979,1312.6961161703705,2042.1780404226276,0.44361948563845033,nan,nan,nan,nan,nan,9543,14443,0,19000,19000,0,0.399999,166704,0.355734
43,on,19250,585,0.8965355106212555,3276293.0121082347,3654392.9083611234,-0.09627546100987305,21273,555,13369,21.1859694365412,1309,0.9343683687483849,0.035861044722959624,1.0,0.13522357459175036,1765481.4136937861,798,0.6096256684491979,1.0,1.0,1.0,0.5167983824846516,1844414.6794987244,1765481.4136937868,0.0719079433456669,0.6096256684491979,1311.799912023078,2042.1780404226276,0.4438424623441153,nan,nan,nan,nan,nan,9543,14443,0,19250,19250,0,0.399999,166704,0.355696
43,on,19500,562,0.8967159477379845,3276952.400228014,3654392.9083611234,-0.09627546100987305,21444,564,13411,20.952713303267956,1309,0.9349737740799856,0.03519264930472185,1.0,0.1350304717133241,1764037.0944929544,798,0.6096256684491979,1.0,1.0,1.0,0.5161130268470195,1842183.678191879,1764037.0944929554,0.07191906243465473,0.6096256684491979,1312.0422862345051,2042.1780404226276,0.44353277644857103,nan,nan,nan,nan,nan,9543,14443,0,19500,19500,0,0.399999,166704,0.355468
43,on,19750,588,0.8966788310491116,3276816.761263415,3654392.9083611234,-0.09627546100987305,21601,572,13423,20.906796576455235,1309,0.9337587221792778,0.03623837815225539,1.0,0.1354996017096529,1766498.485982884,798,0.6096256684491979,1.0,1.0,1.0,0.5174123956851246,1844885.8875120564,1766498.4859828847,0.07227968225043205,0.6096256684491979,1309.7035523186955,2042.1780404226276,0.4442795270704327,nan,nan,nan,nan,nan,9543,14443,0,19750,19750,0,0.399999,166704,0.355068
43,on,20000,654,0.8964982084654181,3276156.695374476,3654392.9083611234,-0.09627546100987305,21736,578,13457,21.525631044059992,1309,0.9333462650958669,0.03671617073162307,1.0,0.13573909311672694,1767045.3443945746,798,0.6096256684491979,1.0,1.0,1.0,0.5180963410479227,1844456.8628461582,1767045.3443945753,0.07271480187575803,0.6096256684491979,1307.388424091244,2042.1780404226276,0.444730321055405,20872138.059,1.887941572882276,2299995.13,0.20804080593369814,552.775,9543,14443,0,20000,20000,0,0.399999,166704,0.355101
44,off,250,889,0.9962296796891349,3265416.5075599514,3277774.768343478,0.0,8324,0,964,22.172033896669745,1333,0.9960932217821773,0.00013898390358358805,0.09919203322624759,0.00013898390358358805,1902900.3405855598,756,0.5671417854463616,1.0,1.0,1.0,0.3229769520886947,2401526.8957456658,1902900.3405855624,0.02645025983421108,0.5671417854463616,2485.016430668037,2032.218599113469,0.31229136122460277,nan,nan,nan,nan,nan,0,0,0,0,0,0,0.4,166653,0.497267
44,off,500,1427,0.9895381678750571,3243483.238973695,3277774.768343478,0.0,8438,0,1428,14.31236707046628,1333,0.9898280731943983,0.0014467947138630643,0.7223854527971899,0.0014467947138630643,1889832.9280087852,757,0.5678919729932483,1.0,1.0,1.0,0.32587754953398607,2390343.758933386,1889832.9280087878,0.022841346111589656,0.5678919729932483,2453.962097452245,2034.5475198632566,0.31328488490438855,nan,nan,nan,nan,nan,0,0,0,0,0,0,0.4,166653,0.314564
44,off,750,2667,0.9726245846120801,3188044.3225120325,3277774.768343478,0.0,9010,0,2301,17.14391652867198,1333,0.9747837654774987,0.009566512324484288,0.9954795998076867,0.009566512324484288,1862626.5363894731,757,0.5678919729932483,1.0,1.0,1.0,0.33487803470326494,2366488.173127405,1862626.5363894757,0.01584178658266145,0.5678919729932483,2381.3130657279635,2034.5475198632566,0.31768102674739596,nan,nan,nan,nan,nan,0,0,0,0,0,0,0.4,166653,0.208991
44,off,1000,4344,0.9507169731542262,3116236.1064408063,3277774.768343478,0.0,10456,1,3739,21.859636968001723,1333,0.9565855706900729,0.019961609481649094,0.9990992469215099,0.019961609481649094,1846166.2395246045,762,0.5716429107276819,1.0,1.0,1.0,0.34826466603662887,2349748.186992249,1846166.239524607,0.008476676628446997,0.5716429107276819,2286.3280839910653,2033.5247367254283,0.3251370486548053,nan,nan,nan,nan,nan,0,0,0,0,0,0,0.4,166653,0.155335
44,off,1250,5821,0.9306012045890901,3050301.1477921666,3277774.768343478,0.0,12853,9,5876,26.924956800416112,1333,0.9388441452508869,0.030163971835892468,0.9990619931541307,0.030163971835892468,1825301.7933681943,766,0.5746436609152288,1.0,1.0,1.0,0.3610554106127404,2318619.4425646113,1825301.7933681963,0.0038477347232776706,0.5746436609152288,2201.1868920815896,2031.6773554558272,0.3326070959280665,nan,nan,nan,nan,nan,0,0,0,0,0,0,0.4,166653,0.132001
44,off,1500,7115,0.909395424277109,2980793.3761425195,3277774.768343478,0.0,16127,37,8359,30.85393193177879,1333,0.9213443095630584,0.04386300324175215,0.9997444334381566,0.04386300324175215,1827639.51566247,769,0.5768942235558889,1.0,1.0,1.0,0.3800332672388067,2324599.593875419,1827639.5156624722,0.0009790556161583298,0.5768942235558889,2113.6188935611067,2027.9986658083858,0.3439260483906801,nan,nan,nan,nan,nan,0,0,0,0,0,0,0.4,166653,0.117857
44,off,1750,8744,0.888323884920324,2911725.616108693,3277774.768343478,0.0,19908,76,11241,36.37377484329045,1333,0.9041910806814898,0.055592139625180066,0.9998738995191556,0.055592139625180066,1805608.511047954,771,0.5783945986496624,1.0,1.0,1.0,0.39498133177641415,2284755.862762123,1805608.5110479563,5.1726452653235264e-08,0.5783945986496624,2026.2882211273597,2025.669346116182,0.3526856459024488,nan,nan,nan,nan,nan,0,0,0,0,0,0,0.4,166653,0.111709
44,off,2000,9857,0.8738462434316588,2864271.168132024,3277774.768343478,0.0,24723,103,14807,41.3857298232615,1333,0.8905461730188396,0.06349448683671069,1.0,0.06349448683671069,1815885.1799120835,779,0.5843960990247562,1.0,1.0,1.0,0.40553800146689545,2281483.539587879,1815885.1799120856,0.0003554320500164483,0.5843960990247562,1969.4401448993024,2020.9901869087707,0.36028364263440293,nan,nan,nan,nan,nan,0,0,0,0,0,0,0.4,166653,0.110401
44,off,2250,10935,0.8519247312359499,2792417.3885729956,3277774.768343478,0.0,30034,145,19408,46.604194689542055,1333,0.8714154389318913,0.07639419089586992,1.0,0.07639419089586992,1811258.8692539237,787,0.5903975993998499,1.0,1.0,1.0,0.4230643075378222,2258943.849916663,1811258.8692539262,0.0021128999299032496,0.5903975993998499,1885.9197045801388,2011.7184149043724,0.3715908182026679,nan,nan,nan,nan,nan,0,0,0,0,0,0,0.4,166653,0.110194
44,off,2500,12032,0.8309100727689196,2723536.0712844077,3277774.768343478,0.0,36029,217,24442,50.861470023170114,1333,0.8528750293281855,0.08771477955819013,1.0,0.08771477955819013,1822825.6176064198,793,0.5948987246811703,1.0,1.0,1.0,0.4413171530912938,2252066.8144885194,1822825.6176064226,0.00563731102002642,0.5948987246811703,1802.7241890759335,2009.2171423795223,0.38395731976011804,nan,nan,nan,nan,nan,0,0,0,0,0,0,0.4,166653,0.111516
44,off,2750,12820,0.8209348122103333,2690839.413917822,3277774.768343478,0.0,42360,308,29466,54.02331623248756,1333,0.8451072667989067,0.09328093802785484,1.0,0.09328093802785484,1802186.2361544662,797,0.5978994748687172,1.0,1.0,1.0,0.4480741751498887,2201296.271840751,1802186.236154469,0.00786271930537756,0.5978994748687172,1764.7355589501196,2007.5110348228839,0.38877293361458,nan,nan,nan,nan,nan,0,0,0,0,0,0,0.4,166653,0.113657
44,off,3000,13966,0.806476572598796,2643448.5609244606,3277774.768343478,0.0,49023,402,34931,58.05564808100462,1333,0.8334092260948962,0.10058112835761038,1.0,0.10058112835761038,1793508.6427510183,805,0.6039009752438109,1.0,1.0,8.0,0.4584751816534016,2169281.5053229076,1793508.6427510206,0.010667087741357559,0.6039009752438109,1715.4021658718946,1998.2090120030732,0.39659127980411557,nan,nan,nan,nan,nan,0,0,0,0,0,0,0.4,166653,0.117729
44,off,3250,14778,0.7902436803890391,2590240.79642208,3277774.768343478,0.0,56265,518,40998,62.560683935880654,1333,0.8200890851247579,0.11014744872227311,0.9997980252931927,0.11014744872227311,1796275.1350854493,809,0.6069017254313578,1.0,1.0,9.0,0.47386407869215863,2189295.1733322856,1796275.135085452,0.014054863111047426,0.6069017254313578,1659.9874828028962,1985.2919178422937,0.4060695618358656,nan,nan,nan,nan,nan,0,0,0,0,0,0,0.4,166653,0.121725
44,off,3500,15669,0.7783756872081051,2551340.1878227424,3277774.768343478,0.0,63727,595,47815,66.50325708463788,1333,0.8088304240441799,0.1148518132453253,1.0,0.1148518132453253,1750477.0353138936,814,0.6106526631657915,1.0,1.0,9.0,0.47795322899769155,2092859.8105508098,1750477.035313896,0.018207552703501613,0.6106526631657915,1616.4930660266728,1982.625552257798,0.409665804254538,nan,nan,nan,nan,nan,0,0,0,0,0,0,0.4,166653,0.124581
44,off,3750,15952,0.7710995293779316,2527490.5812765146,3277774.768343478,0.0,71233,712,55054,69.56013096496463,1333,0.8024321703426489,0.1180473686761391,0.9999985159509643,0.1180473686761391,1736577.8436918673,817,0.6129032258064516,1.0,1.0,9.0,0.48174692849692224,2065184.2617851763,1736577.8436918703,0.019991970107441262,0.6129032258064516,1593.2851320306822,1975.8183862843628,0.4126003224334349,nan,nan,nan,nan,nan,0,0,0,0,0,0,0.4,166653,0.127048
44,off,4000,16764,0.7607622508918874,2493607.310681619,3277774.768343478,0.0,78824,857,62066,71.3730622753501,1333,0.7960382864556904,0.12308818733010464,1.0,0.12308818733010464,1719430.690864349,819,0.614403600900225,1.0,1.0,9.5,0.4895759591491504,2020998.803981184,1719430.690864352,0.02429785738209307,0.614403600900225,1554.6819685525186,1974.617831619281,0.4178341159363843,nan,nan,nan,nan,nan,0,0,0,0,0,0,0.4,166653,0.130034
44,off,4250,16924,0.7577489224807514,2483730.298846865,3277774.768343478,0.0,86469,1025,69566,74.55280059948564,1333,0.7948482779124174,0.12194002349306658,0.9997884929189582,0.12194002349306658,1681015.9193462671,824,0.6181545386346586,1.0,1.0,10.0,0.4826318438548014,1946732.834643197,1681015.9193462697,0.02522822403988071,0.6181545386346586,1547.3337909522013,1971.2079147822947,0.4147707617651226,nan,nan,nan,nan,nan,0,0,0,0,0,0,0.4,166653,0.132406
44,off,4500,17552,0.7467376485109488,2447637.8228613287,3277774.768343478,0.0,94159,1202,77409,76.25144024007022,1333,0.785649741405209,0.1270863355455241,0.999932438369352,0.1270863355455241,1670895.573145789,825,0.6189047261815454,1.0,1.0,10.0,0.4905798139706059,1913426.8225645511,1670895.5731457912,0.030797305298904048,0.6189047261815454,1504.416787097777,1971.5086830527546,0.42018995610118104,nan,nan,nan,nan,nan,0,0,0,0,0,0,0.4,166653,0.134384
44,off,4750,18501,0.7372143681643903,2416422.654829518,3277774.768343478,0.0,101967,1329,85367,79.47357673197985,1333,0.7776154467696081,0.13270653203507624,1.0,0.13270653203507624,1683849.9832452675,827,0.6204051012753188,1.0,1.0,10.0,0.5016539663111175,1917363.0084790036,1683849.98324527,0.035905000120595144,0.6204051012753188,1467.2216583767083,1973.898787279312,0.42755441163151864,nan,nan,nan,nan,nan,0,0,0,0,0,0,0.4,166653,0.136786
44,off,5000,18473,0.7323007752171957,2400317.003845293,3277774.768343478,0.0,110312,1482,94164,83.4759335424751,1333,0.774786934544762,0.13406898145025148,1.0,0.13406898145025148,1677979.5111960138,832,0.6241560390097525,1.0,1.0,10.0,0.5025624497476975,1896817.1482871638,1677979.5111960163,0.03690467769804935,0.6241560390097525,1454.4641678310638,1968.251815122054,0.4295319747457371,nan,nan,nan,nan,nan,0,0,0,0,0,0,0.4,166653,0.139378
44,off,5250,18518,0.7319455721061373,2399152.7280502287,3277774.768343478,0.0,118645,1655,102588,82.25094460323453,1333,0.7742646925394292,0.13300074522523903,0.9996449815894181,0.13300074522523903,1668190.1064255172,833,0.6249062265566392,1.0,1.0,10.0,0.5004926710029234,1881057.2071191226,1668190.1064255193,0.03673922537962901,0.6249062265566392,1454.9447014070743,1966.2854639752834,0.4285155122978417,nan,nan,nan,nan,nan,0,0,0,0,0,0,0.4,166653,0.140976
44,off,5500,19112,0.7262428578218707,2380460.515058188,3277774.768343478,0.0,126904,1855,110856,82.92692516744137,1333,0.7703539432011359,0.13648197061480466,0.9997336448471793,0.13648197061480466,1674378.182089797,838,0.6286571642910728,1.0,1.0,10.0,0.5052182165481567,1881310.820987098,1674378.182089799,0.0374844563226878,0.6286571642910728,1440.5391353479895,1959.0500788506974,0.43274725270658565,nan,nan,nan,nan,nan,0,0,0,0,0,0,0.4,166653,0.142328
44,off,5750,19451,0.7183250435047642,2354507.703069147,3277774.768343478,0.0,135255,2117,120161,86.18751315958798,1333,0.7610441764988068,0.1404090868082894,1.0,0.1404090868082894,1682715.588522983,841,0.6309077269317329,1.0,1.0,10.0,0.512854982509301,1881065.3077029625,1682715.5885229856,0.040675213392992876,0.6309077269317329,1413.5716447016605,1955.7221653216143,0.4385032977543124,nan,nan,nan,nan,nan,0,0,0,0,0,0,0.4,166653,0.143425
44,off,6000,19973,0.712755490385768,2336251.962384753,3277774.768343478,0.0,143687,2328,129227,86.96681807562709,1333,0.7576017465329594,0.14137369084029303,1.0,0.14137369084029303,1677179.4065994476,846,0.6346586646661665,1.0,1.0,11.0,0.5139355551809448,1857311.6791798302,1677179.4065994504,0.042564115575055766,0.6346586646661665,1397.9362163522114,1952.8072515183737,0.4409836854273632,nan,nan,nan,nan,nan,0,0,0,0,0,0,0.4,166653,0.144878
44,off,6250,20259,0.7076108470210053,2319388.980171608,3277774.768343478,0.0,152527,2547,138621,90.834049211815,1333,0.7537305188055947,0.1446731555280666,0.9998291891243496,0.1446731555280666,1686743.0810106918,847,0.6354088522130532,1.0,1.0,11.0,0.5206291716815667,1863351.3840745534,1686743.0810106946,0.04601878810783175,0.6354088522130532,1377.2346976060064,1956.0798052628152,0.44522525439078753,nan,nan,nan,nan,nan,0,0,0,0,0,0,0.4,166653,0.146303
44,off,6500,20656,0.7053245319236121,2311894.9542328897,3277774.768343478,0.0,161718,2740,147099,90.55355892702937,1333,0.7507688327420334,0.1461623453864395,0.9996263219509897,0.1461623453864395,1697439.1722293447,848,0.63615903975994,1.0,1.0,11.0,0.5237038174516859,1874713.2138541283,1697439.1722293473,0.04694938127054828,0.63615903975994,1369.3959684687775,1956.173398589784,0.44752555873397815,nan,nan,nan,nan,nan,0,0,0,0,0,0,0.4,166653,0.147661
44,off,6750,21477,0.698472225467406,2289434.63702578,3277774.768343478,0.0,170858,2943,156191,93.74162640795112,1333,0.743191767751399,0.14909246581387717,0.999985872482993,0.14909246581387717,1696908.5924831892,852,0.6391597899474869,1.0,1.0,11.0,0.5311874745632787,1887628.5084583093,1696908.5924831918,0.04698403385982261,0.6391597899474869,1353.9452942183907,1941.89772286026,0.4526817917836343,nan,nan,nan,nan,nan,0,0,0,0,0,0,0.4,166653,0.148928
44,off,7000,21771,0.69097700374681,2264866.988386871,3277774.768343478,0.0,180304,3151,165808,99.41076452285051,1333,0.7380672411612484,0.1515432806173097,1.0,0.1515432806173097,1692310.1076865136,855,0.641410352588147,1.0,1.0,11.0,0.5352923990824365,1864506.4519349183,1692310.1076865164,0.05087608804883836,0.641410352588147,1328.9308900918284,1940.7597701458433,0.4565714774210974,nan,nan,nan,nan,nan,0,0,0,0,0,0,0.4,166653,0.150726
44,off,7250,22273,0.6801293167450512,2229310.713637618,3277774.768343478,0.0,189700,3326,175862,99.96697034686804,1333,0.7276195316473932,0.1576433990941218,1.0,0.1576433990941218,1707253.6347284324,860,0.6451612903225806,1.0,1.0,11.0,0.5475279329499394,1889598.9343742696,1707253.6347284352,0.05339819108488729,0.6451612903225806,1298.0535373326848,1929.1019068975738,0.4655883712085265,nan,nan,nan,nan,nan,0,0,0,0,0,0,0.4,166653,0.152137
44,off,7500,21899,0.6840967783688088,2242315.1592423418,3277774.768343478,0.0,199360,3524,185757,98.63054544851184,1333,0.7318920604115718,0.15309435733001944,0.9999040558840163,0.15309435733001944,1664838.0356363342,862,0.6466616654163541,1.0,1.0,11.0,0.534428769926546,1827299.6212450108,1664838.0356363368,0.05202572246544004,0.6466616654163541,1314.1170519624486,1929.8056593720437,0.4576268354698665,nan,nan,nan,nan,nan,0,0,0,0,0,0,0.4,166653,0.153477
44,off,7750,22467,0.6833463671614644,2239855.480321026,3277774.768343478,0.0,208820,3762,195331,97.66860832460225,1333,0.7317926514096403,0.15366423892598238,1.0,0.15366423892598238,1665786.5814687454,866,0.6496624156039009,1.0,1.0,11.0,0.5365087888353284,1834728.4183149168,1665786.5814687482,0.049922615428827144,0.6496624156039009,1318.0192419018804,1922.484170213409,0.45924741208009623,nan,nan,nan,nan,nan,0,0,0,0,0,0,0.4,166653,0.154577
44,off,8000,22708,0.6803719815650346,2230106.1142617245,3277774.768343478,0.0,218574,3982,205411,100.73005683161318,1333,0.728692077053771,0.15515429844441606,0.9999064823008041,0.15515429844441606,1672646.3685755224,867,0.6504126031507877,1.0,1.0,11.0,0.5394157776390669,1840114.8432930878,1672646.368575525,0.05105465011270517,0.6504126031507877,1308.3760992011448,1921.2164612095603,0.4615394961178403,nan,nan,nan,nan,nan,0,0,0,0,0,0,0.4,166653,0.155819
44,off,8250,23171,0.6748162849673004,2211895.7921330994,3277774.768343478,0.0,228384,4188,215454,103.9372119475156,1333,0.7243469065234968,0.15571228646377472,1.0,0.15571228646377472,1653943.588345215,873,0.654913728432108,1.0,1.0,11.0,0.5391718045104916,1800720.4335382613,1653943.5883452178,0.053146821204722354,0.654913728432108,1294.0648433375168,1917.7179714774647,0.4631075922164438,nan,nan,nan,nan,nan,0,0,0,0,0,0,0.4,166653,0.15668
44,off,8500,23705,0.667534422793119,2188027.488032013,3277774.768343478,0.0,238359,4407,225795,105.41447264701128,1333,0.7167710357663298,0.1606999023115218,1.0,0.1606999023115218,1679817.7852288587,877,0.6579144786196549,1.0,1.0,12.0,0.5500427257650335,1823662.448446381,1679817.7852288615,0.05583758924423033,0.6579144786196549,1270.9043137323283,1916.472839841279,0.4713911043527368,nan,nan,nan,nan,nan,0,0,0,0,0,0,0.4,166653,0.157544
44,off,8750,24090,0.6692108478695631,2193522.4318485996,3277774.768343478,0.0,248657,4641,236017,108.07751223444939,1333,0.7194779692573428,0.15911322668255246,0.9998872465380413,0.15911322668255246,1662665.5146667701,884,0.6631657914478619,1.0,1.0,12.0,0.5437113554568238,1831933.2080413084,1662665.5146667727,0.04871710657383622,0.6631657914478619,1293.4109068167938,1895.5877273535632,0.46782613628587844,nan,nan,nan,nan,nan,0,0,0,0,0,0,0.4,166653,0.158477
44,off,9000,24556,0.6655940094536539,2181667.250147757,3277774.768343478,0.0,259076,4864,246447,108.51776769198477,1333,0.7149620988390878,0.15890853473221614,1.0,0.15890853473221614,1653118.7168875234,884,0.6631657914478619,1.0,1.0,12.0,0.5455668033037868,1812236.7986636169,1653118.7168875255,0.05112484623498722,0.6631657914478619,1280.4832683023265,1895.5877273535632,0.46943607629730755,nan,nan,nan,nan,nan,0,0,0,0,0,0,0.4,166653,0.15941
44,off,9250,25300,0.6560790369786954,2150479.3134478554,3277774.768343478,0.0,269619,5072,257025,113.3301550000906,1333,0.7064443728075357,0.16443415368501407,0.9998641555465314,0.16443415368501407,1664533.0051201666,886,0.6646661665416355,1.0,1.0,12.75,0.5568355283380528,1812780.0410230546,1664533.0051201687,0.0558716119074486,0.6646661665416355,1248.2313234351448,1894.1849382093387,0.4773870754795897,nan,nan,nan,nan,nan,0,0,0,0,0,0,0.4,166653,0.160478
44,off,9500,25630,0.6486545562159625,2126143.537735718,3277774.768343478,0.0,280139,5354,268410,116.44142920896411,1333,0.700236410131227,0.16603627662300152,1.0,0.16603627662300152,1652869.051926687,888,0.6661665416354089,1.0,1.0,13.0,0.5603103008698744,1781341.6515862148,1652869.0519266895,0.06050498362536048,0.6661665416354089,1222.9568247683187,1893.5489650470188,0.48102535123983037,nan,nan,nan,nan,nan,0,0,0,0,0,0,0.4,166653,0.161566
44,off,9750,25810,0.6468381197857936,2120189.6682366105,3277774.768343478,0.0,290969,5612,279103,116.45344771258533,1333,0.6994102912890077,0.16694107599180338,1.0,0.16694107599180338,1639024.6094510357,890,0.6676669167291823,1.0,1.0,13.0,0.5597038583539413,1758640.5531633988,1639024.6094510378,0.06081356031770217,0.6676669167291823,1219.9065682530613,1890.1402286113887,0.4811508683647592,nan,nan,nan,nan,nan,0,0,0,0,0,0,0.4,166653,0.162639
44,off,10000,26225,0.6458818194939381,2117055.131269007,3277774.768343478,0.0,302022,5901,289362,117.33261759579182,1333,0.6975122495329867,0.16809362141246026,0.9999573224016388,0.16809362141246026,1634139.2287385701,891,0.668417104276069,1.0,1.0,13.0,0.562490837233566,1748800.43877729,1634139.228738573,0.06127032079160416,0.668417104276069,1217.293047642266,1889.417611458074,0.4827444543968926,nan,nan,nan,nan,nan,0,0,0,0,0,0,0.4,166653,0.163692
44,off,10250,26510,0.6405842543369292,2099690.905863708,3277774.768343478,0.0,313031,6155,300494,120.20969232358038,1333,0.6931444110077156,0.17014988469756034,1.0,0.17014988469756034,1629817.3235803617,892,0.6691672918229558,1.0,1.0,13.25,0.5663488588002983,1734814.8180672335,1629817.3235803642,0.06412733560426886,0.6691672918229558,1200.1830467443926,1887.2823218061951,0.48575926168378425,nan,nan,nan,nan,nan,0,0,0,0,0,0,0.4,166653,0.164496
44,off,10500,26496,0.6371654803662737,2088484.934804024,3277774.768343478,0.0,324097,6451,312020,124.09077582322061,1333,0.6894630771825155,0.17126351767363993,1.0,0.17126351767363993,1624961.656542077,895,0.6714178544636159,1.0,1.0,14.0,0.567668147961621,1724945.7438587914,1624961.6565420798,0.06420886379494249,0.6714178544636159,1193.5475132992008,1881.2500523175386,0.4876766638728638,nan,nan,nan,nan,nan,0,0,0,0,0,0,0.4,166653,0.165323
44,off,10750,26404,0.6336535990144134,2076973.7787194801,3277774.768343478,0.0,335062,6744,323931,122.17528605647385,1333,0.6880680311192197,0.1720791824770917,1.0,0.1720791824770917,1613943.172678941,899,0.6744186046511628,1.0,1.0,14.0,0.5672951974034068,1704328.5778249453,1613943.1726789435,0.06435849547883667,0.6744186046511628,1187.2102403226854,1874.9949232572544,0.4886249385042154,nan,nan,nan,nan,nan,0,0,0,0,0,0,0.4,166653,0.165999
44,off,11000,26664,0.6370810294397766,2088208.1236879881,3277774.768343478,0.0,346089,7030,335031,120.99963950738311,1333,0.6916386854073623,0.16963447737528567,0.9999172475137381,0.16963447737528567,1599065.9952125645,900,0.6751687921980495,1.0,1.0,14.0,0.5610280662023024,1688242.7712652504,1599065.9952125675,0.06197521281015241,0.6751687921980495,1200.848813127081,1873.062195066989,0.48446533193404084,nan,nan,nan,nan,nan,0,0,0,0,0,0,0.4,166653,0.166562
44,off,11250,27024,0.6315090576262018,2069944.4550675317,3277774.768343478,0.0,357378,7261,346746,125.56365147978069,1333,0.6858029678468736,0.17198077788087604,1.0,0.17198077788087604,1601622.2841768526,902,0.6766691672918229,1.0,1.0,14.0,0.5652440623735904,1683768.8144488193,1601622.284176855,0.06422318446925834,0.6766691672918229,1184.2238061324674,1869.89233256676,0.488216115145496,nan,nan,nan,nan,nan,0,0,0,0,0,0,0.4,166653,0.167122
44,off,11500,27098,0.6302239668938404,2065732.2170899655,3277774.768343478,0.0,368790,7502,358969,126.2237353362143,1333,0.6843396937671717,0.17119920775875658,1.0,0.17119920775875658,1587530.730790105,908,0.6811702925731433,1.0,1.0,14.0,0.5615369036856535,1676296.4099499648,1587530.7307901077,0.05976766881200358,0.6811702925731433,1191.9674978708547,1852.9454740872566,0.4870964718735753,nan,nan,nan,nan,nan,0,0,0,0,0,0,0.4,166653,0.167574
44,off,11750,27715,0.625606690783521,2050597.8259570855,3277774.768343478,0.0,380078,7749,370832,133.00500455498695,1333,0.6820574411478079,0.17242579904116045,1.0,0.17242579904116045,1561798.8913446765,909,0.68192048012003,1.0,1.0,14.0,0.5624381585963592,1631896.6565621085,1561798.8913446795,0.06310716877814283,0.68192048012003,1177.1581104995978,1851.2470214740463,0.48787864145431836,nan,nan,nan,nan,nan,0,0,0,0,0,0,0.4,166653,0.168053
44,off,12000,28315,0.6197918371252523,2031538.0453544026,3277774.768343478,0.0,391808,8029,382506,131.5806017946452,1333,0.677817438427666,0.17338224131559288,1.0,0.17338224131559288,1552346.2385708175,910,0.6826706676669168,1.0,1.0,14.0,0.5650563042995285,1611092.3513693735,1552346.2385708203,0.06632427941248228,0.6826706676669168,1159.303634758893,1848.7013448622456,0.4902482945676718,nan,nan,nan,nan,nan,0,0,0,0,0,0,0.4,166653,0.168666
44,off,12250,28601,0.6120366071078973,2006118.1480808165,3277774.768343478,0.0,404015,8352,394089,136.32390734925866,1333,0.6715649693212624,0.17620332001960645,1.0,0.17620332001960645,1553392.1273007838,912,0.6841710427606902,1.0,1.0,14.0,0.5721450148300256,1601559.9582833324,1553392.1273007866,0.07012871206547246,0.6841710427606902,1135.2010306579439,1845.2366955213447,0.49608948963132793,nan,nan,nan,nan,nan,0,0,0,0,0,0,0.4,166653,0.169419
44,off,12500,28830,0.6091862085509062,1996775.1836109883,3277774.768343478,0.0,415693,8627,406597,137.3801488764584,1333,0.669137281872365,0.17669585527519788,1.0,0.17669585527519788,1535079.184555312,913,0.6849212303075769,1.0,1.0,14.0,0.5707254693735027,1570807.0407897132,1535079.1845553145,0.07227002811188268,0.6849212303075769,1126.394338160843,1843.3868478031545,0.4955749417408606,nan,nan,nan,nan,nan,0,0,0,0,0,0,0.4,166653,0.169929
44,off,12750,29466,0.6013274000307317,1971015.7793343174,3277774.768343478,0.0,427459,8956,418714,138.1210499163717,1333,0.666275125078754,0.17736895538328473,1.0,0.17736895538328473,1499773.5129007343,914,0.6856714178544636,1.0,1.0,14.75,0.5715109636149915,1507644.0344576428,1499773.512900737,0.07886331003616119,0.6856714178544636,1100.618739645401,1841.4177276213275,0.4970108617683511,nan,nan,nan,nan,nan,0,0,0,0,0,0,0.4,166653,0.170467
44,off,13000,29911,0.6010017371680664,1969948.3298200867,3277774.768343478,0.0,439258,9240,430858,140.6424755640328,1333,0.664082954441214,0.1777812704910194,1.0,0.1777812704910194,1516361.0200841671,914,0.6856714178544636,1.0,1.0,14.75,0.5753531083841197,1531632.6739476686,1516361.0200841702,0.07809240985187536,0.6856714178544636,1100.182999721773,1841.4177276213275,0.49931442944263305,nan,nan,nan,nan,nan,0,0,0,0,0,0,0.4,166653,0.171138
44,off,13250,29903,0.6000058538362397,1966684.0485628112,3277774.768343478,0.0,451211,9519,441391,138.22506477870047,1333,0.6629759557701406,0.177519240841139,1.0,0.177519240841139,1519196.4425196848,916,0.687171792948237,1.0,1.0,15.0,0.5744372119657932,1538701.9630672527,1519196.4425196876,0.07641677854859627,0.687171792948237,1101.0200571973883,1835.8988509354729,0.49962385372114726,nan,nan,nan,nan,nan,0,0,0,0,0,0,0.4,166653,0.171877
44,off,13500,29938,0.6003436940905805,1967791.4128242205,3277774.768343478,0.0,463040,9828,451425,136.12640992365777,1333,0.6638014604257999,0.17596531782767827,1.0,0.17596531782767827,1499808.0491040975,917,0.6879219804951238,1.0,1.0,15.0,0.5679074185691475,1513311.0366922622,1499808.0491041003,0.07597382418135229,0.6879219804951238,1104.693863633101,1833.2258930222524,0.4960885534905253,nan,nan,nan,nan,nan,0,0,0,0,0,0,0.4,166653,0.172579
44,off,13750,29910,0.6056789592177106,1985279.2102403503,3277774.768343478,0.0,474921,10210,459207,130.78078477084637,1333,0.6689717032406455,0.17317146109665124,1.0,0.17317146109665124,1488056.1864389211,920,0.6901725431357839,1.0,1.0,15.0,0.5587291054958352,1509230.942060994,1488056.186438924,0.06963799056798384,0.6901725431357839,1130.3345226902643,1826.4703572064675,0.48988895565932666,nan,nan,nan,nan,nan,0,0,0,0,0,0,0.4,166653,0.173462
44,off,14000,29932,0.6061801451778829,1986921.984934851,3277774.768343478,0.0,486152,10571,465838,127.12924199365081,1333,0.6697715920397197,0.17155262076686917,0.9994905716449217,0.17155262076686917,1480210.8913687707,921,0.6909227306826706,1.0,1.0,15.0,0.5551425799657246,1500076.2848795957,1480210.8913687733,0.06855050396579022,0.6909227306826706,1135.1817739943872,1824.498552975195,0.48808329058560385,nan,nan,nan,nan,nan,0,0,0,0,0,0,0.4,166653,0.1744
44,off,14250,29939,0.60670151995115,1988630.9340115166,3277774.768343478,0.0,497049,11122,471441,123.62250029109418,1333,0.6705956208288513,0.16862665797978962,0.9999208131147493,0.16862665797978962,1459255.2297044303,922,0.6916729182295573,1.0,1.0,15.75,0.5470944439250047,1473036.1270485925,1459255.229704433,0.06793195055771611,0.6916729182295573,1139.8553228573753,1821.6387648046098,0.48341375833626765,nan,nan,nan,nan,nan,0,0,0,0,0,0,0.4,166653,0.175464
44,off,14500,29931,0.6154953568115495,2017455.1505894633,3277774.768343478,0.0,507923,11813,476671,120.84608478844166,1333,0.6788440035071401,0.16206512444932172,1.0,0.16206512444932172,1428951.278242188,930,0.6976744186046512,1.0,1.0,16.75,0.52765228663971,1442492.4492857005,1428951.2782421906,0.05922532490154075,0.6976744186046512,1180.458170629176,1813.8881128882986,0.47146746603514944,nan,nan,nan,nan,nan,0,0,0,0,0,0,0.4,166653,0.176388
44,off,14750,29935,0.6152636306885785,2016695.6045504226,3277774.768343478,0.0,518169,12521,482147,120.76023262925446,1333,0.6806189709222744,0.16208320537018522,0.9996987068162336,0.16208320537018522,1400770.2324496373,939,0.7044261065266316,1.0,1.0,17.5,0.5214641331173686,1398172.3863695164,1400770.2324496398,0.057269762125553306,0.7044261065266316,1188.1195068727336,1808.838999703978,0.4689511592654587,nan,nan,nan,nan,nan,0,0,0,0,0,0,0.4,166653,0.17711
44,off,15000,29934,0.6192233497149281,2029674.6716647209,3277774.768343478,0.0,528204,13223,486247,119.98563694395125,1333,0.6861299165773191,0.15909730174649467,0.9993541110666798,0.15909730174649467,1377126.6273851753,945,0.708927231807952,1.0,1.0,18.0,0.5100989859907687,1372654.5079663564,1377126.6273851776,0.052076265560923624,0.708927231807952,1210.4492224972948,1799.9783080193047,0.46193970572319265,nan,nan,nan,nan,nan,0,0,0,0,0,0,0.4,166653,0.177878
44,off,15250,29944,0.6224575813379086,2040275.754473505,3277774.768343478,0.0,538071,13943,489962,115.72722765989602,1333,0.6894520107376059,0.1561695766774621,1.0,0.1561695766774621,1374842.4585260507,950,0.7126781695423856,1.0,1.0,19.0,0.5058522663385863,1398681.6355212566,1374842.4585260535,0.044640078157569714,0.7126781695423856,1233.3036046929915,1780.7705476500216,0.45889854183623435,nan,nan,nan,nan,nan,0,0,0,0,0,0,0.4,166653,0.178799
44,off,15500,29935,0.6290934065666333,2062026.494975356,3277774.768343478,0.0,547466,14578,493489,115.82309432514012,1333,0.6941806139811452,0.15312536777628016,0.9994698975075319,0.15312536777628016,1381325.551165843,957,0.7179294823705926,1.0,1.0,22.0,0.4974962768541378,1415954.741864734,1381325.5511658457,0.03761694253817629,0.7179294823705926,1264.0016957144574,1770.549022223562,0.45433924453742813,nan,nan,nan,nan,nan,0,0,0,0,0,0,0.4,166653,0.179733
44,off,15750,29955,0.6337516307894132,2077295.1047980702,3277774.768343478,0.0,556948,15228,496368,111.89439163170755,1333,0.6968464566276615,0.1516302119518841,0.9986048485070054,0.1516302119518841,1398029.310844438,961,0.7209302325581395,1.0,1.0,23.0,0.49569857414496643,1472675.7061887935,1398029.3108444405,0.030089122114914293,0.7209302325581395,1291.4336364970172,1748.690130938357,0.45250135462733354,nan,nan,nan,nan,nan,0,0,0,0,0,0,0.4,166653,0.180716
44,off,16000,29944,0.6416951796784456,2103332.2689176435,3277774.768343478,0.0,566557,15961,498619,109.50280771963298,1333,0.7018137880833426,0.14852710754408502,0.9994217282759718,0.14852710754408502,1421953.6407864138,963,0.722430607651913,1.0,1.0,23.0,0.49155449543372365,1510313.1749112238,1421953.6407864164,0.0267822504025704,0.722430607651913,1318.0207138864384,1753.8158669467707,0.44920489077407,nan,nan,nan,nan,nan,0,0,0,0,0,0,0.4,166653,0.181734
44,off,16250,29958,0.6491217263524962,2127674.8162217718,3277774.768343478,0.0,575736,16661,500979,107.79320854879916,1333,0.7071648023383857,0.14635871796696268,0.9989814764306783,0.14635871796696268,1447056.0442270187,969,0.7269317329332333,1.0,1.0,25.0,0.4876931450754942,1552689.1041779856,1447056.0442270213,0.020891851872076202,0.7269317329332333,1350.8322760287433,1741.0874897293454,0.4471797651497944,nan,nan,nan,nan,nan,0,0,0,0,0,0,0.4,166653,0.182861
44,off,16500,29947,0.6509030987003265,2133513.7535565146,3277774.768343478,0.0,584543,17324,503327,105.88790582865477,1333,0.7084031717642557,0.14611667045299,0.998672890919084,0.14611667045299,1463198.0624937399,975,0.7314328582145536,1.0,1.0,27.5,0.4873911710716401,1592229.7679351405,1463198.0624937424,0.016561332579174495,0.7314328582145536,1367.8566234387374,1719.0817084139328,0.4476449204733284,nan,nan,nan,nan,nan,0,0,0,0,0,0,0.4,166653,0.184016
44,off,16750,29960,0.6548364424636253,2146406.3684990765,3277774.768343478,0.0,593074,17956,505618,107.26861429959536,1333,0.7122528711748032,0.14436124401773606,0.9991990237895687,0.14436124401773606,1479771.1951500904,977,0.732933233308327,1.0,1.0,29.0,0.48362050605528184,1617389.9303188452,1479771.195150093,0.01442048724321724,0.732933233308327,1384.0563124192297,1714.2320224990933,0.44529199560395694,nan,nan,nan,nan,nan,0,0,0,0,0,0,0.4,166653,0.185105
44,off,17000,29956,0.6534062704877425,2141718.586882136,3277774.768343478,0.0,601675,18656,507752,105.13707903213799,1333,0.7111150320914305,0.144564135121904,0.9991557164803656,0.144564135121904,1495794.2210688267,983,0.7374343585896475,1.0,1.0,30.5,0.4841166244413442,1637249.6513037148,1495794.2210688293,0.012720968184202824,0.7374343585896475,1386.8246367341633,1700.308634851418,0.44704707949434597,nan,nan,nan,nan,nan,0,0,0,0,0,0,0.4,166653,0.186268
44,off,17250,29967,0.655781129362517,2149502.8393802484,3277774.768343478,0.0,609924,19321,510058,105.78421689942479,1333,0.7114104767952093,0.144977932372931,0.9975909144396128,0.144977932372931,1533107.8388539548,989,0.7419354838709677,1.0,1.0,37.0,0.4848176224301981,1688483.3225939686,1533107.8388539574,0.010221990634767874,0.7419354838709677,1401.3065900387633,1687.3993542018457,0.4486737086584418,nan,nan,nan,nan,nan,0,0,0,0,0,0,0.4,166653,0.187509
44,off,17500,29956,0.654390698986233,2144945.3217757265,3277774.768343478,0.0,617416,19869,512278,105.40434659272432,1333,0.7105060375823152,0.14577784752623077,0.9981102463250343,0.14577784752623077,1539825.1511319133,996,0.7471867966991748,1.0,1.0,44.25,0.4849911960273414,1694936.817215159,1539825.151131916,0.008694608079415626,0.7471867966991748,1404.8960949305144,1671.1195034283587,0.4503369022912571,nan,nan,nan,nan,nan,0,0,0,0,0,0,0.4,166653,0.18875
44,off,17750,29960,0.6569986584128215,2153493.625381062,3277774.768343478,0.0,624762,20430,514482,105.10972278006375,1333,0.7134145218617203,0.14533657721427082,0.9979539481626609,0.14533657721427082,1543273.1024525876,1001,0.7509377344336085,1.0,1.0,51.0,0.4823997621808578,1697716.9751806392,1543273.1024525901,0.007130567331144892,0.7509377344336085,1418.5391415874885,1661.103788987734,0.449338238556531,nan,nan,nan,nan,nan,0,0,0,0,0,0,0.4,166653,0.189991
44,off,18000,29962,0.6577705511689342,2156023.7159809154,3277774.768343478,0.0,632238,21010,516233,103.41874172724783,1333,0.715170866566568,0.1440923571164573,0.9991958880482047,0.1440923571164573,1527534.5304158241,1003,0.7524381095273819,1.0,1.0,58.0,0.4782246688406735,1676113.9329915475,1527534.530415827,0.006569678976584207,0.7524381095273819,1423.9142410749123,1656.0223458342082,0.4465656447167603,nan,nan,nan,nan,nan,0,0,0,0,0,0,0.4,166653,0.191296
44,off,18250,29959,0.6602294855194323,2164083.548951991,3277774.768343478,0.0,639311,21572,517982,101.53111952543259,1333,0.7170285337548872,0.14186836384984067,0.9977990466385667,0.14186836384984067,1525982.8583836358,1006,0.754688672168042,1.0,1.0,76.0,0.47280484614384544,1673654.0015470195,1525982.8583836386,0.005560528631317166,0.754688672168042,1434.5681486161116,1648.655076890266,0.4430891143467437,nan,nan,nan,nan,nan,0,0,0,0,0,0,0.4,166653,0.192642
44,off,18500,29968,0.662270912730862,2170774.887557025,3277774.768343478,0.0,645758,22143,519999,102.98325066268444,1333,0.718348439490942,0.14061591073657073,0.9981246575472981,0.14061591073657073,1527419.2470224348,1010,0.7576894223555889,1.0,1.0,736.75,0.4698057702981808,1672610.7326242027,1527419.2470224376,0.004723544935963762,0.7576894223555889,1444.408117761973,1642.643583920148,0.4416705800486871,nan,nan,nan,nan,nan,0,0,0,0,0,0,0.4,166653,0.193978
44,off,18750,29968,0.6644554284981915,2177935.238220226,3277774.768343478,0.0,652071,22723,521771,100.90383241511881,1333,0.7207416155649607,0.13950086249678664,0.9993076429923282,0.13950086249678664,1523727.3012588676,1015,0.7614403600900225,1.0,1.0,926.0,0.4666435355901992,1667135.1457881539,1523727.3012588702,0.0034931701272706084,0.7614403600900225,1457.4986372358794,1628.6762878996938,0.4401692170266913,nan,nan,nan,nan,nan,0,0,0,0,0,0,0.4,166653,0.1954
44,off,19000,29958,0.6702650870506877,2196977.990436289,3277774.768343478,0.0,658456,23213,523606,100.52002879232168,1333,0.7247834502665443,0.1369451726956732,0.9986728934371548,0.1369451726956732,1547063.3498977297,1019,0.7644411102775694,1.0,1.0,1161.5,0.4639716138719685,1696275.287677845,1547063.3498977323,0.0024210862870215283,0.7644411102775694,1478.989824394144,1623.2137844795686,0.43880692756549733,nan,nan,nan,nan,nan,0,0,0,0,0,0,0.4,166653,0.196907
44,off,19250,29970,0.6734211511236924,2207322.857622059,3277774.768343478,0.0,664333,23752,525407,100.2234352119267,1333,0.7251896285805497,0.1364242882163767,0.9980195077383154,0.1364242882163767,1587377.2393375393,1023,0.7674418604651163,1.0,1.0,1344.5,0.46457889084629134,1755660.7234393777,1587377.2393375419,0.0012977197634264112,0.7674418604651163,1495.7453467807516,1603.1794144809621,0.43983385324669455,nan,nan,nan,nan,nan,0,0,0,0,0,0,0.4,166653,0.198458
44,off,19500,29981,0.6752708596455533,2213385.785543805,3277774.768343478,0.0,669832,24291,527089,100.07698789983988,1333,0.7259190399745679,0.13559706143443706,0.9983645564955342,0.13559706143443706,1590677.876215752,1023,0.7674418604651163,1.0,1.0,1344.5,0.4629032832762128,1760263.2962363355,1590677.8762157548,0.001149447471942221,0.7674418604651163,1501.9638804774374,1603.1794144809621,0.4385893892069146,nan,nan,nan,nan,nan,0,0,0,0,0,0,0.4,166653,0.200086
44,off,19750,29967,0.6793296772782836,2226689.675569676,3277774.768343478,0.0,675217,24773,528521,98.46892600506544,1333,0.7291515159530123,0.1342906078588975,0.9994457398621576,0.1342906078588975,1608710.8525411508,1030,0.7726931732933233,1.0,1.0,1841.25,0.4598995014751426,1781407.8916102313,1608710.8525411533,0.00040584000714681843,0.7726931732933233,1521.8666111633343,1582.8352707587358,0.4375985166780054,nan,nan,nan,nan,nan,0,0,0,0,0,0,0.4,166653,0.201667
44,off,20000,29975,0.6799054124271212,2228576.805713784,3277774.768343478,0.0,680738,25238,529729,97.97666106373072,1333,0.7291346521014155,0.13472059697841957,0.9983084911021075,0.13472059697841957,1631966.928655009,1033,0.7749437359339835,1.0,1.0,1861.0,0.46129308591796514,1809912.8509153745,1631966.9286550116,0.00022820538149522163,0.7749437359339835,1526.75791765574,1572.9681315706923,0.4393338349189546,1189937144.268,2.578513980819393,289821700.16699994,0.6280241855002933,23074.0875,0,0,0,0,0,0,0.4,166653,0.203268
44,on,250,828,0.9881579554414809,3027193.1189599494,3063470.877596169,0.06538090805293928,8452,0,873,28.379163106903434,1333,0.988257135365757,0.0005604183414199928,0.18687561695297916,0.0005604183414199928,1879486.7918278412,753,0.5648912228057015,1.0,1.0,1.0,0.3323088095989948,2426501.459225357,1879486.7918278433,0.019086745394749405,0.5648912228057015,2437.189779236737,2055.1538193011843,0.3129558337454861,nan,nan,nan,nan,nan,1804,786,0,250,250,0,0.4,166653,0.457448
44,on,500,1312,0.9780971750332048,2996372.2111733053,3063470.877596169,0.06538090805293928,8583,0,1294,21.908980276435614,1333,0.9793653283293252,0.004293902670470263,0.9964510800676416,0.004293902670470263,1866907.6574425036,753,0.5648912228057015,1.0,1.0,1.0,0.3365570993389544,2417111.896958113,1866907.6574425064,0.015318504201223054,0.5648912228057015,2396.2589588029464,2055.1538193011843,0.3148908519515574,nan,nan,nan,nan,nan,2662,808,0,500,500,0,0.4,166653,0.278361
44,on,750,2140,0.9545779178312503,2924321.651672424,3063470.877596169,0.06538090805293928,9051,0,2231,23.882678732275963,1333,0.9601942237525354,0.014911800133967132,0.9971619560390704,0.014911800133967132,1846528.9946881603,753,0.5648912228057015,1.0,1.0,1.0,0.35066467368401644,2405455.4840097423,1846528.9946881628,0.008017299184581038,0.5648912228057015,2300.5742848309933,2055.1538193011843,0.3222322388556367,nan,nan,nan,nan,nan,4031,924,0,750,750,0,0.4,166653,0.170257
44,on,1000,3146,0.9282179912861979,2843568.7843660815,3063470.877596169,0.06538090805293928,10060,0,3562,27.354786176234484,1333,0.9385435918107725,0.02795585311973728,0.9994616364132362,0.02795585311973728,1834549.168555968,753,0.5648912228057015,1.0,1.0,1.0,0.3693181005176629,2402147.580251157,1834549.16855597,0.0025580971885486455,0.5648912228057015,2193.3327611837917,2055.1538193011843,0.33237880732296876,nan,nan,nan,nan,nan,4327,958,0,1000,1000,0,0.4,166653,0.112193
44,on,1250,3835,0.9017010381471919,2762334.8706621546,3063470.877596169,0.06538090805293928,11669,12,5321,30.21383985504508,1333,0.9163689993756071,0.03921105696609921,0.9982971854593831,0.03921105696609921,1814057.2296605643,753,0.5648912228057015,1.0,1.0,1.0,0.3860164184845154,2373779.9608834954,1814057.2296605664,0.00012438161482960676,0.5648912228057015,2085.4523976991604,2055.1538193011843,0.3416273480171319,nan,nan,nan,nan,nan,5809,974,0,1250,1250,0,0.4,166653,0.081104
44,on,1500,4517,0.8790261019617597,2692870.864006731,3063470.877596169,0.06538090805293928,13678,48,7256,32.141680186614394,1333,0.8980683412784035,0.054789190130812425,0.999282181884315,0.054789190130812425,1839209.2676039857,754,0.5656414103525882,1.0,1.0,1.0,0.40937670704832163,2414685.2752865134,1839209.267603988,0.00047457162980530504,0.5656414103525882,1994.2689018397384,2053.8723869077185,0.3551605950041752,nan,nan,nan,nan,nan,6873,974,0,1500,1500,0,0.4,166653,0.061953
44,on,1750,5038,0.8593143947109663,2632484.6228962243,3063470.877596169,0.06538090805293928,15876,88,9538,34.594267804175615,1333,0.8821760249381232,0.06702615385931024,0.9989232728264724,0.06702615385931024,1844693.702073246,754,0.5656414103525882,1.0,1.0,1.0,0.4266993107084478,2417448.393228074,1844693.702073248,0.002598988154031562,0.5656414103525882,1914.1810489080312,2053.8723869077185,0.36492354991264797,nan,nan,nan,nan,nan,7501,974,0,1750,1750,0,0.4,166653,0.049731
44,on,2000,5501,0.8453576511003038,2589728.5452988837,3063470.877596169,0.06538090805293928,18324,129,12219,35.9327026642859,1333,0.8709965238708567,0.07486511157419556,0.9983969779218093,0.07486511157419556,1861656.2538974388,755,0.5663915978994749,1.0,1.0,1.0,0.4390459649252605,2437077.9700315003,1861656.2538974416,0.004959283508692534,0.5663915978994749,1858.7104375813367,2052.5989012542814,0.37237374669170076,nan,nan,nan,nan,nan,7959,974,0,2000,2000,0,0.4,166653,0.042478
44,on,2250,5961,0.8276508795797503,2535484.3664094186,3063470.877596169,0.06538090805293928,20979,187,15003,38.28245267085731,1333,0.856783569561257,0.0845914347097097,0.9995194416883081,0.0845914347097097,1846983.5033865036,756,0.5671417854463616,1.0,1.0,1.0,0.4539056613053343,2394119.9341932414,1846983.5033865063,0.009294434810802488,0.5671417854463616,1787.6245093370826,2052.0628030339417,0.38117302038722034,nan,nan,nan,nan,nan,8527,974,0,2250,2250,0,0.4,166653,0.03898
44,on,2500,6216,0.8137834340457869,2493001.8508694707,3063470.877596169,0.06538090805293928,23746,262,18508,40.10411166399717,1333,0.8449748475461774,0.09174172303528846,0.9999932625265069,0.09174172303528846,1841656.522676963,757,0.5678919729932483,1.0,1.0,1.0,0.46530092265613643,2367992.2347133984,1841656.5226769652,0.013565909487450055,0.5678919729932483,1732.3418628725055,2051.421980338515,0.3878204079112664,nan,nan,nan,nan,nan,9083,974,0,2500,2500,0,0.4,166653,0.03633
44,on,2750,6434,0.8067657266412442,2471503.308608163,3063470.877596169,0.06538090805293928,26663,319,21311,39.51693842001259,1333,0.839844122446489,0.09602202841352955,0.9997689351104633,0.09602202841352955,1851123.6580304466,757,0.5678919729932483,1.0,1.0,1.0,0.47343635194912603,2376483.0601477814,1851123.6580304492,0.016005959034818516,0.5678919729932483,1703.9422033463397,2051.421980338515,0.39250927681015835,nan,nan,nan,nan,nan,9348,974,0,2750,2750,0,0.4,166653,0.035065
44,on,3000,6461,0.8012600593884215,2454636.8573174058,3063470.877596169,0.06538090805293928,29646,379,24781,40.805145772174,1333,0.8359054228382808,0.09834316865339203,0.9985652587581063,0.09834316865339203,1828406.5081865522,759,0.5693923480870218,1.0,1.0,1.0,0.4729782363852135,2324171.7741274657,1828406.5081865543,0.01842876081917517,0.5693923480870218,1681.8061681232195,2052.519121449273,0.3927072876545121,nan,nan,nan,nan,nan,9550,974,0,3000,3000,0,0.4,166653,0.033697
44,on,3250,6790,0.7930463298502888,2429474.336080885,3063470.877596169,0.06538090805293928,32458,446,28572,42.18737337552011,1333,0.8299559343158878,0.10335603648876084,0.9997472400735281,0.10335603648876084,1835724.5170959535,759,0.5693923480870218,1.0,1.0,1.0,0.48223139772489376,2325966.5266302167,1835724.5170959558,0.021785053484213546,0.5693923480870218,1648.6539662305704,2052.519121449273,0.3982120903524107,nan,nan,nan,nan,nan,9793,974,0,3250,3250,0,0.4,166653,0.032551
44,on,3500,6888,0.78745571987493,2412347.6652333746,3063470.877596169,0.06538090805293928,35436,520,32362,42.82913795672357,1333,0.8265000769992271,0.10300585789197744,0.9991150197767578,0.10300585789197744,1804245.656595675,760,0.5701425356339085,1.0,1.0,1.0,0.47972963131146584,2261818.7694174903,1804245.656595678,0.024331260260966592,0.5701425356339085,1627.7847139078629,2051.0144549099473,0.39722604013558516,nan,nan,nan,nan,nan,10085,974,0,3500,3500,0,0.4,166653,0.031756
44,on,3750,6821,0.7877015591498693,2413100.7866927204,3063470.877596169,0.06538090805293928,38302,590,36433,43.196020662784576,1333,0.8274800360974421,0.10244182975304389,0.9996547013874397,0.10244182975304389,1781363.5469047385,760,0.5701425356339085,1.0,1.0,1.0,0.4766584442068953,2222044.894992099,1781363.546904741,0.024528535260087962,0.5701425356339085,1628.7756631964762,2051.0144549099473,0.39512494395472664,nan,nan,nan,nan,nan,10320,974,0,3750,3750,0,0.4,166653,0.030868
44,on,4000,6843,0.7859044287072616,2407595.3299185503,3063470.877596169,0.06538090805293928,41125,664,40305,43.10685117542744,1333,0.8269350997071023,0.10244622426545479,0.9997472400735281,0.10244622426545479,1794069.600381135,761,0.5708927231807952,1.0,1.0,1.0,0.47805093169375423,2239337.1280925195,1794069.6003811378,0.02503134535187302,0.5708927231807952,1622.4233856992435,2050.5789045479482,0.39648451903865456,nan,nan,nan,nan,nan,10504,974,0,4000,4000,0,0.4,166653,0.030447
44,on,4250,7073,0.7802180540548282,2390175.28677172,3063470.877596169,0.06538090805293928,44013,742,44084,43.903445264324546,1333,0.8234938250653994,0.10589141788070935,0.9993114050134496,0.10589141788070935,1782962.3379311147,762,0.5716429107276819,1.0,1.0,1.0,0.4815935425370059,2208568.9441901096,1782962.3379311175,0.027880665986881346,0.5716429107276819,1600.0771059329447,2050.641912523322,0.39872934013281114,nan,nan,nan,nan,nan,10649,974,0,4250,4250,0,0.4,166653,0.02997
44,on,4500,7258,0.7716922899462633,2364056.856715876,3063470.877596169,0.06538090805293928,46910,830,48501,44.58976051583886,1333,0.815812704668845,0.1114195097017159,0.9996557025067249,0.1114195097017159,1802845.8781103427,762,0.5716429107276819,1.0,1.0,1.0,0.49364353892484947,2229618.0591483004,1802845.8781103452,0.03192793180283685,0.5716429107276819,1565.8009510040156,2050.641912523322,0.40582750027474224,nan,nan,nan,nan,nan,10730,974,0,4500,4500,0,0.4,166653,0.029537
44,on,4750,7288,0.7686520711140143,2354743.2348617623,3063470.877596169,0.06538090805293928,49760,922,52712,44.29045813344419,1333,0.8126212548885751,0.11257765932629028,0.9996420011477829,0.11257765932629028,1791111.4041086377,763,0.5723930982745686,1.0,1.0,1.0,0.49319924329176534,2201133.6388929468,1791111.4041086405,0.033979849158326685,0.5723930982745686,1553.2696033574812,2051.927241228078,0.40588851711428164,nan,nan,nan,nan,nan,10861,974,0,4750,4750,0,0.4,166653,0.029538
44,on,5000,7311,0.7667983923563468,2349064.5439712293,3063470.877596169,0.06538090805293928,52648,1021,56914,44.32403855584562,1333,0.8116113097216882,0.11218616166689346,0.9996855922342698,0.11218616166689346,1783006.4098772376,764,0.5731432858214554,1.0,1.0,1.0,0.49207808750970394,2182324.3375211987,1783006.4098772404,0.03482764745272894,0.5731432858214554,1547.1847443394972,2050.9936718732056,0.40583042550689785,nan,nan,nan,nan,nan,10883,974,0,5000,5000,0,0.4,166653,0.029427
44,on,5250,7324,0.7651281070048975,2343947.6734397886,3063470.877596169,0.06538090805293928,55532,1105,60916,44.351287208497524,1333,0.8105257664140175,0.11337941555765038,0.9993435597971912,0.11337941555765038,1781082.7510214439,766,0.5746436609152288,1.0,1.0,1.0,0.4936124330687579,2173618.899596274,1781082.7510214467,0.035077975095121665,0.5746436609152288,1543.3518385436987,2048.9244534661657,0.4071052360268279,nan,nan,nan,nan,nan,10967,974,0,5250,5250,0,0.4,166653,0.029651
44,on,5500,7588,0.7613953217154117,2332512.3944131294,3063470.877596169,0.06538090805293928,58518,1202,65009,45.189777532592416,1333,0.8067472569175238,0.11767946411159283,0.999430338825955,0.11767946411159283,1809537.2033856418,766,0.5746436609152288,1.0,1.0,1.0,0.5025751972458075,2216620.0639139013,1809537.203385644,0.03659547984748874,0.5746436609152288,1528.4232758457104,2048.9244534661657,0.41235487714138097,nan,nan,nan,nan,nan,10988,974,0,5500,5500,0,0.4,166653,0.029625
44,on,5750,7369,0.7603449707798139,2329294.6749106697,3063470.877596169,0.06538090805293928,61458,1308,69721,45.81054702401161,1333,0.8065239449863822,0.11678936550636657,1.0,0.11678936550636657,1793600.2608742982,767,0.5753938484621155,1.0,1.0,1.0,0.4998405962460377,2184227.7842472466,1793600.2608743007,0.03753979519583979,0.5753938484621155,1524.5031137445485,2049.4713545381646,0.4109633102405792,nan,nan,nan,nan,nan,11136,974,0,5750,5750,0,0.4,166653,0.029746
44,on,6000,7452,0.7627014243271916,2336513.6017274694,3063470.877596169,0.06538090805293928,64325,1389,73925,45.26905122026801,1333,0.8083959666364873,0.11600858585033116,0.9997008290906488,0.11600858585033116,1796001.13991398,769,0.5768942235558889,1.0,1.0,1.0,0.4980991118571638,2189881.178853314,1796001.139913983,0.03548604196472724,0.5768942235558889,1536.6220245210325,2047.6086256574395,0.41034239840008047,nan,nan,nan,nan,nan,11152,974,0,6000,6000,0,0.4,166653,0.029658
44,on,6250,7568,0.7589016584223844,2324873.12953641,3063470.877596169,0.06538090805293928,67262,1484,78189,45.35870241187513,1333,0.8054198399359198,0.11706002491117339,0.9997039201155732,0.11706002491117339,1791143.1191279583,770,0.5776444111027756,1.0,1.0,1.0,0.5005407658336203,2173831.3340316913,1791143.119127961,0.03731406564271621,0.5776444111027756,1523.0308193444891,2046.4287720091545,0.41220090697041956,nan,nan,nan,nan,nan,11208,974,0,6250,6250,0,0.4,166653,0.029968
44,on,6500,7507,0.7581292105659571,2322506.758023783,3063470.877596169,0.06538090805293928,70248,1564,82261,45.34040514007211,1333,0.8055180049135141,0.11796231274687372,0.9997472400735281,0.11796231274687372,1793313.1872902825,770,0.5776444111027756,1.0,1.0,1.0,0.5009529677473394,2176225.3716003695,1793313.187290285,0.03770785724585269,0.5776444111027756,1519.9576095878303,2046.4287720091545,0.4124103873590148,nan,nan,nan,nan,nan,11220,974,0,6500,6500,0,0.4,166653,0.030146
44,on,6750,7415,0.7607639376989265,2330578.1678660475,3063470.877596169,0.06538090805293928,73265,1637,86584,45.04267036728561,1333,0.8070971877406168,0.1163529683400641,0.9982262290040155,0.1163529683400641,1810978.5360735168,770,0.5776444111027756,1.0,1.0,1.0,0.5011834718839729,2211422.334266164,1810978.5360735194,0.035867911397683694,0.5776444111027756,1530.4399600323302,2046.4287720091545,0.4125691443679531,nan,nan,nan,nan,nan,11261,974,0,6750,6750,0,0.4,166653,0.030147
44,on,7000,7626,0.7589578548155228,2325045.2855502153,3063470.877596169,0.06538090805293928,76143,1734,90956,45.60778336785734,1333,0.8045720214822112,0.11821714793439062,0.9994837629171143,0.11821714793439062,1811184.2365190012,770,0.5776444111027756,1.0,1.0,1.0,0.5036823462580364,2208624.719563896,1811184.2365190038,0.036869658685857225,0.5776444111027756,1523.2543985831974,2046.4287720091545,0.41406134947278783,nan,nan,nan,nan,nan,11261,974,0,7000,7000,0,0.4,166653,0.030278
44,on,7250,7642,0.7574212439750484,2320337.9229902234,3063470.877596169,0.06538090805293928,79027,1814,95530,47.37703502550721,1333,0.8023375608674421,0.11908586647972123,0.999430338825955,0.11908586647972123,1821484.7987279613,770,0.5776444111027756,1.0,1.0,1.0,0.5056011990699463,2223739.2185063506,1821484.7987279638,0.03752295985869509,0.5776444111027756,1517.1409407130775,2046.4287720091545,0.41559702112805974,nan,nan,nan,nan,nan,11273,974,0,7250,7250,0,0.4,166653,0.030603
44,on,7500,7569,0.7547370043376928,2312114.833032695,3063470.877596169,0.06538090805293928,82052,1903,99680,46.50148634053767,1333,0.8010768295853541,0.1203118151032225,0.9997010746423832,0.1203118151032225,1810654.1120822998,771,0.5783945986496624,1.0,1.0,1.0,0.5074776978471298,2197313.4305326124,1810654.1120823019,0.03939855779719373,0.5783945986496624,1506.486136280985,2047.3559109609537,0.41668579836088293,nan,nan,nan,nan,nan,11295,974,0,7500,7500,0,0.4,166653,0.030769
44,on,7750,7692,0.7531452570090453,2307238.561446892,3063470.877596169,0.06538090805293928,85033,1990,103563,46.33524438366294,1333,0.801174800699568,0.12076738147441651,0.9995348480852195,0.12076738147441651,1804265.013905744,771,0.5783945986496624,1.0,1.0,1.0,0.5081102364338628,2183365.8584203394,1804265.0139057466,0.040468147594904934,0.5783945986496624,1500.1615298143147,2047.3559109609537,0.4170448480220217,nan,nan,nan,nan,nan,11380,974,0,7750,7750,0,0.4,166653,0.03085
44,on,8000,7781,0.7504780373845954,2299067.611803237,3063470.877596169,0.06538090805293928,87906,2091,108278,47.448785316199064,1333,0.7986213031941114,0.12228514672822834,0.9992202446621031,0.12228514672822834,1814178.092049676,771,0.5783945986496624,1.0,1.0,1.0,0.5116722698577278,2195567.6048742495,1814178.092049678,0.0418210963501595,0.5783945986496624,1489.5636703543212,2047.3559109609537,0.41912829423903264,nan,nan,nan,nan,nan,11390,974,0,8000,8000,0,0.4,166653,0.031123
44,on,8250,7793,0.7504564500583577,2299001.4796579825,3063470.877596169,0.06538090805293928,90864,2190,112556,46.83686834387481,1333,0.7975677823224617,0.12270795897230115,0.9995902695004002,0.12270795897230115,1808626.612904572,771,0.5783945986496624,1.0,1.0,1.0,0.5108335790596747,2185929.176275127,1808626.612904574,0.04196236643790963,0.5783945986496624,1489.4778958468567,2047.3559109609537,0.4185335117525857,nan,nan,nan,nan,nan,11414,974,0,8250,8250,0,0.4,166653,0.031353
44,on,8500,7857,0.7475888191980194,2290216.57602964,3063470.877596169,0.06538090805293928,93783,2266,116766,47.33085893653333,1333,0.7955479859413999,0.12529993200285652,0.9994831855758792,0.12529993200285652,1816181.2792478416,772,0.5791447861965492,1.0,1.0,1.0,0.5151796643478928,2192342.774393016,1816181.2792478441,0.043122598481679146,0.5791447861965492,1479.527992802049,2046.383182863562,0.42122256684454884,nan,nan,nan,nan,nan,11414,974,0,8500,8500,0,0.4,166653,0.031551
44,on,8750,7777,0.7465248371458671,2286957.0979985865,3063470.877596169,0.06538090805293928,96550,2367,121400,48.054991556331515,1333,0.7950338035736333,0.12460466540543787,0.999643942847756,0.12460466540543787,1802442.4144270082,772,0.5791447861965492,1.0,1.0,1.0,0.5125931045432253,2166598.102674416,1802442.4144270108,0.04410098376294156,0.5791447861965492,1475.305871000167,2046.383182863562,0.4200291667741427,nan,nan,nan,nan,nan,11459,974,0,8750,8750,0,0.4,166653,0.031658
44,on,9000,7706,0.7511804142334353,2301219.3228247557,3063470.877596169,0.06538090805293928,99457,2464,125946,48.365285662934184,1333,0.7980562941679478,0.12107647419222874,0.9997151694129776,0.12107647419222874,1789058.9878249108,773,0.5798949737434359,1.0,1.0,1.0,0.5064399648978821,2149469.978768297,1789058.9878249136,0.04166215914599138,0.5798949737434359,1493.9721056379187,2047.105152083294,0.41654086526091594,nan,nan,nan,nan,nan,11502,974,0,9000,9000,0,0.4,166653,0.031975
44,on,9250,7861,0.7502689355371736,2298427.0343832085,3063470.877596169,0.06538090805293928,102349,2547,130287,46.30241939984262,1333,0.797807414915759,0.12074732804561503,0.9993802881055179,0.12074732804561503,1786658.730152106,773,0.5798949737434359,1.0,1.0,1.0,0.5058516440242449,2143646.5748994574,1786658.730152108,0.04226479515016932,0.5798949737434359,1490.3598308105613,2047.105152083294,0.4163352016652251,nan,nan,nan,nan,nan,11525,974,0,9250,9250,0,0.4,166653,0.032126
44,on,9500,7934,0.745405294915654,2283527.4129800894,3063470.877596169,0.06538090805293928,105223,2630,135144,47.25271746516228,1333,0.7940895211303927,0.12566740554795894,0.9997072154964346,0.12566740554795894,1800749.3930758995,773,0.5798949737434359,1.0,1.0,1.0,0.5143449704249909,2158772.594850936,1800749.3930759022,0.04488793694732736,0.5798949737434359,1471.0847707806531,2047.105152083294,0.420960057542475,nan,nan,nan,nan,nan,11576,974,0,9500,9500,0,0.4,166653,0.032326
44,on,9750,7914,0.7485234103650481,2293079.668852291,3063470.877596169,0.06538090805293928,108123,2706,139592,47.52284211292863,1333,0.7964683951545399,0.12334379297457557,0.9998070897417879,0.12334379297457557,1791111.6179476238,773,0.5798949737434359,1.0,1.0,1.0,0.5099711729818035,2148069.2817599843,1791111.6179476264,0.04321391630443979,0.5798949737434359,1483.4421522453383,2047.105152083294,0.41829524717459576,nan,nan,nan,nan,nan,11576,974,0,9750,9750,0,0.4,166653,0.032531
44,on,10000,7908,0.7486617232092981,2293503.3862226484,3063470.877596169,0.06538090805293928,110984,2817,144206,47.730459144338965,1333,0.797054970813139,0.1227223380345406,0.9992333204968721,0.1227223380345406,1796088.7596710534,773,0.5798949737434359,1.0,1.0,1.0,0.5095431912970729,2156911.5882374733,1796088.759671056,0.04301039120409698,0.5798949737434359,1483.9902989081556,2047.105152083294,0.41835550323403714,nan,nan,nan,nan,nan,11617,974,0,10000,10000,0,0.4,166653,0.032726
44,on,10250,7893,0.7500304850629586,2297696.548299702,3063470.877596169,0.06538090805293928,113976,2911,148535,47.91273728944361,1333,0.7970704040299206,0.12178528957754585,0.9995553751734267,0.12178528957754585,1788263.199548139,773,0.5798949737434359,1.0,1.0,1.0,0.5061155718601087,2145970.971689938,1788263.1995481416,0.042370344942810306,0.5798949737434359,1489.4148294088716,2047.105152083294,0.41618460108371935,nan,nan,nan,nan,nan,11617,974,0,10250,10250,0,0.4,166653,0.032858
44,on,10500,7960,0.7470244880109779,2288487.763872819,3063470.877596169,0.06538090805293928,116929,3009,153096,47.509722201153636,1333,0.794545056425477,0.12403983441502868,0.9993857778352822,0.12403983441502868,1800859.6588282783,774,0.5806451612903226,1.0,1.0,1.0,0.5107316716317112,2160435.1254110425,1800859.658828281,0.04357314350473069,0.5806451612903226,1478.7359122287248,2046.4153270264512,0.41930560092692915,nan,nan,nan,nan,nan,11627,974,0,10500,10500,0,0.4,166653,0.033061
44,on,10750,7907,0.7490931881201625,2294825.166411786,3063470.877596169,0.06538090805293928,119909,3100,157874,47.83940512686968,1333,0.7974618415818101,0.12204778084786505,0.9994063099175226,0.12204778084786505,1785977.3626854217,774,0.5806451612903226,1.0,1.0,1.0,0.5066339686296897,2138674.778938811,1785977.3626854245,0.04267795420186201,0.5806451612903226,1486.9237708062017,2046.4153270264512,0.4168744541780527,nan,nan,nan,nan,nan,11654,974,0,10750,10750,0,0.4,166653,0.033198
44,on,11000,7910,0.7476402689125095,2290374.190731641,3063470.877596169,0.06538090805293928,122861,3198,162509,47.77581809088588,1333,0.7969521368160059,0.12168030969103788,0.9994321864919262,0.12168030969103788,1770420.9403939827,774,0.5806451612903226,1.0,1.0,1.0,0.5046251504866066,2109170.813347343,1770420.9403939852,0.0439425285158799,0.5806451612903226,1481.1731562323707,2046.4153270264512,0.4158402720096246,nan,nan,nan,nan,nan,11661,974,0,11000,11000,0,0.4,166653,0.033289
44,on,11250,8102,0.7488566869540495,2294100.6519768815,3063470.877596169,0.06538090805293928,125821,3268,166581,47.471507580950856,1333,0.7978626902992899,0.12106216144535756,0.9999795321244285,0.12106216144535756,1769546.2628579254,774,0.5806451612903226,1.0,1.0,1.0,0.5035035177710951,2109937.156737305,1769546.262857928,0.043218492302954825,0.5806451612903226,1485.9877056448265,2046.4153270264512,0.41521283758745264,nan,nan,nan,nan,nan,11692,974,0,11250,11250,0,0.4,166653,0.033406
44,on,11500,8045,0.7399049973073988,2266677.4114390877,3063470.877596169,0.06538090805293928,128862,3349,171537,49.00494452752173,1333,0.7908118921343751,0.12597698185850784,0.9997938736324208,0.12597698185850784,1770543.6330956258,774,0.5806451612903226,1.0,1.0,1.0,0.5118670772376197,2094474.7906532947,1770543.6330956283,0.04882830234258298,0.5806451612903226,1450.5571623143435,2046.4153270264512,0.420208209478945,nan,nan,nan,nan,nan,11692,974,0,11500,11500,0,0.4,166653,0.033537
44,on,11750,7984,0.7404143736812703,2268237.8711261787,3063470.877596169,0.06538090805293928,131749,3457,176251,48.67935893125832,1333,0.7919760642704748,0.12565035312204195,0.9997433405735162,0.12565035312204195,1790791.837224517,774,0.5806451612903226,1.0,1.0,1.0,0.5134926792382195,2130352.5421529897,1790791.8372245196,0.047950074020456736,0.5806451612903226,1452.5732601012828,2046.4153270264512,0.4215723555838091,nan,nan,nan,nan,nan,11730,974,0,11750,11750,0,0.4,166653,0.033671
44,on,12000,8148,0.7418025925527404,2272490.6392106568,3063470.877596169,0.06538090805293928,134528,3543,181075,50.7661838401109,1333,0.7924671290412837,0.1252161492505747,0.9999586281305062,0.1252161492505747,1779813.1494854256,775,0.5813953488372093,1.0,1.0,1.0,0.510998018706661,2113013.9152336363,1779813.1494854281,0.04695597053260326,0.5813953488372093,1459.4934345036284,2045.4896549647765,0.4201032518091208,nan,nan,nan,nan,nan,11732,974,0,12000,12000,0,0.4,166653,0.033859
44,on,12250,8019,0.7427431462707875,2275371.998134709,3063470.877596169,0.06538090805293928,137417,3647,186004,49.5053393188864,1333,0.7936098482882044,0.12392248205515952,0.9994414020798478,0.12392248205515952,1763341.7642311954,775,0.5813953488372093,1.0,1.0,1.0,0.5066117344050507,2086501.3450448113,1763341.7642311982,0.04679509963062993,0.5813953488372093,1463.2113169862766,2045.4896549647765,0.4172505101932986,nan,nan,nan,nan,nan,11732,974,0,12250,12250,0,0.4,166653,0.033996
44,on,12500,7962,0.7445829465602077,2281008.1727419407,3063470.877596169,0.06538090805293928,140213,3735,190724,49.16446944884956,1333,0.7945478755142277,0.12336159800119988,0.9996393531853798,0.12336159800119988,1758641.6665625912,775,0.5813953488372093,1.0,1.0,1.0,0.5048936915127942,2081940.291954544,1758641.6665625938,0.04575544436019572,0.5813953488372093,1470.4838003504462,2045.4896549647765,0.4161153954179717,nan,nan,nan,nan,nan,11752,974,0,12500,12500,0,0.4,166653,0.034095
44,on,12750,8007,0.7423568883431452,2274188.708222136,3063470.877596169,0.06538090805293928,143084,3828,195477,48.62704012915492,1333,0.791433484647083,0.12594445914662447,0.9997457843848344,0.12594445914662447,1783394.3270106763,775,0.5813953488372093,1.0,1.0,1.0,0.5122521463515208,2120246.466687785,1783394.327010679,0.04651190053374183,0.5813953488372093,1461.6844912926335,2045.4896549647765,0.42045364216987746,nan,nan,nan,nan,nan,11759,974,0,12750,12750,0,0.4,166653,0.034214
44,on,13000,8273,0.7413223120075554,2271019.3137474065,3063470.877596169,0.06538090805293928,145959,3915,200105,48.97461530379951,1333,0.7905136870628905,0.12829159744066,0.9999798793313179,0.12829159744066,1789815.6909710933,775,0.5813953488372093,1.0,1.0,1.0,0.515388180884089,2129285.3785327827,1789815.6909710956,0.046996594470522096,0.5813953488372093,1457.5949500349182,2045.4896549647765,0.42186215384834425,nan,nan,nan,nan,nan,11759,974,0,13000,13000,0,0.4,166653,0.03439
44,on,13250,8158,0.7396773937903972,2265980.154693115,3063470.877596169,0.06538090805293928,148910,4006,205047,50.00308356061578,1333,0.7907221661967381,0.1255723067721347,0.999282181884315,0.1255723067721347,1769464.3388722166,775,0.5813953488372093,1.0,1.0,1.0,0.5101748460201203,2091063.060631821,1769464.3388722192,0.048594462214971594,0.5813953488372093,1451.0928093197037,2045.4896549647765,0.4195439200442268,nan,nan,nan,nan,nan,11759,974,0,13250,13250,0,0.4,166653,0.03458
44,on,13500,8184,0.7383486361454112,2261909.544344317,3063470.877596169,0.06538090805293928,151811,4108,209720,48.484022008255124,1333,0.7902693465651617,0.1277996265643985,1.0,0.1277996265643985,1783612.6208638838,775,0.5813953488372093,1.0,1.0,1.0,0.5154613492484172,2112772.7812822848,1783612.6208638859,0.04906475672649769,0.5813953488372093,1445.840408869642,2045.4896549647765,0.4223206174135705,nan,nan,nan,nan,nan,11780,974,0,13500,13500,0,0.4,166653,0.034685
44,on,13750,8183,0.7416342761553602,2271975.0068290606,3063470.877596169,0.06538090805293928,154662,4184,214429,48.3631850797683,1333,0.7918657780543644,0.12632086311263066,0.9995891747921442,0.12632086311263066,1783653.2337103111,776,0.582145536384096,1.0,1.0,1.0,0.5128522061346299,2119428.4595878497,1783653.2337103137,0.04637133668100711,0.582145536384096,1460.7515550866278,2043.863195838129,0.42111539306818635,nan,nan,nan,nan,nan,11798,974,0,13750,13750,0,0.4,166653,0.034872
44,on,14000,8181,0.741386262483138,2271215.2241669623,3063470.877596169,0.06538090805293928,157542,4268,219341,49.147930685430765,1333,0.7918851109205961,0.12636278777024917,0.9997472400735281,0.12636278777024917,1770944.9078321182,776,0.582145536384096,1.0,1.0,1.0,0.5118846980639586,2097120.778986164,1770944.9078321205,0.046861071209322556,0.582145536384096,1459.772453717945,2043.863195838129,0.42047096256527583,nan,nan,nan,nan,nan,11798,974,0,14000,14000,0,0.4,166653,0.035078
44,on,14250,8133,0.7416635791565536,2272064.775719843,3063470.877596169,0.06538090805293928,160338,4354,224227,48.97760834172368,1333,0.7922462094584678,0.12514224686364542,0.9991807243466713,0.12514224686364542,1766333.8620304263,776,0.582145536384096,1.0,1.0,1.0,0.5093035049049421,2089733.8959713462,1766333.8620304286,0.04680744245702498,0.582145536384096,1460.8672366469143,2043.863195838129,0.4191243013672574,nan,nan,nan,nan,nan,11798,974,0,14250,14250,0,0.4,166653,0.035183
44,on,14500,8097,0.7402156776953683,2267629.1717598727,3063470.877596169,0.06538090805293928,163258,4449,229200,48.97327223978937,1333,0.7908357448782772,0.1267569333131759,0.9991296898620114,0.1267569333131759,1775347.1047391205,778,0.5836459114778695,1.0,1.0,1.0,0.51228024705674,2109434.4645063803,1775347.1047391233,0.04617481701480472,0.5836459114778695,1459.3223180332213,2040.137672666716,0.4207988625662149,nan,nan,nan,nan,nan,11798,974,0,14500,14500,0,0.4,166653,0.035282
44,on,14750,8105,0.74535529425769,2283374.237420556,3063470.877596169,0.06538090805293928,165970,4552,233699,48.30881391838193,1333,0.7950846078383618,0.12405435413257282,0.999873511882946,0.12405435413257282,1765784.6819152704,778,0.5836459114778695,1.0,1.0,1.0,0.5065029671473416,2102668.0335910157,1765784.6819152725,0.04324598882093823,0.5836459114778695,1479.5601916330716,2040.137672666716,0.41722147932097475,nan,nan,nan,nan,nan,11798,974,0,14750,14750,0,0.4,166653,0.035413
44,on,15000,8308,0.7400497755739937,2267120.93544251,3063470.877596169,0.06538090805293928,168877,4659,238495,49.423544799908996,1333,0.7906329046050175,0.12729933792989967,1.0,0.12729933792989967,1762753.4327944154,778,0.5836459114778695,1.0,1.0,1.0,0.5109904293857308,2087540.7482130986,1762753.4327944177,0.04660937385086884,0.5836459114778695,1458.669057985197,2040.137672666716,0.41980740845001097,nan,nan,nan,nan,nan,11798,974,0,15000,15000,0,0.4,166653,0.035557
44,on,15250,8238,0.7335269901281529,2247138.572188369,3063470.877596169,0.06538090805293928,171835,4760,243612,51.5683107804507,1333,0.786811474075694,0.13070285131843468,0.9994944801470562,0.13070285131843468,1779304.203584171,778,0.5836459114778695,1.0,1.0,1.0,0.5176892571946432,2103187.4798767804,1779304.2035841737,0.05034521550717847,0.5836459114778695,1432.984786450311,2040.137672666716,0.42438871675788614,nan,nan,nan,nan,nan,11798,974,0,15250,15250,0,0.4,166653,0.035629
44,on,15500,8314,0.7360438652989396,2254848.9459766187,3063470.877596169,0.06538090805293928,174667,4855,248210,50.11415020376444,1333,0.7874515513456347,0.1290785410813214,0.9994944801470562,0.1290785410813214,1776234.4578825643,778,0.5836459114778695,1.0,1.0,1.0,0.5156228643107013,2102897.5488294004,1776234.457882567,0.048799258772634316,0.5836459114778695,1442.8952926048737,2040.137672666716,0.4229285919509653,nan,nan,nan,nan,nan,11798,974,0,15500,15500,0,0.4,166653,0.035727
44,on,15750,8204,0.7371720661890188,2258305.156547454,3063470.877596169,0.06538090805293928,177498,4942,253124,50.02944140508771,1333,0.7870755012663753,0.12900803234611122,0.9998205454710787,0.12900803234611122,1775272.4371874095,778,0.5836459114778695,1.0,1.0,1.0,0.5154896967813241,2103450.384478496,1775272.437187412,0.04810205025483506,0.5836459114778695,1447.3377226445089,2040.137672666716,0.42277153935609024,nan,nan,nan,nan,nan,11834,974,0,15750,15750,0,0.4,166653,0.035808
44,on,16000,8400,0.7381527665529284,2261309.5035519395,3063470.877596169,0.06538090805293928,180375,5053,257558,50.14781218394637,1333,0.7881243483286375,0.1288502027960003,1.0,0.1288502027960003,1782333.2189665288,778,0.5836459114778695,1.0,1.0,1.0,0.5163596072429195,2117448.1037769653,1782333.2189665313,0.04728931337487905,0.5836459114778695,1451.1993511849778,2040.137672666716,0.4233134770446141,nan,nan,nan,nan,nan,11836,974,0,16000,16000,0,0.4,166653,0.035842
44,on,16250,8365,0.7324191766246223,2243744.817782495,3063470.877596169,0.06538090805293928,183047,5150,262820,50.528657265007496,1333,0.7859977390204641,0.13152258433621877,0.9994181610255225,0.13152258433621877,1770789.9132360693,779,0.5843960990247562,1.0,1.0,1.0,0.5182316015371777,2084766.8230353864,1770789.9132360714,0.051004808244183054,0.5843960990247562,1429.7893781290677,2039.6008884836672,0.4247089858922646,nan,nan,nan,nan,nan,11885,974,0,16250,16250,0,0.4,166653,0.035871
44,on,16500,8437,0.7341127514485585,2248933.0349346534,3063470.877596169,0.06538090805293928,185808,5242,267440,49.8267174102366,1333,0.7877544142750189,0.1273713685302377,0.9993114050134496,0.1273713685302377,1738211.0581201734,779,0.5843960990247562,1.0,1.0,1.0,0.5089535006489927,2032376.3599909707,1738211.058120176,0.05083198997379316,0.5843960990247562,1436.4494771690659,2039.6008884836672,0.41973111111888106,nan,nan,nan,nan,nan,11890,974,0,16500,16500,0,0.4,166653,0.035911
44,on,16750,8481,0.7313842324545919,2240574.296457669,3063470.877596169,0.06538090805293928,188570,5322,272471,51.18004803173244,1333,0.7841791573383101,0.13178007765693497,0.9997472400735281,0.13178007765693497,1758645.1422395427,779,0.5843960990247562,1.0,1.0,1.0,0.5181187434797045,2061915.1968421752,1758645.1422395452,0.052044854288194255,0.5843960990247562,1425.7193892653636,2039.6008884836672,0.4245886979531328,nan,nan,nan,nan,nan,11948,974,0,16750,16750,0,0.4,166653,0.035946
44,on,17000,8616,0.7311877550781354,2239972.393736788,3063470.877596169,0.06538090805293928,191472,5406,277335,50.331093000248075,1333,0.7839846173018703,0.13173410096380103,0.9994593952151505,0.13173410096380103,1773765.1296073713,779,0.5843960990247562,1.0,1.0,1.0,0.5212468447524463,2087393.529492505,1773765.1296073738,0.051731189094990075,0.5843960990247562,1424.946728519688,2039.6008884836672,0.426563086714969,nan,nan,nan,nan,nan,11976,974,0,17000,17000,0,0.4,166653,0.036058
44,on,17250,8413,0.7300721154736655,2236554.6642986014,3063470.877596169,0.06538090805293928,194300,5507,282445,51.081078972667456,1333,0.7846492679358701,0.13197050448062891,0.9999651290664295,0.13197050448062891,1774249.1867105805,779,0.5843960990247562,1.0,1.0,1.0,0.5223935480152551,2085972.3228987039,1774249.186710583,0.052458011377144655,0.5843960990247562,1420.5593993307446,2039.6008884836672,0.4269903883528845,nan,nan,nan,nan,nan,12001,974,0,17250,17250,0,0.4,166653,0.036137
44,on,17500,8509,0.7313539359695518,2240481.484058055,3063470.877596169,0.06538090805293928,197087,5594,287409,50.70026939176023,1333,0.7847038770746158,0.13068225116818247,0.9991554434306493,0.13068225116818247,1785660.1012598292,779,0.5843960990247562,1.0,1.0,1.0,0.5210560383130014,2108081.5345011577,1785660.1012598318,0.051277374397296765,0.5843960990247562,1425.6002462620074,2039.6008884836672,0.42669197612193766,nan,nan,nan,nan,nan,12001,974,0,17500,17500,0,0.4,166653,0.036181
44,on,17750,8711,0.7300370441078443,2236447.2241907706,3063470.877596169,0.06538090805293928,199867,5702,292335,51.663019658997655,1333,0.7841936347502667,0.13173178336509206,0.9996214536589022,0.13173178336509206,1779978.2012992946,780,0.5851462865716429,1.0,1.0,1.0,0.5214816789556493,2093123.184168101,1779978.2012992972,0.052324488205405105,0.5851462865716429,1420.7891902763838,2040.201909177561,0.4272887212146552,nan,nan,nan,nan,nan,12001,974,0,17750,17750,0,0.4,166653,0.036287
44,on,18000,8673,0.729625005112072,2235184.954726788,3063470.877596169,0.06538090805293928,202764,5803,297192,52.16757171601057,1333,0.7827262583819182,0.1334941022552739,0.9993226014791793,0.1334941022552739,1799086.399648186,780,0.5851462865716429,1.0,1.0,1.0,0.5269036422731406,2124945.8266543555,1799086.3996481884,0.05203960503910991,0.5851462865716429,1419.1708960917915,2040.201909177561,0.4299838258439943,nan,nan,nan,nan,nan,12001,974,0,18000,18000,0,0.4,166653,0.036358
44,on,18250,8565,0.7280199288598821,2230267.8503718833,3063470.877596169,0.06538090805293928,205626,5899,302656,52.71721030771732,1333,0.7814263616200565,0.1339365425466858,0.9993859747025027,0.1339365425466858,1784685.8642821724,780,0.5851462865716429,1.0,1.0,1.0,0.5253806953781601,2097070.9173668372,1784685.8642821745,0.05352993032163103,0.5851462865716429,1412.8669161496057,2040.201909177561,0.42946887754467644,nan,nan,nan,nan,nan,12001,974,0,18250,18250,0,0.4,166653,0.03639
44,on,18500,8448,0.7334844253027274,2247008.1760852677,3063470.877596169,0.06538090805293928,208553,5989,307663,51.72860966809094,1333,0.7859086398006013,0.12957531521077537,0.9993738083749086,0.12957531521077537,1764431.498371167,780,0.5851462865716429,1.0,1.0,1.0,0.5154954516324315,2073436.6820533688,1764431.4983711701,0.05050308224599101,0.5851462865716429,1434.3288721924062,2040.201909177561,0.42358893353916494,nan,nan,nan,nan,nan,12001,974,0,18500,18500,0,0.4,166653,0.036429
44,on,18750,8598,0.7363512151197642,2255790.5032019494,3063470.877596169,0.06538090805293928,211406,6068,312436,51.72331314533949,1333,0.7881654984079394,0.12867750626284435,0.9998907296034498,0.12867750626284435,1762886.4148042412,780,0.5851462865716429,1.0,1.0,1.0,0.514188783942545,2076403.6487034713,1762886.4148042432,0.04868608395542688,0.5851462865716429,1445.5882659317417,2040.201909177561,0.42226208095534856,nan,nan,nan,nan,nan,12001,974,0,18750,18750,0,0.4,166653,0.036544
44,on,19000,8583,0.7327680000356681,2244813.4281436577,3063470.877596169,0.06538090805293928,214391,6168,317332,51.138297917321324,1333,0.7847812534991678,0.1310960416906859,0.9996091065759559,0.1310960416906859,1765309.2399433565,781,0.5858964741185296,1.0,1.0,1.0,0.5183310381081458,2071011.573475574,1765309.2399433588,0.05092974034001301,0.5858964741185296,1431.9500573413484,2040.6891908696837,0.4249884402231252,nan,nan,nan,nan,nan,12001,974,0,19000,19000,0,0.4,166653,0.036658
44,on,19250,8480,0.7318251101279839,2241924.912370688,3063470.877596169,0.06538090805293928,217237,6265,322472,51.375103959813714,1333,0.7846301137934101,0.13199499896804798,0.999430338825955,0.13199499896804798,1770441.2433550227,781,0.5858964741185296,1.0,1.0,1.0,0.5201616034302905,2077900.5063987733,1770441.2433550255,0.0514010523948335,0.5858964741185296,1428.2515736371615,2040.6891908696837,0.42629739502831754,nan,nan,nan,nan,nan,12024,974,0,19250,19250,0,0.4,166653,0.036668
44,on,19500,8781,0.7290640660333596,2233466.5341950473,3063470.877596169,0.06538090805293928,219955,6376,327473,51.197267439216375,1333,0.7827609319610669,0.13273191095125933,0.9995227305620735,0.13273191095125933,1733871.4621843977,781,0.5858964741185296,1.0,1.0,1.0,0.5197705442408218,2009941.7935060216,1733871.4621844003,0.05435785423897458,0.5858964741185296,1417.4213839116296,2040.6891908696837,0.4261002955808848,nan,nan,nan,nan,nan,12029,974,0,19500,19500,0,0.4,166653,0.036714
44,on,19750,8576,0.7283912338033521,2231405.3322529113,3063470.877596169,0.06538090805293928,222888,6484,332499,51.9479244928807,1333,0.7833292350829792,0.13212207429286302,0.9997151694129776,0.13212207429286302,1726248.3637272306,781,0.5858964741185296,1.0,1.0,1.0,0.5196595975772855,1995565.577590203,1726248.3637272334,0.05506125883554148,0.5858964741185296,1414.7822008871274,2040.6891908696837,0.4261684417706282,nan,nan,nan,nan,nan,12055,974,0,19750,19750,0,0.4,166653,0.036843
44,on,20000,8681,0.7290631287903735,2233463.662978454,3063470.877596169,0.06538090805293928,225756,6581,337555,51.21632908843458,1333,0.783109386515685,0.1315787000855589,0.999748774421731,0.1315787000855589,1735762.2280775104,781,0.5858964741185296,1.0,1.0,1.0,0.5179265295136453,2013167.0288761798,1735762.228077513,0.05429928278624995,0.5858964741185296,1417.417707577963,2040.6891908696837,0.42540865354084767,431565950.874,2.913151736648126,101723834.796,0.6866551112161141,7407.2,12055,974,0,20000,20000,0,0.4,166653,0.036875
