seed,arm,tick,pop,global_sat,abs_food,abs_cap,cap_lost_frac,d_starv,d_old,d_pred,ms_per_tick,n_patches,patch_sat_mean,patch_sat_var,patch_sat_range,patch_sat_init_var,patch_abs_food_var
42,off,250,475,0.9930964341051832,908059.8978478266,914372.3274628634,0.0,17019,0,2607,27.706036508083344,442,0.9914664108565914,0.00042236642937806183,0.14232073397066602,0.00042236642937806183,1217015.7750041944
42,off,500,716,0.9799435299112835,896033.2462271544,914372.3274628634,0.0,17085,0,2852,9.120288979262114,442,0.9797113592586936,0.004931081737929001,0.9643328109097594,0.004931081737929001,1214864.282202601
42,off,750,1292,0.9525475573500237,870983.1270332065,914372.3274628634,0.0,17292,0,3388,10.665632599964738,442,0.9539725050502571,0.018598149268651054,0.9957537134076947,0.018598149268651054,1224501.0316294183
42,off,1000,2058,0.9141152345182054,835841.6745556727,914372.3274628634,0.0,17798,0,4142,12.231944732367992,442,0.9215534459316276,0.03565393958560381,0.9983677975184154,0.03565393958560381,1227083.5430359514
42,off,1250,2604,0.882292154632002,806743.5309330882,914372.3274628634,0.0,18625,8,5276,14.419392252340913,442,0.8936319851270111,0.04890608416010993,0.9987918167164034,0.04890608416010993,1194648.300341797
42,off,1500,3091,0.8500391551702065,777252.2807475477,914372.3274628634,0.0,19624,33,6440,15.414684128016233,442,0.8672887922846216,0.06704526514645721,0.9996002803767523,0.06704526514645721,1238431.488216371
42,off,1750,3583,0.8154354809285128,745611.6385924036,914372.3274628634,0.0,20827,78,7842,18.187179911881685,442,0.8396373987184194,0.08243522682845637,0.9998762173363883,0.08243522682845637,1257966.501023019
42,off,2000,4074,0.7805293446573602,713694.433527414,914372.3274628634,0.0,22214,106,9831,19.883911903947592,442,0.8103618911866038,0.10011334603951658,0.9987298474701459,0.10011334603951658,1289992.3227965774
42,off,2250,4414,0.7644417388707584,698984.3719810138,914372.3274628634,0.0,23716,135,11817,20.70252964645624,442,0.7931115566750502,0.10990487206992146,0.9992433493378096,0.10990487206992146,1298917.9008699332
42,off,2500,4615,0.747476087942098,683471.4502544521,914372.3274628634,0.0,25392,173,14381,22.483161993324757,442,0.776638511743428,0.1197323037928925,1.0,0.1197323037928925,1303180.504915093
42,off,2750,4478,0.7466943422823852,682756.6436560965,914372.3274628634,0.0,27035,245,16860,22.796152723953128,442,0.7772462665463538,0.1185585077928651,0.9994912916260414,0.1185585077928651,1303626.9054038138
42,off,3000,4810,0.7276173240971098,665313.1461369749,914372.3274628634,0.0,28671,290,19507,22.225193720310926,442,0.7627437623827988,0.12590975627214546,0.9996718803911334,0.12590975627214546,1302731.29139061
42,off,3250,4799,0.7252801133422484,663176.065299281,914372.3274628634,0.0,30366,343,22202,23.495347356423736,442,0.7584333302961624,0.12411878901391225,0.9999896215677639,0.12411878901391225,1297957.294903779
42,off,3500,4959,0.7153980794791187,654140.2069957843,914372.3274628634,0.0,31988,408,24891,23.41345233656466,442,0.7494745430878083,0.13029360334456122,0.9998943328514353,0.13029360334456122,1312547.3465305534
42,off,3750,5082,0.7046538673439758,644315.9967390189,914372.3274628634,0.0,33639,457,28164,24.18088667280972,442,0.7398793678720399,0.13880292037741843,0.9994979816024239,0.13880292037741843,1332363.0020678712
42,off,4000,5175,0.7087805687345498,648089.3382942623,914372.3274628634,0.0,35305,493,31519,24.988062344491482,442,0.7413104444855404,0.13460286064602323,0.9994979816024239,0.13460286064602323,1342041.6152672071
42,off,4250,5095,0.701139222782639,641102.3030112647,914372.3274628634,0.0,36932,550,34584,24.571695040911436,442,0.7374465491381423,0.13827712906587658,1.0,0.13827712906587658,1336084.9420184675
42,off,4500,5202,0.6959371092057319,636345.634312222,914372.3274628634,0.0,38498,616,37480,24.455330627039075,442,0.7339815763204964,0.1346924074522254,0.9998169160882848,0.1346924074522254,1325068.428429654
42,off,4750,5375,0.6823279142115511,623901.763010497,914372.3274628634,0.0,40073,665,40686,24.968436731025577,442,0.721757118475249,0.14341068707780574,1.0,0.14341068707780574,1341883.3107734881
42,off,5000,5267,0.6864004060688087,627625.5368685912,914372.3274628634,0.0,41575,717,44396,25.792962519451976,442,0.7252670947940112,0.1440501987762787,1.0,0.1440501987762787,1334746.6194583063
42,off,5250,5283,0.6906588117509328,631519.305183436,914372.3274628634,0.0,42966,765,47517,25.203404679894447,442,0.7283393115830991,0.14066227836560496,0.9998794045686759,0.14066227836560496,1342039.813597957
42,off,5500,5272,0.6838352711004111,625280.048437281,914372.3274628634,0.0,44497,820,50707,25.38894324377179,442,0.7228819848632642,0.14319067578524122,0.9999107425715325,0.14319067578524122,1341350.9792845955
42,off,5750,5315,0.6753867901183154,617554.9912181564,914372.3274628634,0.0,45945,892,54229,25.407443404197693,442,0.7151306513982433,0.14653156479801954,0.9989959632048477,0.14653156479801954,1341349.1621768607
42,off,6000,5326,0.6801878722417065,621944.967853662,914372.3274628634,0.0,47417,948,57813,26.544920863583684,442,0.7236758774201016,0.14256676578231287,0.999515543836688,0.14256676578231287,1320454.2678247998
42,off,6250,5317,0.6828937549720931,624419.1521436871,914372.3274628634,0.0,48908,994,61219,26.084184432402253,442,0.7195722980920722,0.14430429642892423,0.9998565810697326,0.14430429642892423,1349040.7972056272
42,off,6500,5327,0.6790290618819451,620885.3837279188,914372.3274628634,0.0,50400,1042,64752,25.841286972165108,442,0.7171075888326895,0.14518836457569248,0.9999564282188955,0.14518836457569248,1350477.3805714722
42,off,6750,5200,0.6816187474969229,623253.3205910831,914372.3274628634,0.0,51840,1106,68365,25.49927049316466,442,0.7225582378605817,0.14380041393045492,0.9993718355769883,0.14380041393045492,1331167.2070299825
42,off,7000,5446,0.6789347741292898,620799.1696160722,914372.3274628634,0.0,53282,1165,71445,25.498716039583087,442,0.7187455370254057,0.14526800238676466,0.9993929320174348,0.14526800238676466,1316943.3953998522
42,off,7250,5376,0.6798730718082725,621657.1230486566,914372.3274628634,0.0,54807,1215,75079,26.940370371565223,442,0.7190738806440828,0.1444984258690921,1.0,0.1444984258690921,1316177.7899963856
42,off,7500,5441,0.6755000802972009,617658.5806227027,914372.3274628634,0.0,56300,1279,78553,26.69579016417265,442,0.7099287626084675,0.1500834661947924,0.999252026155239,0.1500834661947924,1355975.0896357629
42,off,7750,5301,0.6789214749072284,620787.0091754425,914372.3274628634,0.0,57734,1350,82213,26.153754023835063,442,0.7158545049411873,0.1463385738639646,1.0,0.1463385738639646,1346692.2952688334
42,off,8000,5313,0.6830107364554117,624526.1167748591,914372.3274628634,0.0,59134,1405,85739,26.126501007005572,442,0.7212830707259069,0.14518123767005187,0.9991700395683715,0.14518123767005187,1341837.668280608
42,off,8250,5305,0.6822579166801552,623837.7592047979,914372.3274628634,0.0,60552,1462,89247,26.898809479549527,442,0.7186651891859834,0.1461678233848091,1.0,0.1461678233848091,1316935.0443036573
42,off,8500,5357,0.6813491728041264,623006.8289518058,914372.3274628634,0.0,61885,1517,92709,26.074624732136726,442,0.7168880335970415,0.14705138727947498,0.9999815371508026,0.14705138727947498,1345650.7694126917
42,off,8750,5341,0.677852078330731,619809.1825388097,914372.3274628634,0.0,63209,1581,96307,26.17264642752707,442,0.7150762572829519,0.14646459604793471,1.0,0.14646459604793471,1352967.5956605487
42,off,9000,5289,0.684749816534737,626116.2834746361,914372.3274628634,0.0,64525,1638,99649,26.515737483277917,442,0.7216333507444712,0.1427711697491525,1.0,0.1427711697491525,1339989.7707335048
42,off,9250,5324,0.6837921805183276,625240.6476014496,914372.3274628634,0.0,65934,1693,103293,26.762075187638402,442,0.7194806956717487,0.14330287268043373,0.99972092968682,0.14330287268043373,1338937.2212340394
42,off,9500,5303,0.6821199677392259,623711.6225106093,914372.3274628634,0.0,67271,1751,106842,26.071352500468493,442,0.7198834022600858,0.14224146209445343,0.9996867760111577,0.14224146209445343,1314711.5340823089
42,off,9750,5373,0.6778950183078071,619848.44566559,914372.3274628634,0.0,68668,1809,110585,27.039903592318296,442,0.7169100073854736,0.14469678262668595,1.0,0.14469678262668595,1326603.9573471656
42,off,10000,5241,0.6910508542790627,631877.7780223466,914372.3274628634,0.0,70073,1859,114028,26.35237754136324,442,0.7272047915249679,0.13842604144868767,1.0,0.13842604144868767,1337728.9173735676
42,off,10250,5241,0.686302547460639,627536.0576652768,914372.3274628634,0.0,71519,1908,117490,26.33729006536305,442,0.7237772029552755,0.14330358640226487,0.999887539694164,0.14330358640226487,1354282.9307936807
42,off,10500,5273,0.6901558792655337,631059.437636205,914372.3274628634,0.0,72940,1963,120861,26.410136055201292,442,0.7239373760558617,0.1406731324607522,0.9996150481612603,0.1406731324607522,1337067.7028439227
42,off,10750,5381,0.6760303730767826,618143.4656658056,914372.3274628634,0.0,74323,2046,124646,26.862995259463787,442,0.7145925151534417,0.14423894855888453,1.0,0.14423894855888453,1311037.8944808228
42,off,11000,5246,0.6840495454831884,625475.9750033768,914372.3274628634,0.0,75640,2106,128428,26.738988295197487,442,0.7224187823022158,0.14129798986007433,0.9997760479359288,0.14129798986007433,1322957.053956243
42,off,11250,5270,0.6843728405051571,625771.5870250715,914372.3274628634,0.0,76987,2165,131898,26.881749402731657,442,0.7189190716531593,0.1398327538873081,0.9996948118087889,0.1398327538873081,1323551.5665907778
42,off,11500,5380,0.6802928612260234,622040.9668756097,914372.3274628634,0.0,78354,2215,135630,27.434477100148797,442,0.7184115134868253,0.14337220525231031,0.9988382311220232,0.14337220525231031,1345174.3516691844
42,off,11750,5327,0.6784641503859111,620368.8442884798,914372.3274628634,0.0,79719,2268,139272,27.326628578826785,442,0.7160204583719108,0.14457057233545226,1.0,0.14457057233545226,1318861.9963857078
42,off,12000,5446,0.6780896367380097,620026.3993725815,914372.3274628634,0.0,81141,2317,142708,27.65374194458127,442,0.7177640835487015,0.14507825219324733,1.0,0.14507825219324733,1331840.4473209563
42,off,12250,5475,0.6764121925376826,618492.5908149394,914372.3274628634,0.0,82631,2356,146405,28.195943403989077,442,0.7146632795201454,0.1438484387581851,0.9999985725734982,0.1438484387581851,1325707.5480377506
42,off,12500,5396,0.6741445577572558,616419.1283229247,914372.3274628634,0.0,84127,2407,150220,28.078432951122522,442,0.7139483838304576,0.14480513742202317,0.9999287342351412,0.14480513742202317,1328999.0592951498
42,off,12750,5337,0.6821568565994686,623745.3526636069,914372.3274628634,0.0,85591,2462,153839,27.800707595422864,442,0.7213077343473474,0.14071882357046211,0.9998959251093007,0.14071882357046211,1315937.9373759024
42,off,13000,5410,0.6754571697076879,617619.3443670969,914372.3274628634,0.0,87004,2507,157617,28.04342601634562,442,0.7131883490644709,0.14462921251277,0.9998118681189614,0.14462921251277,1343071.0711867146
42,off,13250,5450,0.6740131781367813,616298.9984335703,914372.3274628634,0.0,88447,2550,161280,28.21419514901936,442,0.7123463093027756,0.14881913004335287,1.0,0.14881913004335287,1355899.6227338589
42,off,13500,5387,0.6807519516695621,622460.7464729842,914372.3274628634,0.0,89941,2599,165134,27.84607345983386,442,0.7162375997641189,0.14440950883174739,1.0,0.14440950883174739,1321005.0002198801
42,off,13750,5520,0.6766526401532704,618712.4494608373,914372.3274628634,0.0,91284,2655,168888,27.673581283539534,442,0.7135269656424245,0.1456663201524044,0.9994691910295173,0.1456663201524044,1325541.209124102
42,off,14000,5374,0.6753119979239834,617486.6033053491,914372.3274628634,0.0,92675,2723,172952,28.50798207335174,442,0.7140466737626977,0.14080030710444838,0.9994979816024239,0.14080030710444838,1302424.3705381672
42,off,14250,5518,0.6776645074372283,619637.6729043534,914372.3274628634,0.0,94058,2779,176337,27.85414190031588,442,0.7146807387773974,0.1384437331399535,1.0,0.1384437331399535,1288357.5011415035
42,off,14500,5525,0.6675991695186592,610434.2064450511,914372.3274628634,0.0,95457,2836,180420,29.373460482805967,442,0.704778868448409,0.149065033075721,1.0,0.149065033075721,1352363.0816874315
42,off,14750,5525,0.6672171872035932,610084.9323865746,914372.3274628634,0.0,96831,2889,184484,29.35480272397399,442,0.706329903737915,0.1453118439364596,0.9997535670198423,0.1453118439364596,1302826.1338449728
42,off,15000,5483,0.6745025730890074,616746.4876350858,914372.3274628634,0.0,98202,2954,188408,29.05807727575302,442,0.7096197165688675,0.14250290288424014,1.0,0.14250290288424014,1312230.4311048756
42,off,15250,5560,0.6786047053361067,620497.3638454265,914372.3274628634,0.0,99505,3022,192237,29.060686487704515,442,0.7137792309985637,0.14095526964916966,0.9999397022843379,0.14095526964916966,1306584.1549431896
42,off,15500,5556,0.6652423970955832,608279.2389592628,914372.3274628634,0.0,100826,3075,196384,29.071055348962545,442,0.7032861055287887,0.14906312936229504,1.0,0.14906312936229504,1344698.8551724704
42,off,15750,5502,0.6694637667222264,612139.1425298576,914372.3274628634,0.0,102144,3141,200303,28.993994399905205,442,0.7096328494942161,0.14604956644272807,0.999223123790875,0.14604956644272807,1325966.0761983464
42,off,16000,5664,0.6636842280597702,606854.492311406,914372.3274628634,0.0,103486,3197,204220,29.350113151594996,442,0.7011292435416394,0.14840480624557056,0.9999083757467314,0.14840480624557056,1333901.6047089342
42,off,16250,5622,0.6629528794250801,606185.7673581175,914372.3274628634,0.0,104918,3242,208355,30.195197615772486,442,0.7024861748833648,0.1494412495032998,0.999807561486875,0.1494412495032998,1335684.523418259
42,off,16500,5465,0.6713549809517444,613868.4164866329,914372.3274628634,0.0,106370,3312,212303,29.079701764509082,442,0.7107586107373739,0.143703472114219,1.0,0.143703472114219,1314167.536624414
42,off,16750,5608,0.6692503592623599,611944.0086540815,914372.3274628634,0.0,107740,3376,215940,28.482859211042523,442,0.7108646996518674,0.1430595860397486,1.0,0.1430595860397486,1308496.6487517606
42,off,17000,5683,0.6660634278544616,609029.9667651771,914372.3274628634,0.0,109176,3448,219727,29.002367353066802,442,0.7043447520615127,0.1470895125522237,1.0,0.1470895125522237,1320401.1354100946
42,off,17250,5720,0.6561798465726946,599992.6935448993,914372.3274628634,0.0,110560,3511,224109,30.170696068555117,442,0.6923036468762102,0.15389244790620407,0.9999829367220624,0.15389244790620407,1355512.625531249
42,off,17500,5496,0.6707419428911685,613307.8714483607,914372.3274628634,0.0,111974,3591,227973,29.516105940565467,442,0.7073846204317873,0.14409320207302304,0.9994979816024239,0.14409320207302304,1315867.034354596
42,off,17750,5711,0.6717873834172835,614263.7933354485,914372.3274628634,0.0,113332,3658,231624,29.196938071399927,442,0.7080537233834591,0.14184000768629854,0.9997044618863196,0.14184000768629854,1297159.1776314487
42,off,18000,5698,0.6632831897995564,606487.7940240125,914372.3274628634,0.0,114808,3715,235566,30.361076584085822,442,0.700928374827542,0.14766656915333715,0.9997444219052407,0.14766656915333715,1337587.451040825
42,off,18250,5728,0.6527338256870501,596841.7474072069,914372.3274628634,0.0,116179,3764,239896,30.328218512237072,442,0.69086523993324,0.1535707380307983,0.9990185313362121,0.1535707380307983,1339582.4365314075
42,off,18500,5708,0.6577865556720629,601461.8238836445,914372.3274628634,0.0,117575,3827,243790,30.24567753635347,442,0.696645798279505,0.14956481842398955,1.0,0.14956481842398955,1311498.3294143814
42,off,18750,5692,0.6621140432560931,605418.7587779209,914372.3274628634,0.0,118984,3885,248103,30.115454943850636,442,0.7016963260978255,0.14757370375941714,1.0,0.14757370375941714,1301813.150959643
42,off,19000,5570,0.6719592858147553,614420.9761307213,914372.3274628634,0.0,120499,3940,252038,29.71282560378313,442,0.7090527246706377,0.14421678329166787,0.9999803648577703,0.14421678329166787,1304421.02911267
42,off,19250,5669,0.6625758759595974,605841.0458219226,914372.3274628634,0.0,122002,3997,256054,29.451155249029398,442,0.7030609131960258,0.14813936043397052,0.9999476986399438,0.14813936043397052,1318684.5265822152
42,off,19500,5685,0.6621999228581579,605497.2847095424,914372.3274628634,0.0,123444,4046,260022,29.21941618807614,442,0.7008087690340693,0.1501881941685916,1.0,0.1501881941685916,1328139.653648877
42,off,19750,5697,0.660092725229184,603570.5215091134,914372.3274628634,0.0,124888,4099,264054,30.17738170363009,442,0.6973999444635913,0.14821967556471183,0.9998803923430752,0.14821967556471183,1324530.358206404
42,off,20000,5648,0.6596033940065107,603123.0905801373,914372.3274628634,0.0,126306,4167,268210,30.217417933046818,442,0.6998324109807754,0.14646532208609872,1.0,0.14646532208609872,1296907.8429432493
42,on,250,448,0.9783337339502206,894561.293347497,914372.3274628634,0.0,17004,0,2655,34.78669893555343,442,0.9776837596970689,0.0015163553410631285,0.3795466528766044,0.0015163553410631285,1180011.9761866417
42,on,500,654,0.9567422681295106,874818.6544916795,914372.3274628634,0.0,17056,0,2920,16.617374813184142,442,0.9599348276169883,0.010158551599465986,0.9524318975699056,0.010158551599465986,1185250.2691053837
42,on,750,961,0.9242732651238752,845129.896643018,914372.3274628634,0.0,17287,0,3440,17.514579759910703,442,0.9322516651166441,0.024243331798140092,0.9865715289220526,0.024243331798140092,1186874.7087482505
42,on,1000,1402,0.8814537554509038,805976.9219225245,914372.3274628634,0.0,17688,0,4189,19.18375949189067,442,0.8959201578637631,0.04131346981285889,0.989380445887413,0.04131346981285889,1177407.2768750861
42,on,1250,1756,0.8401014290076205,768165.4989465754,914372.3274628634,0.0,18312,3,5118,20.907785380259156,442,0.8593183171848532,0.05634189608185238,0.9989322151138676,0.05634189608185238,1114254.284391817
42,on,1500,1858,0.8194541436543213,749286.1925822895,914372.3274628634,0.0,19173,12,6137,21.483982782810926,442,0.8432044637306135,0.06932300903860346,0.9958242119505035,0.06932300903860346,1146844.8352807534
42,on,1750,2076,0.7956598329773208,727529.333348186,914372.3274628634,0.0,20023,24,7199,22.47954181768,442,0.8236188893153865,0.08323296655465265,0.999085113186966,0.08323296655465265,1183833.4635109208
42,on,2000,2285,0.7698580792380708,703936.9237290043,914372.3274628634,0.0,20993,34,8536,22.796289045363665,442,0.804513497858366,0.09111284222407214,0.9994000211351033,0.09111284222407214,1162135.410458298
42,on,2250,2401,0.7468973890131606,682942.3039678994,914372.3274628634,0.0,22014,41,9957,23.161754248663783,442,0.783177210003816,0.10471489196435069,0.9978640389720789,0.10471489196435069,1205072.4631789858
42,on,2500,2465,0.7303460406763845,667808.2090665528,914372.3274628634,0.0,23047,57,11596,23.641067111864686,442,0.7689975879140293,0.11362230163074775,0.9984682601305364,0.11362230163074775,1231478.4071409511
42,on,2750,2437,0.7314626368790618,668829.1937352311,914372.3274628634,0.0,23989,82,13074,23.40523904375732,442,0.7676487494476043,0.11275071983853946,0.999708489869879,0.11275071983853946,1240017.0518704965
42,on,3000,2572,0.7254787642703519,663357.7062107637,914372.3274628634,0.0,24956,94,14799,23.476673986762762,442,0.7635465691784208,0.1151427348012706,0.9988543255090877,0.1151427348012706,1244771.0276004316
42,on,3250,2532,0.7238645589441641,661881.7215296545,914372.3274628634,0.0,25965,109,16444,24.29948087222874,442,0.7605394575123708,0.11881064205178207,0.9992469724036358,0.11881064205178207,1265118.1105999395
42,on,3500,2557,0.7197703243631316,658138.0667266168,914372.3274628634,0.0,26966,129,18117,23.980228316038847,442,0.7566136361761875,0.11802542262500006,0.9987449540060597,0.11802542262500006,1254714.7255015592
42,on,3750,2534,0.7153239992448762,654072.470079581,914372.3274628634,0.0,27959,156,19952,24.325944716110826,442,0.7507083207858979,0.1222581347716719,0.9994950483544159,0.1222581347716719,1267652.3562115997
42,on,4000,2556,0.7120582014354514,651086.3149355542,914372.3274628634,0.0,28932,178,21868,24.42709774337709,442,0.7481161632532535,0.12315110583376943,0.9988733746754738,0.12315110583376943,1273112.0864038565
42,on,4250,2492,0.7178208935459525,656355.5611330848,914372.3274628634,0.0,29929,193,23535,24.39053081162274,442,0.7532457939655921,0.12219056005662665,0.9991514491875707,0.12219056005662665,1274063.2687522643
42,on,4500,2500,0.7207681621900461,659050.4620228431,914372.3274628634,0.0,30916,213,25312,23.768274592235684,442,0.7574978988961046,0.12002578482666348,0.9989511602643942,0.12002578482666348,1270576.8247254947
42,on,4750,2597,0.7145249053631799,653341.8007471131,914372.3274628634,0.0,31895,240,27051,23.94459738023579,442,0.7551364111963657,0.119618576802389,0.997692535406278,0.119618576802389,1232756.0600462859
42,on,5000,2581,0.7107292928839243,649871.197730309,914372.3274628634,0.0,32859,260,28940,24.99370356835425,442,0.7532382762008816,0.12149746721337984,0.9995150006247043,0.12149746721337984,1238121.6184903083
42,on,5250,2479,0.7124625084847017,651456.0021131868,914372.3274628634,0.0,33855,289,30588,24.53947871364653,442,0.7528800809646844,0.11804207255918181,0.9987892870695086,0.11804207255918181,1238039.3794660082
42,on,5500,2573,0.7105326287632256,649691.3735005374,914372.3274628634,0.0,34801,313,32415,24.5450058914721,442,0.750476723990804,0.12135867201547566,0.9989959632048477,0.12135867201547566,1257461.3573911495
42,on,5750,2467,0.7197048983137176,658078.2429575374,914372.3274628634,0.0,35709,337,34352,24.099295319989324,442,0.7592478180003044,0.11769242704373363,0.9984994417336323,0.11769242704373363,1250671.1167513372
42,on,6000,2543,0.7054838287114039,645074.8904462585,914372.3274628634,0.0,36595,353,36164,24.46944508701563,442,0.7463313851293328,0.12419499317683391,0.998994010187489,0.12419499317683391,1247658.0361970912
42,on,6250,2584,0.7029743127558125,642780.2585011391,914372.3274628634,0.0,37439,376,37925,25.03152851574123,442,0.7431668667525306,0.1252254405690675,0.9980905425151462,0.1252254405690675,1256589.656563069
42,on,6500,2536,0.7072688361872065,646707.0518864467,914372.3274628634,0.0,38299,394,39696,24.33000996336341,442,0.7468596981214666,0.12439151745154317,0.9990094946242553,0.12439151745154317,1275402.9287411429
42,on,6750,2597,0.7074611000250532,646882.8526193455,914372.3274628634,0.0,39165,412,41373,24.26125386543572,442,0.7454374221709987,0.12585544614678437,0.9989929625345597,0.12585544614678437,1292190.1806799453
42,on,7000,2617,0.6981170833869819,638338.9423781405,914372.3274628634,0.0,40042,429,43247,24.637264404445887,442,0.7389950603432972,0.12861685125787128,0.9984939448072716,0.12861685125787128,1272261.8973208587
42,on,7250,2505,0.7062295297323901,645756.738824409,914372.3274628634,0.0,40912,458,45219,24.592856213450432,442,0.7476337330440387,0.1247837203268091,0.9982298620174649,0.1247837203268091,1246625.1282731195
42,on,7500,2593,0.7024557628598371,642306.1108258505,914372.3274628634,0.0,41724,486,47070,24.222454220056534,442,0.7424098719416953,0.12620669107406762,0.9984724340121169,0.12620669107406762,1265510.863989816
42,on,7750,2548,0.7067240991441827,646208.9594085617,914372.3274628634,0.0,42574,514,48896,24.655115405097604,442,0.7453015272541099,0.12405627729958241,0.9988543255090877,0.12405627729958241,1270340.6718531032
42,on,8000,2500,0.7097784845774894,649001.8049261831,914372.3274628634,0.0,43456,535,50607,24.502368699759245,442,0.7504310803639476,0.11949272432261412,0.9986426680234938,0.11949272432261412,1249958.4079632608
42,on,8250,2640,0.7001921966383351,640236.3685115294,914372.3274628634,0.0,44240,564,52638,24.386985195800662,442,0.7422687585445701,0.12553418205717864,0.9987369503284491,0.12553418205717864,1247878.5201177245
42,on,8500,2543,0.6994968951058903,639600.6040310194,914372.3274628634,0.0,45054,589,54568,24.90787890739739,442,0.7413753819835067,0.12463416545035964,0.9979801934176635,0.12463416545035964,1223534.1632664052
42,on,8750,2589,0.7000987596659166,640150.932329588,914372.3274628634,0.0,45929,624,56348,24.81602930277586,442,0.7401634945961013,0.12708264495923127,0.9990193107274713,0.12708264495923127,1257846.4748711914
42,on,9000,2629,0.700451350597425,640473.3317202737,914372.3274628634,0.0,46765,645,58130,24.650711432099342,442,0.742710361135086,0.12738530074650928,0.9982429356084835,0.12738530074650928,1265994.902101799
42,on,9250,2701,0.693641794056718,634246.8616571574,914372.3274628634,0.0,47669,673,59941,24.771623676642776,442,0.7379756852906446,0.13095132170426796,0.9975769208638883,0.13095132170426796,1259145.2306172508
42,on,9500,2650,0.691485453988509,632275.1639701878,914372.3274628634,0.0,48487,694,61912,25.555904580280185,442,0.7341634325959618,0.12925081158189808,1.0,0.12925081158189808,1231397.9519052603
42,on,9750,2646,0.6961254976112276,636517.891457022,914372.3274628634,0.0,49332,717,63863,25.908696299418807,442,0.7378093222978156,0.12551464452308592,0.9992425725316239,0.12551464452308592,1258000.128460195
42,on,10000,2558,0.7062360329068573,645762.6851471826,914372.3274628634,0.0,50220,754,65557,24.877520432695746,442,0.7471568660436618,0.12365953331720252,0.9984051668850749,0.12365953331720252,1268757.3000162959
42,on,10250,2590,0.7039553302203775,643677.2737234952,914372.3274628634,0.0,51062,786,67382,25.099066423252225,442,0.743417707182489,0.1256332091164546,0.9983624310550895,0.1256332091164546,1276756.064746039
42,on,10500,2656,0.7009648611611355,640942.8715695904,914372.3274628634,0.0,51911,803,69234,25.384316029027104,442,0.7395601326500304,0.12788400334104444,0.9991541181889729,0.12788400334104444,1273483.8157057632
42,on,10750,2611,0.7033281989834484,643103.8422747597,914372.3274628634,0.0,52765,816,70996,25.176825124770403,442,0.741641151833993,0.12594583423424355,0.9987449540060597,0.12594583423424355,1250871.155466843
42,on,11000,2741,0.694778686028878,635286.4042158152,914372.3274628634,0.0,53614,832,72861,25.71572676487267,442,0.734068668439609,0.13264898641280337,0.9985138458936064,0.13264898641280337,1295493.8927018861
42,on,11250,2646,0.6937991528500527,634390.7461832656,914372.3274628634,0.0,54496,849,74777,25.776478875428438,442,0.7334993294793597,0.1309860033133622,0.9988569000015027,0.1309860033133622,1275148.384571091
42,on,11500,2621,0.6936199700428969,634226.9063828452,914372.3274628634,0.0,55354,879,76557,24.838743824511766,442,0.7357455590937442,0.1299957350652278,0.9987449540060597,0.1299957350652278,1278344.2917965273
42,on,11750,2764,0.6899824244648616,630900.8353664048,914372.3274628634,0.0,56258,911,78317,25.3963914308697,442,0.7340229457619073,0.13567236000585067,0.999270410286999,0.13567236000585067,1278666.0855612843
42,on,12000,2744,0.6911021481027914,631924.6796753339,914372.3274628634,0.0,57187,934,80386,25.731167379766703,442,0.7342864606027271,0.13196516789351484,0.9994979816024239,0.13196516789351484,1271269.4471875946
42,on,12250,2630,0.6984886931457439,638678.7320581677,914372.3274628634,0.0,58125,950,82133,25.823756555095315,442,0.7388859718079108,0.12579495063562424,0.9992362170060585,0.12579495063562424,1258719.268416785
42,on,12500,2625,0.6999845281990679,640046.482237376,914372.3274628634,0.0,59021,967,84178,25.434240739792585,442,0.7393138881978673,0.1289875834683008,0.9989044746899353,0.1289875834683008,1294140.793135023
42,on,12750,2643,0.6987250400731853,638894.8411483009,914372.3274628634,0.0,59901,985,86013,25.608072014525533,442,0.7399027451029699,0.12852258288986557,0.9984382374926288,0.12852258288986557,1287325.362682685
42,on,13000,2646,0.6990569055219196,639198.2897310646,914372.3274628634,0.0,60804,1017,88052,25.790988098829985,442,0.7413879764849198,0.12590214013539427,0.9993467948042145,0.12590214013539427,1267444.5779390251
42,on,13250,2612,0.7003393006612637,640370.8763593538,914372.3274628634,0.0,61636,1048,89844,25.667046159505844,442,0.7409739809252889,0.12858710989159966,0.9982493486892376,0.12858710989159966,1274006.3573734008
42,on,13500,2723,0.697166575178642,637469.8239754082,914372.3274628634,0.0,62472,1071,91617,25.69516831636429,442,0.7399265203133052,0.12987197784346696,0.9993473266445156,0.12987197784346696,1273526.79596997
42,on,13750,2694,0.6949039173850681,635400.9123024461,914372.3274628634,0.0,63366,1106,93477,25.438375376164913,442,0.7382497126120121,0.13249840013547015,0.9982344310273714,0.13249840013547015,1291745.9307883056
42,on,14000,2684,0.6953056528005549,635768.248049329,914372.3274628634,0.0,64281,1136,95131,25.244303783401847,442,0.737914714185727,0.1293851736386926,0.9992119533502639,0.1293851736386926,1274656.3074438465
42,on,14250,2791,0.6856628668124425,626951.1513821523,914372.3274628634,0.0,65074,1158,97261,26.12696962058544,442,0.7308460408489189,0.1329011987662383,0.9984724340121169,0.1329011987662383,1258080.0632781766
42,on,14500,2656,0.6937925321494917,634384.6923978842,914372.3274628634,0.0,65970,1186,99119,25.36347114481032,442,0.7395683489074059,0.1260225565505395,0.9994262986687742,0.1260225565505395,1215765.3346472676
42,on,14750,2718,0.6938119248995417,634402.4245918833,914372.3274628634,0.0,66856,1216,100915,25.690766787156463,442,0.7382676107398868,0.13114670309982032,0.9976240286039881,0.13114670309982032,1253091.455424746
42,on,15000,2625,0.697860641201369,638104.458740022,914372.3274628634,0.0,67726,1241,102809,25.03816271573305,442,0.7412102611151989,0.12812147848794841,0.9972261032533146,0.12812147848794841,1261452.201063044
42,on,15250,2785,0.6775940249353919,619573.2256551038,914372.3274628634,0.0,68564,1267,104837,26.086159074679017,442,0.723226035326916,0.13825642398933774,0.9988544003246296,0.13825642398933774,1284010.5089277127
42,on,15500,2798,0.6787919565177399,620668.5811441967,914372.3274628634,0.0,69436,1288,106810,26.264205515384674,442,0.7259297716853431,0.13577957745137248,0.9983624310550895,0.13577957745137248,1248139.1786367898
42,on,15750,2637,0.6931884811837719,633832.3649104527,914372.3274628634,0.0,70293,1317,108754,26.201150177046657,442,0.7377219308456527,0.1284277454425379,0.9998350063399124,0.1284277454425379,1240032.7777215075
42,on,16000,2718,0.6921251429870855,632860.0778886685,914372.3274628634,0.0,71177,1346,110455,25.80902791582048,442,0.7375411111223467,0.128677155925446,0.9988130014927094,0.128677155925446,1248180.4419189843
42,on,16250,2719,0.6905231007409917,631395.2147914139,914372.3274628634,0.0,72056,1373,112459,25.419873133301735,442,0.7368609306176478,0.12995986112805638,0.9995295468336304,0.12995986112805638,1251613.0551160737
42,on,16500,2763,0.6866317775942287,627837.0965887981,914372.3274628634,0.0,72938,1388,114392,25.349971188232303,442,0.7333254771082458,0.1290921680502462,0.9992469724036358,0.1290921680502462,1233421.176936071
42,on,16750,2736,0.6881112758235393,629189.90882821,914372.3274628634,0.0,73806,1418,116302,25.882716801017523,442,0.733270400770884,0.13049491370196237,0.9986776696850633,0.13049491370196237,1249033.5343367348
42,on,17000,2858,0.6804547252834946,622188.9708905723,914372.3274628634,0.0,74608,1444,118117,25.66655384749174,442,0.7273945327160865,0.1360158865237515,0.9984986709218931,0.1360158865237515,1288088.1543828042
42,on,17250,2771,0.679366187593829,621193.6421497418,914372.3274628634,0.0,75395,1475,120165,26.07260676845908,442,0.7258638832548713,0.13566747085263464,0.9986928471338381,0.13566747085263464,1273304.9813883458
42,on,17500,2741,0.683867357818354,625309.3876442472,914372.3274628634,0.0,76233,1493,122145,26.037590576335788,442,0.7305303387067065,0.13344835647470032,0.9992119533502639,0.13344835647470032,1254530.438154151
42,on,17750,2795,0.6842881164704827,625694.1177122942,914372.3274628634,0.0,77094,1517,123915,26.328801702708006,442,0.7286122965581903,0.13609287526921446,0.9992469724036358,0.13609287526921446,1284502.310947696
42,on,18000,2834,0.6823304918302654,623904.1199137201,914372.3274628634,0.0,77926,1536,125880,26.538401206955314,442,0.7264421288143897,0.13368480112236558,0.9987449540060597,0.13368480112236558,1277250.265889831
42,on,18250,2866,0.6817191883059723,623345.160887426,914372.3274628634,0.0,78822,1558,127766,26.93391672708094,442,0.7259346843618043,0.13402847210325333,0.9984939448072716,0.13402847210325333,1262116.405204777
42,on,18500,2816,0.6831521683438115,624655.4381798329,914372.3274628634,0.0,79699,1580,129795,26.921278059482574,442,0.7258515149264901,0.1367470815459722,0.9989046334067183,0.1367470815459722,1269433.459575082
42,on,18750,2820,0.6808790745168531,622576.9840867354,914372.3274628634,0.0,80577,1604,131809,26.514704497531056,442,0.7252377539585471,0.13416992904829067,0.9980464447488938,0.13416992904829067,1239194.7977498504
42,on,19000,2824,0.6822151932616988,623798.6940932267,914372.3274628634,0.0,81431,1636,133797,26.138275239616632,442,0.7283642508023631,0.13733141025573967,0.9996198478866911,0.13733141025573967,1286123.7180189153
42,on,19250,2676,0.690588879240516,631455.360831121,914372.3274628634,0.0,82305,1667,135679,26.415110789239407,442,0.7332163884144449,0.1328229652941939,0.9994843392740438,0.1328229652941939,1289170.367702501
42,on,19500,2800,0.6878226545100109,628926.0014860036,914372.3274628634,0.0,83137,1705,137425,26.12905690819025,442,0.7324551449636048,0.1315873168866196,0.9984226902527831,0.1315873168866196,1275517.9491451094
42,on,19750,2776,0.6841513453110385,625569.0579489034,914372.3274628634,0.0,83991,1735,139448,26.406987380236387,442,0.7283862790514666,0.1358464077655902,0.9993877693647377,0.1358464077655902,1292862.962602481
42,on,20000,2786,0.6812102591587653,622879.8101585807,914372.3274628634,0.0,84849,1750,141341,26.244509356096387,442,0.7264531042384246,0.13867990318799195,0.9994663047861869,0.13867990318799195,1302255.5552811364
43,off,250,462,0.9943669912466353,893584.334273085,898646.4174085271,0.0,16901,0,2728,27.788481520488858,436,0.9941686828500332,0.0002708103258530224,0.14353224966801437,0.0002708103258530224,1044956.1641751372
43,off,500,733,0.97671609301861,877722.4178164275,898646.4174085271,0.0,16978,0,3027,9.302459567785263,436,0.97912542145755,0.004371605175333751,0.9537174367127346,0.004371605175333751,1026777.3864498695
43,off,750,1209,0.9498153428909583,853548.1550886114,898646.4174085271,0.0,17183,0,3517,10.484371084719896,436,0.9557215702214528,0.015807258195759982,0.9892830468150857,0.015807258195759982,1003037.404958166
43,off,1000,1947,0.9153003012913183,822531.3366083887,898646.4174085271,0.0,17572,1,4453,12.096425391733646,436,0.9294833176415777,0.028076971949116916,0.9927902937716321,0.028076971949116916,973440.6176097131
43,off,1250,2491,0.8801284825690251,790924.3077198577,898646.4174085271,0.0,18269,3,5632,14.13836550526321,436,0.9011566967877813,0.04524744354544112,0.9998924727594977,0.04524744354544112,972675.2388035513
43,off,1500,3068,0.8450609890528357,759411.0303040373,898646.4174085271,0.0,19098,12,7100,16.62751356139779,436,0.8688289412151328,0.06462206917662311,0.9999578866077131,0.06462206917662311,999971.5947840891
43,off,1750,3560,0.8191096910969952,736089.98936892,898646.4174085271,0.0,20085,20,8787,17.708726746961474,436,0.8450235909265013,0.07786704114253112,0.9987360217696449,0.07786704114253112,1024626.7709558395
43,off,2000,3890,0.7966583800639352,715914.1991429362,898646.4174085271,0.0,21396,47,10625,19.0026015881449,436,0.8286666286130003,0.08918153283371619,0.9976329802275496,0.08918153283371619,1022620.1146458386
43,off,2250,4311,0.7622044789234161,684952.3243172611,898646.4174085271,0.0,22859,61,13032,20.505221504718065,436,0.8025305019057193,0.10024106901865927,0.9985277483740502,0.10024106901865927,1009606.1780708858
43,off,2500,4371,0.7534891891291093,677120.3603669303,898646.4174085271,0.0,24318,88,16046,21.953439220786095,436,0.7917450910300562,0.1050461928246858,0.9989917474883435,0.1050461928246858,1019397.2322590181
43,off,2750,4385,0.752942616721742,676629.1850311952,898646.4174085271,0.0,25768,115,18680,21.159787710756063,436,0.7924349164719767,0.10826657231882723,0.99890800655294,0.10826657231882723,1046302.9141387169
43,off,3000,4794,0.7272946933700742,653580.7705972504,898646.4174085271,0.0,27422,136,21521,22.344626324251294,436,0.7731892681851508,0.11984559515126042,0.9994262621621991,0.11984559515126042,1063726.5340758292
43,off,3250,4776,0.7182941864079181,645492.4972608483,898646.4174085271,0.0,29014,181,24724,23.19993101619184,436,0.763664638364489,0.12079206177863848,0.9992802237794098,0.12079206177863848,1057248.9761471604
43,off,3500,4755,0.71849234714908,645670.5737009645,898646.4174085271,0.0,30597,236,28203,22.998940704390407,436,0.7634959096277811,0.12187364473013311,1.0,0.12187364473013311,1060874.5425393814
43,off,3750,4839,0.7217194677679708,648570.6140836759,898646.4174085271,0.0,32072,288,31188,22.681390242651105,436,0.7651935522440098,0.11970654474062128,0.9996099917562882,0.11970654474062128,1054287.6882799866
43,off,4000,4890,0.7123517102822866,640152.3123800139,898646.4174085271,0.0,33588,335,34527,23.64421839080751,436,0.7585163826117085,0.12332381420842266,1.0,0.12332381420842266,1056051.0646946814
43,off,4250,4882,0.7106129906729327,638589.8182321901,898646.4174085271,0.0,34955,391,37940,23.801002584397793,436,0.757154935568458,0.12437244883870845,0.9993468542825181,0.12437244883870845,1059426.041773842
43,off,4500,5029,0.7058390868241368,634299.7666414168,898646.4174085271,0.0,36340,455,41350,24.359893150627613,436,0.7510321123715599,0.12751749359988593,0.9994808844292554,0.12751749359988593,1064623.1152443835
43,off,4750,5133,0.6973480606912535,626669.3364269792,898646.4174085271,0.0,37782,539,45094,24.964821003377438,436,0.747322877941466,0.12732183014055432,1.0,0.12732183014055432,1049255.718869589
43,off,5000,4994,0.6976727832755183,626961.1472139803,898646.4174085271,0.0,39323,608,48643,24.261116856709123,436,0.7491033493593549,0.1276628564159878,1.0,0.1276628564159878,1040905.0400827143
43,off,5250,5030,0.6997136938772021,628795.2042144345,898646.4174085271,0.0,40786,675,51949,23.855565747246146,436,0.7510026807141983,0.12497365364578306,1.0,0.12497365364578306,1042732.719692219
43,off,5500,5197,0.6973352228012684,626657.7997031369,898646.4174085271,0.0,42183,730,55414,24.50520806759596,436,0.747446677223366,0.12743789910759176,1.0,0.12743789910759176,1057832.849541165
43,off,5750,5176,0.6888211499362933,619006.6586254719,898646.4174085271,0.0,43592,796,59442,25.059425404295325,436,0.741506369343543,0.12971777010596058,1.0,0.12971777010596058,1047630.877153001
43,off,6000,5183,0.6920875766459651,621942.0212858459,898646.4174085271,0.0,45047,854,62913,24.94088244251907,436,0.7426614916363736,0.13152722615873907,0.9999959686745931,0.13152722615873907,1074592.0172107986
43,off,6250,5136,0.6952039168834353,624742.5092756746,898646.4174085271,0.0,46438,890,66569,24.69388716854155,436,0.7445723382550565,0.13117016981892116,0.9994848558686067,0.13117016981892116,1072765.0863971615
43,off,6500,5200,0.6888272325340736,619012.1247301757,898646.4174085271,0.0,47848,943,70276,24.761699495837092,436,0.7392444295677001,0.133296394859106,1.0,0.133296394859106,1072072.5944652648
43,off,6750,5145,0.6897443309856307,619836.2719680783,898646.4174085271,0.0,49257,993,74200,25.732622692361474,436,0.7423892402553325,0.13099836671330625,0.9999231531404249,0.13099836671330625,1061256.7035409687
43,off,7000,5109,0.6914969697510571,621411.2745156401,898646.4174085271,0.0,50722,1029,77839,25.259244551882148,436,0.7425658292352599,0.12994533095629768,0.9998060161527961,0.12994533095629768,1060030.6366574527
43,off,7250,5002,0.7047207774243941,633294.8019057838,898646.4174085271,0.0,52168,1078,81351,24.47132846340537,436,0.7542935772338137,0.12504920172861567,1.0,0.12504920172861567,1052689.1052263912
43,off,7500,5035,0.6981119787552033,627355.8286583412,898646.4174085271,0.0,53520,1145,85140,24.711086131632328,436,0.7487385286608471,0.12644330579014554,0.9996495359620574,0.12644330579014554,1049423.465788518
43,off,7750,5181,0.6914285123812622,621349.7555455287,898646.4174085271,0.0,54850,1221,88674,25.187993496656418,436,0.7435682505483564,0.12786081908858044,0.9998430266089294,0.12786081908858044,1057143.693129417
43,off,8000,5038,0.6973263427785128,626649.8197025011,898646.4174085271,0.0,56177,1313,92549,25.228953424841166,436,0.7473303930461949,0.12892052653883418,1.0,0.12892052653883418,1063575.1654147515
43,off,8250,5181,0.6930743089279016,622828.7447159495,898646.4174085271,0.0,57441,1382,96152,24.713721700012684,436,0.7463689099279057,0.12814375303826891,1.0,0.12814375303826891,1052997.9935685757
43,off,8500,5236,0.6810628308851849,612034.673005081,898646.4174085271,0.0,58724,1450,100009,25.054446946829557,436,0.7370647820221133,0.13076899065946346,0.9994119356170436,0.13076899065946346,1050653.870088092
43,off,8750,5269,0.6894353412269918,619558.5994284616,898646.4174085271,0.0,60043,1519,103840,25.365000097081065,436,0.7411543575620201,0.12822902161168426,0.9997631149056044,0.12822902161168426,1055428.8750699433
43,off,9000,5200,0.6927194614697796,622509.8623189817,898646.4174085271,0.0,61346,1588,107614,24.979471288621426,436,0.7433861161389272,0.13100922524722422,0.9997628103750715,0.13100922524722422,1069361.2678163948
43,off,9250,5320,0.6819533409667338,612834.926699531,898646.4174085271,0.0,62588,1639,111383,25.379976600408554,436,0.733546256446063,0.1340495334385444,0.9998937140973767,0.1340495334385444,1073532.088367224
43,off,9500,5444,0.6761088452157359,607582.7915313374,898646.4174085271,0.0,63928,1695,115391,26.447278160601854,436,0.7289223653737273,0.13579481391787385,0.9994525225418792,0.13579481391787385,1063887.9244104526
43,off,9750,5360,0.6811263224334577,612091.7294574721,898646.4174085271,0.0,65289,1757,119207,25.9291621632874,436,0.7336410242874858,0.1342002288063048,0.9998451133451515,0.1342002288063048,1069218.6655400991
43,off,10000,5306,0.6814893981290753,612418.0061305868,898646.4174085271,0.0,66690,1800,123121,26.098740743473172,436,0.7336009801585816,0.13671668640756796,1.0,0.13671668640756796,1073327.417417792
43,off,10250,5365,0.682680949011168,613488.7890619396,898646.4174085271,0.0,68049,1865,126890,25.367602296173573,436,0.733437258440471,0.13528273723566975,1.0,0.13528273723566975,1076834.4120088993
43,off,10500,5401,0.6787723527259724,609976.3430131521,898646.4174085271,0.0,69430,1930,130860,26.575926216319203,436,0.731859635707515,0.13672576279101215,0.9999618000142548,0.13672576279101215,1080622.3695682385
43,off,10750,5314,0.6807339881208898,611739.1596330565,898646.4174085271,0.0,70854,2015,134425,25.534171206876636,436,0.7337729060892498,0.13495985596904558,0.9996294132944498,0.13495985596904558,1072417.668506596
43,off,11000,5248,0.6788233943957713,610022.2114268555,898646.4174085271,0.0,72256,2113,138233,25.870890816673636,436,0.7281396469610386,0.13663073897102507,1.0,0.13663073897102507,1078295.8827482539
43,off,11250,5308,0.6836929919870814,614398.2578565076,898646.4174085271,0.0,73528,2169,142074,25.56056249886751,436,0.7346569096220256,0.13389320361139886,0.9994251739806959,0.13389320361139886,1060326.1801991516
43,off,11500,5389,0.6813769286028498,612316.9357937768,898646.4174085271,0.0,74871,2217,146066,25.808344705030322,436,0.7346960060702602,0.13403686047568428,1.0,0.13403686047568428,1063354.7093784022
43,off,11750,5288,0.6865376867468748,616954.6326110166,898646.4174085271,0.0,76311,2273,149937,26.016346115618944,436,0.7360099744893583,0.13261598673516337,1.0,0.13261598673516337,1061484.6633659666
43,off,12000,5330,0.6786926426903837,609904.7118752388,898646.4174085271,0.0,77661,2327,153594,25.88282084092498,436,0.7312802169235797,0.13410410773679637,1.0,0.13410410773679637,1061584.3400727645
43,off,12250,5488,0.6752876190567956,606844.7995857236,898646.4174085271,0.0,78973,2379,157480,26.383767848834395,436,0.7266473378743782,0.1363037646071057,1.0,0.1363037646071057,1073807.812366575
43,off,12500,5431,0.6729172421916051,604714.6689079121,898646.4174085271,0.0,80291,2456,161807,27.217175755649805,436,0.7279510048647126,0.1384565424335195,0.9992587677216195,0.1384565424335195,1072967.627135244
43,off,12750,5409,0.6752080861231202,606773.3275998102,898646.4174085271,0.0,81562,2535,165608,26.2869723290205,436,0.7265453403412785,0.13733418590424423,1.0,0.13733418590424423,1067519.3736655386
43,off,13000,5528,0.6721763959650522,604048.9101005697,898646.4174085271,0.0,82878,2618,169356,26.640032147988677,436,0.7223663073317009,0.1416087652267868,1.0,0.1416087652267868,1083755.4404448273
43,off,13250,5623,0.671422253085709,603371.2023038338,898646.4174085271,0.0,84203,2681,173339,27.09828888066113,436,0.7223728563406432,0.13909268712059314,0.9996666950459985,0.13909268712059314,1077965.725065545
43,off,13500,5576,0.6609221066238562,593935.283303625,898646.4174085271,0.0,85623,2749,177807,28.373184859752655,436,0.7140830938778275,0.14271471890128026,1.0,0.14271471890128026,1078794.2853891014
43,off,13750,5527,0.6710092378400282,603000.0476329676,898646.4174085271,0.0,86962,2814,181665,26.804012263193727,436,0.7228661121083414,0.13858219615179102,0.9994660318337671,0.13858219615179102,1055407.232151405
43,off,14000,5607,0.6685372750200363,600778.6271008148,898646.4174085271,0.0,88310,2860,185493,27.27263597212732,436,0.7216858304897745,0.14061061747959308,0.9998934954061764,0.14061061747959308,1075129.6376894119
43,off,14250,5678,0.6621601210664776,595047.8205471867,898646.4174085271,0.0,89682,2933,189711,27.462143652141094,436,0.7151555025421042,0.14235039894535995,1.0,0.14235039894535995,1070419.9644665916
43,off,14500,5587,0.6704863770864609,602530.1806899708,898646.4174085271,0.0,91072,3016,193567,27.549442688003182,436,0.7233150095498231,0.13765759839438535,1.0,0.13765759839438535,1057434.8872323115
43,off,14750,5617,0.6661268626372152,598612.5186485155,898646.4174085271,0.0,92462,3097,197548,27.232927007600665,436,0.7224004084173873,0.14004840635428956,0.9995514500502524,0.14004840635428956,1056377.6735490158
43,off,15000,5472,0.6581634237556283,591456.2028273257,898646.4174085271,0.0,93795,3173,202048,27.831767167896032,436,0.7141097081540984,0.14558253335698937,0.9993229132312605,0.14558253335698937,1080639.3579223999
43,off,15250,5662,0.6702475085043881,602315.5222944596,898646.4174085271,0.0,94996,3252,205792,26.640427915379405,436,0.7214083509614679,0.1403331074469537,1.0,0.1403331074469537,1065996.4284651615
43,off,15500,5553,0.6697587677212432,601876.3171406451,898646.4174085271,0.0,96308,3342,210223,28.02404454536736,436,0.7243201987320593,0.14026875138318104,0.9998428365070505,0.14026875138318104,1073618.8759589964
43,off,15750,5579,0.6738037519742829,605511.3277481131,898646.4174085271,0.0,97650,3415,214234,27.2473451718688,436,0.7276497735467775,0.1373943630646774,0.9996721527662532,0.1373943630646774,1056240.2160005101
43,off,16000,5545,0.6747494035760739,606361.1341721793,898646.4174085271,0.0,99028,3477,218319,27.1900750156492,436,0.7265747851882408,0.13643103273639257,0.9997535365983434,0.13643103273639257,1051667.9264208123
43,off,16250,5735,0.6624232364813889,595284.2682721617,898646.4174085271,0.0,100395,3535,222281,28.244187800213695,436,0.7152679696506405,0.14456036160071034,0.9996902093032466,0.14456036160071034,1081295.7914637364
43,off,16500,5492,0.6659160799061199,598423.0995023651,898646.4174085271,0.0,101791,3604,226577,27.66995674930513,436,0.7198546272804308,0.14026788204245236,1.0,0.14026788204245236,1063724.6848055557
43,off,16750,5541,0.6711430329076085,603120.2820911156,898646.4174085271,0.0,103152,3657,230929,27.60548876412213,436,0.7263315262648208,0.13843889874755264,0.9997217273269259,0.13843889874755264,1057573.026405032
43,off,17000,5500,0.6788413502988886,610038.3474348632,898646.4174085271,0.0,104489,3723,234984,27.423678319901228,436,0.7322164312796261,0.13634120496401653,1.0,0.13634120496401653,1071091.7962782055
43,off,17250,5473,0.6778754547678163,609170.3488762742,898646.4174085271,0.0,105813,3795,239074,27.7556533254683,436,0.730056829147051,0.13627551376900035,0.9994706895878788,0.13627551376900035,1070754.9466677913
43,off,17500,5491,0.6724202514740935,604268.0499801349,898646.4174085271,0.0,107098,3882,243117,27.337474524974823,436,0.7263098045113637,0.1354664770565699,0.9998725859549706,0.1354664770565699,1043305.3883393052
43,off,17750,5610,0.6685043835548906,600749.0693034984,898646.4174085271,0.0,108376,3958,247094,27.846482627093792,436,0.7244494894436535,0.1358788630536155,1.0,0.1358788630536155,1034956.1754363674
43,off,18000,5598,0.6708971706692721,602899.3388714585,898646.4174085271,0.0,109777,4068,251463,28.508259980008006,436,0.7224054373033371,0.1365500503010571,0.999914120980143,0.1365500503010571,1037352.1703961444
43,off,18250,5697,0.6639259093939819,596634.6399016002,898646.4174085271,0.0,111161,4144,255392,28.307901460677385,436,0.7181002499682629,0.14335825003206049,1.0,0.14335825003206049,1071546.5865658058
43,off,18500,5657,0.6654112745522583,597969.4579796288,898646.4174085271,0.0,112583,4215,259731,28.33497928455472,436,0.7199371709397471,0.139144342657252,0.9994680363976312,0.139144342657252,1052179.5423729953
43,off,18750,5643,0.6758079529933385,607312.395813654,898646.4174085271,0.0,113860,4292,264007,28.177490789443254,436,0.725890862906696,0.13467500724817255,1.0,0.13467500724817255,1042591.4322641494
43,off,19000,5475,0.6778752523184133,609170.1669458435,898646.4174085271,0.0,115235,4351,268318,28.100871248170733,436,0.7279230836258006,0.13419788402716323,1.0,0.13419788402716323,1046535.1735753663
43,off,19250,5488,0.6720579300766744,603942.4511543938,898646.4174085271,0.0,116675,4419,272514,28.574014900252223,436,0.7249229827407023,0.13507567423748498,0.999829799959578,0.13507567423748498,1045935.0939713959
43,off,19500,5628,0.6695772226456449,601713.1723088605,898646.4174085271,0.0,118001,4491,276734,27.86047970317304,436,0.7226820422292631,0.13903289257455367,1.0,0.13903289257455367,1066067.7251749034
43,off,19750,5639,0.666699451425104,599127.0735114,898646.4174085271,0.0,119345,4555,280934,28.07609291560948,436,0.7205900396482151,0.13601257062084926,0.9993369908409492,0.13601257062084926,1049528.9732444643
43,off,20000,5651,0.664917177901631,597525.439794689,898646.4174085271,0.0,120607,4648,285276,28.124999215826392,436,0.7209839102515225,0.1379316927156556,1.0,0.1379316927156556,1051555.8765843145
43,on,250,417,0.9792763550245562,880023.1880956984,898646.4174085271,0.0,16879,0,2792,35.60582107119262,436,0.9806795081154801,0.0007872412394208276,0.1504872268166536,0.0007872412394208276,1014055.7656734592
43,on,500,657,0.9576706060283058,860607.25916479,898646.4174085271,0.0,16959,0,3089,16.808046828955412,436,0.9639184990070476,0.007596367482514064,0.8670878032116969,0.007596367482514064,995839.9661160219
43,on,750,986,0.9201736114084965,826910.7192861115,898646.4174085271,0.0,17162,0,3584,17.470464123412967,436,0.9320413568177072,0.024148156594840695,0.9831079528210375,0.024148156594840695,999113.1932758061
43,on,1000,1469,0.8790394057794005,789945.6127645788,898646.4174085271,0.0,17540,1,4304,19.449147276580334,436,0.8997520568959702,0.04061257854492242,0.9989981380051837,0.04061257854492242,979774.9232721333
43,on,1250,1782,0.8325455273202659,748164.05545585,898646.4174085271,0.0,18196,5,5213,20.791388504207134,436,0.8623689939926936,0.058935188743655886,0.9977419624722992,0.058935188743655886,964056.0464764063
43,on,1500,2115,0.7985318875338043,717597.8199187221,898646.4174085271,0.0,18905,11,6066,21.682825297117233,436,0.8331664216218565,0.07923208337618246,0.9978458632522367,0.07923208337618246,1026408.0812798059
43,on,1750,2254,0.7696098027073591,691607.0920054517,898646.4174085271,0.0,19710,17,7343,22.439800187945366,436,0.8075353010219056,0.09468597103348535,0.9991729734577465,0.09468597103348535,1033822.0599143147
43,on,2000,2385,0.7527353419607293,676442.918309792,898646.4174085271,0.0,20615,30,8628,22.552524792030454,436,0.7968783407843196,0.10291243642653689,0.9985838662728376,0.10291243642653689,1016700.5313803051
43,on,2250,2563,0.7352565859008715,660735.6967958432,898646.4174085271,0.0,21587,45,10162,23.259573256596923,436,0.780874766195909,0.10753682059056721,0.9990700996117755,0.10753682059056721,1029659.6143125991
43,on,2500,2572,0.7157322046567415,643190.1815386874,898646.4174085271,0.0,22533,89,11974,23.686120314523578,436,0.7663962324477781,0.11623954751949779,0.9989817316781724,0.11623954751949779,1034920.4717293333
43,on,2750,2628,0.7131242879367212,640846.5865213415,898646.4174085271,0.0,23504,131,13428,24.39054442383349,436,0.765420932798147,0.11807626927606141,0.9994360941836522,0.11807626927606141,1041849.8702184779
43,on,3000,2641,0.708320722343345,636529.879510067,898646.4174085271,0.0,24415,165,15164,24.357179015874863,436,0.7612809799069598,0.1223579593083719,0.9992526128195734,0.1223579593083719,1049909.957731794
43,on,3250,2635,0.7039517904316215,632603.7544996949,898646.4174085271,0.0,25307,205,16954,23.770356407389045,436,0.7539495302551583,0.12006233197152617,0.9990417470185782,0.12006233197152617,1041537.0382863367
43,on,3500,2721,0.6973390789761331,626661.265040864,898646.4174085271,0.0,26225,243,18903,24.549442932009697,436,0.7509995399030217,0.12310544388750126,0.9995017418797156,0.12310544388750126,1061181.2148488504
43,on,3750,2775,0.6880868118064916,618346.7482959591,898646.4174085271,0.0,27210,270,20610,24.692603919655085,436,0.7440121651346653,0.12741687514854544,0.9997094309080473,0.12741687514854544,1053329.371684256
43,on,4000,2713,0.690525049813448,620537.8621456998,898646.4174085271,0.0,28142,305,22290,24.463121192529798,436,0.7454231161233867,0.12635596869097263,0.9987637775125113,0.12635596869097263,1053096.7926689098
43,on,4250,2807,0.6848410889117383,615429.9910446883,898646.4174085271,0.0,29064,354,24293,24.241171523928642,436,0.7405035783756694,0.12583200191757396,0.9990700996117755,0.12583200191757396,1048814.8353656803
43,on,4500,2779,0.6823714059467937,613210.6192961058,898646.4174085271,0.0,29954,408,26273,24.515262868255377,436,0.740225436866597,0.12787350709794895,0.9994713928027118,0.12787350709794895,1049689.8268468115
43,on,4750,2814,0.6791501667302966,610315.8642145849,898646.4174085271,0.0,30864,440,28152,25.242359552532434,436,0.7377355157357072,0.1304500370604815,0.9989696360377635,0.1304500370604815,1055066.2040987764
43,on,5000,2829,0.6785826892044694,609805.9025690404,898646.4174085271,0.0,31761,484,30075,25.297570385038853,436,0.7384735401665505,0.13427700958220123,0.998566360245414,0.13427700958220123,1069142.4897090448
43,on,5250,2845,0.6797940238705178,610894.4641269676,898646.4174085271,0.0,32607,517,32228,25.34060293622315,436,0.7340557427249352,0.1323085159424591,0.9990235822853327,0.1323085159424591,1067811.8378877111
43,on,5500,2791,0.6890763143213703,619235.9611859715,898646.4174085271,0.0,33501,543,34116,24.298124672845006,436,0.7436420717586453,0.12493262920129103,0.9992568620894522,0.12493262920129103,1052036.5042710248
43,on,5750,2897,0.6842619731239975,614909.5707167702,898646.4174085271,0.0,34369,592,35995,24.96279627084732,436,0.7398929998986754,0.12728824226106897,0.9994518263754244,0.12728824226106897,1048006.8860196603
43,on,6000,2777,0.6831379319783134,613899.4551681814,898646.4174085271,0.0,35210,640,38008,25.085643120110035,436,0.7381130402230072,0.13094739872889005,0.9992526128195734,0.13094739872889005,1065243.911702247
43,on,6250,2799,0.6836235169199222,614335.8243363057,898646.4174085271,0.0,35976,697,40025,25.303030932322145,436,0.7401859582262497,0.12745119806606175,0.9991888792180018,0.12745119806606175,1047199.74620583
43,on,6500,2834,0.6847613528259004,615358.3364968118,898646.4174085271,0.0,36789,734,41928,24.451560743153095,436,0.7395941938755892,0.1280530843774946,0.9995324994188667,0.1280530843774946,1047470.9250409125
43,on,6750,2834,0.6768255935572098,608226.8948605865,898646.4174085271,0.0,37628,762,43933,24.830628300085664,436,0.7329702463699577,0.1302428959122973,0.9990949762398542,0.1302428959122973,1034666.8326147862
43,on,7000,2777,0.6782348828212975,609493.3476088512,898646.4174085271,0.0,38433,800,45988,25.08200693130493,436,0.7357489586723889,0.12906335495595245,0.9994948372379144,0.12906335495595245,1036154.9636868058
43,on,7250,2821,0.6770064030327348,608389.3786480005,898646.4174085271,0.0,39255,840,48146,24.993460131809115,436,0.7328600300604553,0.12920620527840915,0.9989170527577088,0.12920620527840915,1040038.5354586814
43,on,7500,2904,0.6733696344150222,605121.2095587493,898646.4174085271,0.0,40030,893,50114,25.33363350480795,436,0.7286612725689058,0.13393166302994167,0.9990187498039526,0.13393166302994167,1065494.0216460575
43,on,7750,2830,0.672994342952799,604783.9552307385,898646.4174085271,0.0,40798,936,52316,26.053147165104747,436,0.7314464063149685,0.1296451228766744,0.9990520681858744,0.1296451228766744,1033146.5100889493
43,on,8000,2877,0.6722848027334173,604146.3294545838,898646.4174085271,0.0,41570,980,54164,25.7037603110075,436,0.7282627519663728,0.13380760515202067,0.9995017418797156,0.13380760515202067,1057455.1620224097
43,on,8250,2878,0.6676507482647857,599981.953008272,898646.4174085271,0.0,42386,1014,56367,25.4005758035928,436,0.7254010209708431,0.13715219448038618,0.9995260340929372,0.13715219448038618,1058515.2795111681
43,on,8500,2817,0.6700226442388855,602113.4488278625,898646.4174085271,0.0,43197,1054,58457,24.44811524450779,436,0.7266701517099466,0.13490370757965464,0.9992446146388861,0.13490370757965464,1056392.377725192
43,on,8750,2913,0.6653341658008302,597900.164476407,898646.4174085271,0.0,44019,1091,60491,24.91074770502746,436,0.7246456355969308,0.1363470714946068,0.9996980637313444,0.1363470714946068,1056394.4219711628
43,on,9000,2856,0.6714620837499335,603406.9959875422,898646.4174085271,0.0,44787,1135,62586,24.847545826807618,436,0.7301036254133924,0.13782940861184284,0.9995260340929372,0.13782940861184284,1077720.800151825
43,on,9250,2897,0.6726998189235492,604519.2822670124,898646.4174085271,0.0,45518,1177,64613,25.007143447175622,436,0.7314093741078677,0.135850437986751,0.9992526128195734,0.135850437986751,1061888.5852576147
43,on,9500,2822,0.6819063230480159,612792.6742153212,898646.4174085271,0.0,46251,1221,66823,24.612479435279965,436,0.7379803280550712,0.13217477258426485,0.9997798783734387,0.13217477258426485,1059760.3977942928
43,on,9750,2813,0.6854221344289456,615952.1455170779,898646.4174085271,0.0,46980,1263,68826,25.10653607547283,436,0.7402897208133894,0.12830709597926293,0.9999015259648273,0.12830709597926293,1035673.3346944336
43,on,10000,2833,0.6792212841073854,610379.7735907212,898646.4174085271,0.0,47733,1299,70834,24.96870607882738,436,0.7327808453600232,0.13176432367305677,0.9996339801981425,0.13176432367305677,1049116.1967989353
43,on,10250,2886,0.6719501294454561,603845.5765033552,898646.4174085271,0.0,48543,1331,73059,25.972001783549786,436,0.7313195367435884,0.1347856070956973,0.9995017418797156,0.1347856070956973,1062993.6452586614
43,on,10500,2870,0.6810974283666832,612065.7639078808,898646.4174085271,0.0,49328,1364,74992,25.710474595427513,436,0.7382348137848987,0.13229401622051828,0.9997607470159817,0.13229401622051828,1059605.5680384215
43,on,10750,2929,0.6677508410056879,600071.9009912924,898646.4174085271,0.0,50086,1412,77118,26.538382448256016,436,0.7246746822476781,0.13813895422537284,0.9995017418797156,0.13813895422537284,1064284.5657112845
43,on,11000,2848,0.6666762803461463,599106.2509043072,898646.4174085271,0.0,50865,1464,79247,26.027647648006678,436,0.7236367416694087,0.1381635076385071,0.9988594307178229,0.1381635076385071,1065363.3715670595
43,on,11250,2952,0.6713874115478956,603339.8920807007,898646.4174085271,0.0,51655,1504,81145,26.174365067854524,436,0.7291323825981562,0.1364834982241277,0.9996439599056942,0.1364834982241277,1080726.2110554683
43,on,11500,2900,0.6696176560919854,601749.5076805579,898646.4174085271,0.0,52453,1549,83354,26.4992647562176,436,0.7279617758733715,0.13324692357811577,0.9991290310960071,0.13324692357811577,1050907.4207303834
43,on,11750,2863,0.6725606951350667,604394.2591729163,898646.4174085271,0.0,53270,1593,85561,25.87127318419516,436,0.7303167345148732,0.13075707470897277,1.0,0.13075707470897277,1052249.1869243237
43,on,12000,2970,0.6700631681346784,602149.8654816363,898646.4174085271,0.0,53996,1631,87611,25.87129769846797,436,0.7287333798391732,0.13315475472672225,0.999479164773768,0.13315475472672225,1051203.7379770968
43,on,12250,2960,0.6683223984455353,600585.5290369545,898646.4174085271,0.0,54761,1664,89819,25.368881963193417,436,0.7268802908318066,0.13354843239085043,0.9988037064328048,0.13354843239085043,1043263.6958692457
43,on,12500,2952,0.6683425487594905,600603.6370444,898646.4174085271,0.0,55516,1705,92031,25.20548746921122,436,0.7272023745190107,0.1330399654174094,0.9997508709398578,0.1330399654174094,1032761.5741002158
43,on,12750,2875,0.6775876553108932,608911.718925378,898646.4174085271,0.0,56293,1753,94145,25.82201566360891,436,0.7337281608808818,0.13197904570432442,0.9994363799248752,0.13197904570432442,1048924.3584345542
43,on,13000,2882,0.6689969030755681,601191.670206259,898646.4174085271,0.0,57053,1799,96302,26.30051899701357,436,0.7265695836000683,0.1384735667416512,1.0,0.1384735667416512,1073024.607330565
43,on,13250,2939,0.6712371716690185,603204.879551796,898646.4174085271,0.0,57820,1837,98488,26.311018457636237,436,0.7288311534643163,0.1362409450590585,1.0,0.1362409450590585,1067140.655689901
43,on,13500,2898,0.6791061532228432,610276.3116337943,898646.4174085271,0.0,58643,1884,100761,26.451365761458874,436,0.7346107868279029,0.13204255788977132,0.9992395727532339,0.13204255788977132,1052977.314806866
43,on,13750,2771,0.6923978071970337,622220.8088591344,898646.4174085271,0.0,59460,1933,102787,25.58893940784037,436,0.7466538264417005,0.12803621255697148,0.9993468542825181,0.12803621255697148,1067092.5229931376
43,on,14000,2880,0.6859909439589922,616463.304163442,898646.4174085271,0.0,60297,1972,104506,25.21593496762216,436,0.7411061572232518,0.13269630804090565,0.9994727105142567,0.13269630804090565,1091310.9178114193
43,on,14250,2916,0.6724361033855636,604282.2952435866,898646.4174085271,0.0,61145,2008,106712,26.449502896517515,436,0.7314510987366685,0.13877750723459348,0.9997509990030898,0.13877750723459348,1095349.1713713498
43,on,14500,2794,0.6773856061368249,608730.1481589612,898646.4174085271,0.0,61946,2049,108904,25.74911612085998,436,0.7371551910510826,0.1323490961279717,1.0,0.1323490961279717,1071294.4603030884
43,on,14750,2828,0.6838263825133238,614518.1287750315,898646.4174085271,0.0,62756,2090,110833,25.46396665647626,436,0.7399471176841668,0.13196725171748022,0.999110143815172,0.13196725171748022,1079022.1012210571
43,on,15000,2939,0.67696979024309,608356.4766957549,898646.4174085271,0.0,63575,2126,112977,26.07045304775238,436,0.7327161378595781,0.13597375771523096,0.9994738430751485,0.13597375771523096,1098375.1320093358
43,on,15250,2829,0.6846291437722533,615239.5273044028,898646.4174085271,0.0,64394,2176,114960,25.506734436377883,436,0.7426052959043175,0.12937987436210666,0.9997509990030898,0.12937987436210666,1064526.4581941953
43,on,15500,2944,0.6780743287478248,609349.0662659246,898646.4174085271,0.0,65214,2222,116975,26.072073696181178,436,0.7367714629755107,0.13290443818388173,0.9995017418797156,0.13290443818388173,1065237.8069097574
43,on,15750,2846,0.6768615514474979,608259.2082898715,898646.4174085271,0.0,66030,2257,119125,26.321892451494932,436,0.7329861394560867,0.13535002201625115,0.9987486763470587,0.13535002201625115,1068141.2108364366
43,on,16000,2883,0.6789264442442494,610114.8168040048,898646.4174085271,0.0,66846,2287,121154,25.657810036092997,436,0.7359039748119787,0.13439664933919715,1.0,0.13439664933919715,1066053.4330142157
43,on,16250,2906,0.6785847596150323,609807.7631360753,898646.4174085271,0.0,67629,2321,123009,25.169027538970113,436,0.7349927510695057,0.13807557305914403,0.9997508709398578,0.13807557305914403,1084286.4662917843
43,on,16500,2868,0.6806545162851388,611667.742552574,898646.4174085271,0.0,68486,2368,125168,25.580402003601193,436,0.7367343120249255,0.1345049166669798,0.9994363799248752,0.1345049166669798,1052545.1499417578
43,on,16750,2814,0.6828429015889785,613634.327165779,898646.4174085271,0.0,69352,2411,127203,25.000693490728736,436,0.7373575707242097,0.1356460204152603,0.9995260340929372,0.1356460204152603,1080389.1820622669
43,on,17000,2868,0.6710449265711501,603032.1191833322,898646.4174085271,0.0,70137,2455,129370,26.140418842434883,436,0.7278479581527292,0.1380305564475055,0.9992964654275893,0.1380305564475055,1064659.9558469984
43,on,17250,2862,0.6815298208382423,612454.3318533618,898646.4174085271,0.0,70911,2498,131273,25.60269483178854,436,0.7365037140568867,0.13255773753809524,0.9993855913871584,0.13255773753809524,1062795.0984370112
43,on,17500,2834,0.6866108594589235,617020.3890065514,898646.4174085271,0.0,71679,2539,133489,25.458628611639142,436,0.7424724346642744,0.12931643177320276,0.9995445587270757,0.12931643177320276,1041148.7152962581
43,on,17750,2872,0.6783797806504895,609623.5595239449,898646.4174085271,0.0,72514,2578,135776,25.322353160008788,436,0.7354317696028735,0.13353266647963608,0.9986742994141633,0.13353266647963608,1065437.854158257
43,on,18000,2791,0.6834123298279519,614146.0418127036,898646.4174085271,0.0,73265,2610,137894,26.08400167711079,436,0.7376882857684015,0.13294264036667283,0.9992526128195734,0.13294264036667283,1067560.6529420987
43,on,18250,2886,0.6791092533090373,610279.0975151462,898646.4174085271,0.0,74022,2645,139839,26.28071062453091,436,0.7362475071755002,0.13288920575733107,0.9995260340929372,0.13288920575733107,1070643.416929004
43,on,18500,2938,0.6759046306819585,607399.2748721757,898646.4174085271,0.0,74806,2691,142110,25.98517988063395,436,0.7341912236810311,0.13373758613802966,0.9995260340929372,0.13373758613802966,1049026.4718561675
43,on,18750,2864,0.6767981376111014,608202.2216729796,898646.4174085271,0.0,75627,2720,144360,26.9185944031924,436,0.7323929290959297,0.133334822985534,1.0,0.133334822985534,1056359.7506643452
43,on,19000,2869,0.6842323740127263,614882.9715814679,898646.4174085271,0.0,76367,2757,146474,25.921840757131577,436,0.7405730769972553,0.13329210127291385,0.9995260340929372,0.13329210127291385,1061059.0915233546
43,on,19250,2952,0.6806632473316632,611675.5886762533,898646.4174085271,0.0,77134,2792,148552,26.237133195623755,436,0.7364112054726475,0.1344589205747513,0.9992368848628124,0.1344589205747513,1059229.811965392
43,on,19500,2848,0.6815969805319895,612514.6846715419,898646.4174085271,0.0,77913,2835,150639,25.32965691201389,436,0.7367225216276868,0.13471636637093728,0.9991584821862535,0.13471636637093728,1053472.3595429882
43,on,19750,2905,0.6808645226515722,611856.4640214023,898646.4174085271,0.0,78665,2868,152815,26.035694494843483,436,0.7369684860277076,0.13324264867721278,0.9993777117183578,0.13324264867721278,1040614.5716980422
43,on,20000,2850,0.6772418268959718,608600.9414592709,898646.4174085271,0.0,79442,2901,155110,26.699428256601095,436,0.7341001482621359,0.13624993602904056,0.9995019980061796,0.13624993602904056,1049179.405089119
44,off,250,475,0.9935285022497593,912994.1904173035,918941.1157806818,0.0,17005,0,2621,28.102868115529418,442,0.9931155928672022,0.0003420211638586839,0.1441066899600869,0.0003420211638586839,989571.8390328396
44,off,500,746,0.9787070770249593,899374.1733837659,918941.1157806818,0.0,17060,0,2857,9.256107091903687,442,0.9800967414085129,0.004256601683833235,0.6644632210024153,0.004256601683833235,984889.6811577934
44,off,750,1273,0.9508673578048037,873791.1107405751,918941.1157806818,0.0,17252,0,3381,10.475016048178077,442,0.954618821053031,0.017377890969753625,0.9974128236552559,0.017377890969753625,1016176.0876357231
44,off,1000,1799,0.921586073415178,846883.334592081,918941.1157806818,0.0,17668,0,4274,12.243539007380605,442,0.9268281318844263,0.02813067420650243,0.9988296620654808,0.02813067420650243,1026962.5080000623
44,off,1250,2410,0.8889468935926426,816889.850267794,918941.1157806818,0.0,18280,7,5493,13.742440300062299,442,0.8967267338133214,0.046116143162298145,0.9950434479115098,0.046116143162298145,1042111.5144184971
44,off,1500,2786,0.8731740318503382,802395.5190992664,918941.1157806818,0.0,19144,27,6708,14.667913654819131,442,0.8808598386738588,0.06109462407856719,0.9979226222724769,0.06109462407856719,1100979.6013687819
44,off,1750,3195,0.8416710998940323,773446.1796569758,918941.1157806818,0.0,20222,54,8191,16.227095453068614,442,0.8564269706907947,0.07798514723834352,0.9982129917049698,0.07798514723834352,1138024.1206497187
44,off,2000,3477,0.826737705223813,759723.2692963311,918941.1157806818,0.0,21441,72,9896,17.435025407001376,442,0.8420917074387444,0.08434938456924256,0.9981199659999355,0.08434938456924256,1147656.9979780214
44,off,2250,3813,0.8019057762200105,736904.1887505902,918941.1157806818,0.0,22892,90,11765,18.16334597207606,442,0.8247662504309908,0.094724293990832,0.9992616149188677,0.094724293990832,1139842.6968205166
44,off,2500,4203,0.7761895383596598,713272.4804375181,918941.1157806818,0.0,24428,134,14040,19.7685988266021,442,0.8023454816247598,0.10796803228588779,0.9989716543765691,0.10796803228588779,1181455.5217419504
44,off,2750,4027,0.7790987367073761,715945.8624131958,918941.1157806818,0.0,26098,160,16377,19.710226295515895,442,0.8050996713404123,0.10750070888453453,0.9990736392443864,0.10750070888453453,1184527.3803462153
44,off,3000,4208,0.7684502477094285,706160.5280520435,918941.1157806818,0.0,27617,182,18614,19.472807487472892,442,0.7967062986652934,0.10914800540253153,0.9991446252844453,0.10914800540253153,1181913.4525780953
44,off,3250,4494,0.7519158319250256,690966.3735623427,918941.1157806818,0.0,29145,203,21111,20.660392368212342,442,0.7829069622237056,0.12135235269129034,0.9995629640335447,0.12135235269129034,1215280.5531082302
44,off,3500,4522,0.7408631862778974,680809.6430390421,918941.1157806818,0.0,30692,227,23976,21.8280774615705,442,0.7723540412738601,0.1251043291813771,0.999500886537018,0.1251043291813771,1218928.5812169195
44,off,3750,4553,0.7394098044739444,679474.0707424623,918941.1157806818,0.0,32199,248,26778,21.194542048498988,442,0.7724491464635005,0.12448608626765784,0.9995022125426588,0.12448608626765784,1215881.2299869987
44,off,4000,4578,0.7379707333077113,678151.6490792762,918941.1157806818,0.0,33702,275,29437,20.758973471820354,442,0.7720749092359028,0.12191574828025518,0.9993185924029953,0.12191574828025518,1177848.7096368587
44,off,4250,4722,0.7319220505859853,672593.2658299699,918941.1157806818,0.0,35198,317,32182,21.124424535781145,442,0.7661763927309959,0.12825994344753905,0.9992691732387504,0.12825994344753905,1201424.0554893834
44,off,4500,4703,0.727390633078729,668429.1599697837,918941.1157806818,0.0,36567,380,35144,21.324277359992266,442,0.7623747594331763,0.1293085165155653,0.9997665273372419,0.1293085165155653,1204991.4512728262
44,off,4750,4746,0.7217604179907866,663255.3238347848,918941.1157806818,0.0,37986,432,38288,22.030710196122527,442,0.7575987840091177,0.12937430642327272,1.0,0.12937430642327272,1198166.1509855157
44,off,5000,4793,0.7244993417504404,665772.2334905192,918941.1157806818,0.0,39306,477,41387,21.593435080721974,442,0.758339928245871,0.12898292792353247,1.0,0.12898292792353247,1188860.6664930189
44,off,5250,4807,0.718866672563174,660596.1421827492,918941.1157806818,0.0,40714,526,44327,22.21578113734722,442,0.7543883472171469,0.1318116759140472,1.0,0.1318116759140472,1209410.180222661
44,off,5500,4808,0.720409340728213,662013.7633876095,918941.1157806818,0.0,42135,559,47192,22.494247924536467,442,0.7553843029926826,0.13014623524922214,0.999774606237187,0.13014623524922214,1199966.748229289
44,off,5750,4813,0.716757081810895,658657.5525030093,918941.1157806818,0.0,43504,599,50237,22.52957559376955,442,0.7535003143497563,0.13319277832782017,0.999728932442611,0.13319277832782017,1197739.317439899
44,off,6000,4966,0.7080657066266304,650670.6904935127,918941.1157806818,0.0,44874,660,53619,23.406595420092344,442,0.7456555287773058,0.13427389362600597,1.0,0.13427389362600597,1205341.144266811
44,off,6250,4886,0.7106929338610241,653084.9576196958,918941.1157806818,0.0,46248,693,56848,23.061801871284842,442,0.7483064886494284,0.1338898324191834,0.9996876177526763,0.1338898324191834,1201515.7082071195
44,off,6500,4986,0.7136118366929268,655767.2574448999,918941.1157806818,0.0,47582,733,59674,22.175946740433574,442,0.7523999949382627,0.13060641521093314,0.9994558893047901,0.13060641521093314,1177963.0866393568
44,off,6750,4985,0.7034821968294949,646458.7148863412,918941.1157806818,0.0,49058,765,63073,23.725415963679552,442,0.7436162531337063,0.13564819828488692,0.998186421505658,0.13564819828488692,1182100.0804626718
44,off,7000,4955,0.6969135818283758,640422.5444880791,918941.1157806818,0.0,50501,802,66562,24.130308862775564,442,0.7371230799518915,0.1364025086870953,0.9984439906531438,0.1364025086870953,1186916.355519428
44,off,7250,4925,0.7007127892593008,643913.7924037357,918941.1157806818,0.0,51863,844,69715,23.069995949044824,442,0.7377171416043911,0.13627852449485992,0.9993310669032149,0.13627852449485992,1202253.9496030381
44,off,7500,5034,0.7030275420495046,646040.9139155219,918941.1157806818,0.0,53220,907,73074,23.981340823695064,442,0.7402730513662498,0.13842597581546687,0.9986400083775954,0.13842597581546687,1224199.2381919753
44,off,7750,4983,0.7040929202314764,647019.9337307916,918941.1157806818,0.0,54595,950,76616,23.663936216384172,442,0.7425121319963817,0.1368120324230589,0.9987243611511473,0.1368120324230589,1209134.3476925837
44,off,8000,4971,0.7040659731211631,646995.1709231732,918941.1157806818,0.0,55952,1003,79821,23.001570960506797,442,0.7423939717303848,0.13861497473525305,0.9995803195292403,0.13861497473525305,1226166.142851616
44,off,8250,4934,0.7078297855517638,650453.8929177385,918941.1157806818,0.0,57285,1047,82965,23.428134731948376,442,0.7444142066102035,0.13866727800045114,0.9995331036614846,0.13866727800045114,1233545.7059802995
44,off,8500,4884,0.705452412103171,648269.2267082613,918941.1157806818,0.0,58546,1085,86749,23.839538196101785,442,0.7427201583565889,0.137148287155941,0.999209808460172,0.137148287155941,1209832.2366092307
44,off,8750,4827,0.7178456873182626,659657.9168625947,918941.1157806818,0.0,59853,1124,89954,23.021456733345985,442,0.7551737273537229,0.1303884923675617,0.9989371895797651,0.1303884923675617,1191366.3269002677
44,off,9000,4834,0.7129034280634265,655116.2716284782,918941.1157806818,0.0,61235,1158,93290,22.977874975651503,442,0.753710392300299,0.13255349191449514,0.9991507407058969,0.13255349191449514,1195391.758920083
44,off,9250,4970,0.705969513949271,648744.4128556887,918941.1157806818,0.0,62628,1187,96234,23.20288591273129,442,0.7461042265280444,0.13649659038376463,0.998872438126264,0.13649659038376463,1209777.5690478561
44,off,9500,4950,0.7046707516139745,647550.9267461575,918941.1157806818,0.0,64017,1233,99453,23.589841917157173,442,0.7435305517705361,0.13914697247185567,1.0,0.13914697247185567,1225853.292856929
44,off,9750,4919,0.7111004166927428,653459.4103477369,918941.1157806818,0.0,65323,1281,102819,23.716975508257747,442,0.7494561081733276,0.13379461100647036,0.9998231257000102,0.13379461100647036,1201964.3637986216
44,off,10000,4948,0.7077104996649319,650344.2762117964,918941.1157806818,0.0,66737,1330,105866,23.019424807280302,442,0.7473880117922713,0.13542796789579498,1.0,0.13542796789579498,1212745.6489888553
44,off,10250,5054,0.6967870722211997,640306.2896085038,918941.1157806818,0.0,68062,1376,109252,23.602146228775382,442,0.737813192750667,0.14229858271305393,0.9986953015262579,0.14229858271305393,1227685.5084632812
44,off,10500,4956,0.6986715496533645,642038.0134026809,918941.1157806818,0.0,69363,1447,112649,23.731826500967145,442,0.7390381384736923,0.14334717921208384,0.9989917868133691,0.14334717921208384,1229123.705866533
44,off,10750,4990,0.707292881523359,649960.5097308091,918941.1157806818,0.0,70625,1492,115844,23.620933750644326,442,0.7461846818877017,0.13454517486226147,0.9994111951170285,0.13454517486226147,1203201.2939774704
44,off,11000,4901,0.7063556844661804,649099.280821379,918941.1157806818,0.0,71965,1535,119193,23.855791380628943,442,0.7452786517751807,0.1371392520519041,0.9996357230514152,0.1371392520519041,1220918.6350735254
44,off,11250,5012,0.7049226421779426,647782.399342065,918941.1157806818,0.0,73346,1578,122358,23.933467991650105,442,0.7437241684083005,0.1383040880926139,0.9992957679813874,0.1383040880926139,1226056.4595954514
44,off,11500,5012,0.7046061232156481,647491.5370536882,918941.1157806818,0.0,74707,1629,125593,23.731414947658777,442,0.745309558596791,0.13453564889561717,0.999317312736337,0.13453564889561717,1193023.706359998
44,off,11750,4899,0.7102304656788921,652659.9765923944,918941.1157806818,0.0,76039,1670,128979,23.965459691360593,442,0.74911539410716,0.13539257390320245,0.9994081969338873,0.13539257390320245,1215360.0863000855
44,off,12000,4997,0.7048402111855466,647706.6501139377,918941.1157806818,0.0,77294,1706,132189,23.78425076417625,442,0.7422232099743888,0.13784472203465778,1.0,0.13784472203465778,1224515.730109464
44,off,12250,5159,0.6971273773989736,640619.0100282732,918941.1157806818,0.0,78675,1746,135199,23.863820604979992,442,0.7363061363837604,0.13945050812874482,1.0,0.13945050812874482,1222189.7209093405
44,off,12500,5202,0.6966355721741357,640167.069986214,918941.1157806818,0.0,80053,1779,138719,25.097727896645665,442,0.7369767734375567,0.13852656876769487,0.9998088761662189,0.13852656876769487,1207597.7087216668
44,off,12750,5056,0.7001753389652832,643419.9072308744,918941.1157806818,0.0,81344,1823,142185,25.213046247139573,442,0.7373375675672378,0.1405962337194205,1.0,0.1405962337194205,1228158.1501670904
44,off,13000,4890,0.7159565569070137,657921.9172546264,918941.1157806818,0.0,82624,1862,145547,24.480309259146452,442,0.7504624380514705,0.13077970945522518,1.0,0.13077970945522518,1192955.1092031784
44,off,13250,5034,0.7061239075855168,648886.2915160499,918941.1157806818,0.0,83951,1906,148772,23.716127486899495,442,0.7449643580295485,0.136269196498311,1.0,0.136269196498311,1217384.8845299657
44,off,13500,4996,0.7075635444983546,650209.2330670521,918941.1157806818,0.0,85280,1952,152342,24.857353907078505,442,0.7453165349434947,0.1354870329494269,0.999175192420086,0.1354870329494269,1214850.5754957187
44,off,13750,4905,0.7065256213077287,649255.4427721637,918941.1157806818,0.0,86637,2008,155618,24.08846970461309,442,0.7447517125073431,0.1343913505787875,0.9998326597906195,0.1343913505787875,1210419.6867131244
44,off,14000,4934,0.7041148639928655,647040.0987553669,918941.1157806818,0.0,87954,2040,158891,23.801398128271103,442,0.7438277914309033,0.13572753492242465,1.0,0.13572753492242465,1212362.6084072646
44,off,14250,4877,0.7048622305491704,647726.8846125149,918941.1157806818,0.0,89366,2084,162028,23.618317928165197,442,0.7440395137220908,0.13400269180617055,0.9998878641433264,0.13400269180617055,1194089.0290445497
44,off,14500,5065,0.6959274873316236,639516.3817109684,918941.1157806818,0.0,90668,2126,165259,24.005104403942823,442,0.7368562191517131,0.14009592006687605,0.999493859765303,0.14009592006687605,1210521.4290622778
44,off,14750,5058,0.6980569503245282,641473.2328096819,918941.1157806818,0.0,92034,2173,168577,24.586791090667248,442,0.7375064223163885,0.1384413472475372,0.9994541097243619,0.1384413472475372,1205548.5797835619
44,off,15000,5072,0.6921623765628503,636056.4666200741,918941.1157806818,0.0,93411,2236,172013,24.406884100288153,442,0.7328101563802658,0.1433117005586679,0.9995112441480595,0.1433117005586679,1218974.3597779323
44,off,15250,5052,0.6964327821702971,639980.7179138174,918941.1157806818,0.0,94705,2284,175327,23.97396252863109,442,0.7370752568621926,0.13845973079432447,0.999500886537018,0.13845973079432447,1206847.8046581536
44,off,15500,5107,0.6996167144179579,642906.5641660528,918941.1157806818,0.0,95970,2320,178834,24.682267216965556,442,0.7397099344228778,0.1369328540945933,0.9999245760974166,0.1369328540945933,1212381.0315782793
44,off,15750,5041,0.7008928993284647,644079.3029516564,918941.1157806818,0.0,97297,2360,182297,24.514998408034444,442,0.7423796346698772,0.1352879890483835,0.9999580352511797,0.1352879890483835,1205406.1961438558
44,off,16000,5095,0.6974057564609848,640874.8239941278,918941.1157806818,0.0,98633,2401,185600,24.524211816489697,442,0.7375094498984097,0.13969702294423667,0.999997873546452,0.13969702294423667,1220464.2854556583
44,off,16250,5069,0.6996360539652142,642924.3360711873,918941.1157806818,0.0,100008,2458,188928,24.922673370689154,442,0.7375830919485487,0.13882750132917573,0.9994164941271128,0.13882750132917573,1216847.9470312868
44,off,16500,4992,0.7002059029018933,643447.9936888856,918941.1157806818,0.0,101263,2511,192492,24.760976372286677,442,0.7380129143054034,0.13880385482988672,0.9999970543153883,0.13880385482988672,1230699.8769862342
44,off,16750,5065,0.6985210779263296,641899.7387459459,918941.1157806818,0.0,102497,2571,195921,24.343716636300087,442,0.7380234290943579,0.1367933879837638,1.0,0.1367933879837638,1212929.9168721712
44,off,17000,5153,0.696098387817165,639673.4291938394,918941.1157806818,0.0,103789,2638,199491,24.949621878564358,442,0.737998640568582,0.13907350647411112,0.9998231257000102,0.13907350647411112,1226591.3448897419
44,off,17250,4973,0.698157658745998,641565.7779188759,918941.1157806818,0.0,105044,2689,203191,24.9399735275656,442,0.7404314821080001,0.13806459762687176,1.0,0.13806459762687176,1215956.5482304022
44,off,17500,5011,0.7051225941405811,647966.1434217144,918941.1157806818,0.0,106298,2734,206546,24.868623403832316,442,0.7479564617453398,0.13389810391069235,0.998864775732653,0.13389810391069235,1197022.5421704452
44,off,17750,5010,0.6979105332177168,641338.6841101793,918941.1157806818,0.0,107580,2773,209823,24.518378688022494,442,0.7378788684902591,0.13898413390281572,0.999298416788043,0.13898413390281572,1209539.941204211
44,off,18000,5209,0.6909193193049901,634914.1701965567,918941.1157806818,0.0,108840,2806,213214,25.01172530464828,442,0.7344983250515779,0.13954254380504924,0.999356203737661,0.13954254380504924,1200774.049927156
44,off,18250,5195,0.6947857379371751,638467.1812484921,918941.1157806818,0.0,110201,2840,216649,25.405027847737074,442,0.7369786701941965,0.1397447219164474,0.9999308937378094,0.1397447219164474,1216237.5498297773
44,off,18500,5075,0.6941600025143375,637892.1672408462,918941.1157806818,0.0,111597,2874,220299,25.807582460343838,442,0.7343322761689979,0.1392989461029957,0.9993865807050463,0.1392989461029957,1213809.2549056902
44,off,18750,5000,0.7011024856504234,644271.9004402095,918941.1157806818,0.0,112956,2921,223554,25.05072160810232,442,0.7399263734126446,0.13785295599359157,0.9994471796935886,0.13785295599359157,1214770.2600432758
44,off,19000,5155,0.6949874356605351,638652.529579447,918941.1157806818,0.0,114197,2988,226914,25.8102817684412,442,0.7354985029085743,0.13872402522689004,0.9997135625047879,0.13872402522689004,1215259.0795711456
44,off,19250,5182,0.6959203117956712,639509.7878159541,918941.1157806818,0.0,115473,3047,230289,26.213670505210757,442,0.7368847791959682,0.14209366000050186,0.9996989691387014,0.14209366000050186,1227208.2923348318
44,off,19500,5186,0.6946392222455567,638332.541955357,918941.1157806818,0.0,116770,3114,233848,26.152691842988133,442,0.7336360730610044,0.1430640286993516,0.9999626688210572,0.1430640286993516,1235195.9585054123
44,off,19750,4937,0.7006125860494143,643821.7115542378,918941.1157806818,0.0,118096,3160,237277,25.785948764532804,442,0.7393806642852488,0.1373192636094784,0.9988148267436535,0.1373192636094784,1202840.536464776
44,off,20000,5159,0.6968925454810899,640403.2133236324,918941.1157806818,0.0,119333,3207,240618,24.776840155944228,442,0.7382705668126756,0.13627348595893493,1.0,0.13627348595893493,1189543.330309206
44,on,250,445,0.9803941135089392,900924.460572717,918941.1157806818,0.0,17020,0,2622,35.40000547654927,442,0.9811970053637862,0.0009440870456658924,0.1905308805197875,0.0009440870456658924,969234.9595923399
44,on,500,667,0.962798268881372,884754.9154775569,918941.1157806818,0.0,17074,0,2841,16.74722746387124,442,0.9651488794177532,0.007903714337271972,0.8653116237653368,0.007903714337271972,979834.8637605226
44,on,750,1024,0.9315336765571457,856024.5961227042,918941.1157806818,0.0,17261,0,3311,17.65504845045507,442,0.9365316689899665,0.022447799990568434,0.999020733685974,0.022447799990568434,1003783.0995569534
44,on,1000,1269,0.9014920094056863,828418.0729906303,918941.1157806818,0.0,17665,1,4018,18.90693185478449,442,0.9099326958382316,0.03482199836654504,0.996135485127878,0.03482199836654504,1020194.8155707975
44,on,1250,1554,0.8662115346414548,795997.3941455153,918941.1157806818,0.0,18160,5,4939,20.22777866758406,442,0.8787430866919195,0.051924446652420866,0.9992585381720568,0.051924446652420866,1038373.3025982106
44,on,1500,1882,0.8425962497706017,774296.3379168147,918941.1157806818,0.0,18760,16,5620,20.552617697045207,442,0.8565853624204284,0.07166355446366282,0.9999661886064322,0.07166355446366282,1106033.2215334966
44,on,1750,2045,0.815638281338102,749523.5523262732,918941.1157806818,0.0,19511,36,6638,21.850207194685936,442,0.8354585295059036,0.08789263052846943,0.9982796325549373,0.08789263052846943,1123258.904041352
44,on,2000,2130,0.8012302390861428,736283.4099030425,918941.1157806818,0.0,20396,47,7762,22.139015916734934,442,0.8239057507098568,0.09384901603441709,0.9982891715576201,0.09384901603441709,1136205.8757430213
44,on,2250,2356,0.7748813771469238,712070.3573130656,918941.1157806818,0.0,21321,63,9071,22.527351228520274,442,0.799475581833606,0.11000543626749103,0.999500886537018,0.11000543626749103,1181717.757769808
44,on,2500,2505,0.7673701069936789,705167.9423375125,918941.1157806818,0.0,22387,86,10447,23.339241068810225,442,0.7937050396714546,0.11320494175264138,0.9982466092084349,0.11320494175264138,1171987.4913753562
44,on,2750,2454,0.7619855687238695,700219.86873189,918941.1157806818,0.0,23531,105,11697,23.418918391689658,442,0.7907346378263083,0.11731171637665927,0.999251329805527,0.11731171637665927,1187868.8968203866
44,on,3000,2488,0.7556536239262693,694401.1843145217,918941.1157806818,0.0,24639,125,13117,23.661226622760296,442,0.7853594066969037,0.1189526111195169,0.999251329805527,0.1189526111195169,1177702.887700724
44,on,3250,2562,0.7383949922790767,678541.5180918027,918941.1157806818,0.0,25758,142,14576,23.95088978111744,442,0.7706802257120995,0.125172191688367,0.9977391585380129,0.125172191688367,1185094.8469310228
44,on,3500,2575,0.7318780171069561,672552.8016556192,918941.1157806818,0.0,26798,163,16155,24.239627031609416,442,0.7662119426593905,0.1276031820820873,0.9991360735623718,0.1276031820820873,1180101.6815290884
44,on,3750,2628,0.7274364838119128,668471.2940936951,918941.1157806818,0.0,27821,187,17659,24.023673063144088,442,0.7643602729213875,0.12888301615622516,0.9984266810203718,0.12888301615622516,1181137.130271063
44,on,4000,2625,0.7184551103191437,660217.9407150068,918941.1157806818,0.0,28811,222,19220,24.337586732581258,442,0.7536849776255108,0.13424506464060057,0.998973502934572,0.13424506464060057,1200842.6985850425
44,on,4250,2619,0.7189459051430667,660668.9522581219,918941.1157806818,0.0,29750,260,20738,24.09649769216776,442,0.7535216170346588,0.13477671567692773,1.0,0.13477671567692773,1218092.8233750493
44,on,4500,2606,0.7215637148585845,663074.5652390014,918941.1157806818,0.0,30606,299,22486,24.50617917627096,442,0.7564848753506673,0.13449885729051106,0.9981429769914728,0.13449885729051106,1223839.8702989265
44,on,4750,2564,0.7206758647532395,662258.6832725496,918941.1157806818,0.0,31486,338,24271,24.153695175424218,442,0.7558037834743856,0.1318527026363638,0.9995128690784983,0.1318527026363638,1200465.1413265655
44,on,5000,2670,0.7166834809921298,658589.9176844908,918941.1157806818,0.0,32363,370,25837,24.489006416872144,442,0.7533280126202538,0.13409153315667863,0.9989876102327401,0.13409153315667863,1197283.1690387614
44,on,5250,2592,0.7185121661279197,660270.3716435852,918941.1157806818,0.0,33225,405,27392,23.933622835204005,442,0.7560382052178439,0.13148045888759713,0.9986592296202479,0.13148045888759713,1189563.2822822158
44,on,5500,2587,0.7208410905781535,662410.5160764519,918941.1157806818,0.0,34078,451,29166,24.276183299720287,442,0.757196352648785,0.1273022266278192,0.998772031828545,0.1273022266278192,1166745.188521918
44,on,5750,2544,0.7276220112947805,668641.7829258095,918941.1157806818,0.0,34953,478,30736,23.99843374453485,442,0.7639094952408744,0.12558156265217676,1.0,0.12558156265217676,1158645.1327187114
44,on,6000,2652,0.7202130961369776,661833.4261639736,918941.1157806818,0.0,35842,512,32355,23.755328522995114,442,0.7573759071780481,0.1316766410240555,0.9986255879370285,0.1316766410240555,1201975.1198059293
44,on,6250,2559,0.7154001570428793,657410.6185426585,918941.1157806818,0.0,36704,554,34011,24.129656059667468,442,0.7527700165031579,0.13338720994479958,0.9984057843696477,0.13338720994479958,1211294.7946345725
44,on,6500,2629,0.7109949285411777,653362.472948036,918941.1157806818,0.0,37557,601,35550,24.154061295092106,442,0.7499762950407494,0.1341438443579231,0.9990035291924991,0.1341438443579231,1211582.1304156678
44,on,6750,2635,0.705027181950237,647878.4652370606,918941.1157806818,0.0,38409,639,37191,24.67813642695546,442,0.7423843272454934,0.13666631063136686,0.9984574815648537,0.13666631063136686,1209849.091449438
44,on,7000,2698,0.708316316723589,650900.9864156377,918941.1157806818,0.0,39261,681,38859,24.49974768795073,442,0.7458090212451947,0.1345532145075157,0.998988237268483,0.1345532145075157,1199721.1639545066
44,on,7250,2655,0.7162103514539763,658155.1394987912,918941.1157806818,0.0,40195,722,40385,24.338418690487742,442,0.752901813441052,0.1306228806738033,0.9994685947898826,0.1306228806738033,1187586.5742107811
44,on,7500,2776,0.70522322932002,648058.6212257949,918941.1157806818,0.0,41106,758,42062,24.441825727000833,442,0.7443453644768029,0.1352409042784214,0.9979432067008503,0.1352409042784214,1191263.2682040038
44,on,7750,2741,0.7001119536920666,643361.6598971807,918941.1157806818,0.0,41967,786,43826,24.446915911510587,442,0.7386214380653965,0.14072182143293815,0.999315668623048,0.14072182143293815,1215062.7508513194
44,on,8000,2727,0.6936930964452004,637463.1080567086,918941.1157806818,0.0,42847,819,45447,24.385293988510966,442,0.7338262209829614,0.14014856782599633,0.9988730916208166,0.14014856782599633,1181121.8237581954
44,on,8250,2784,0.6929121866022946,636745.4978943446,918941.1157806818,0.0,43702,857,47257,25.01542510651052,442,0.7327958246328228,0.1442946559607017,0.9989521460953585,0.1442946559607017,1215730.155387815
44,on,8500,2772,0.6928864915588556,636721.8856624567,918941.1157806818,0.0,44511,905,49199,25.258530132472515,442,0.7357917480230501,0.13937553851354753,0.9988552735433142,0.13937553851354753,1188666.7545598664
44,on,8750,2683,0.6988648272009478,642215.6240879124,918941.1157806818,0.0,45370,951,50953,25.27909057587385,442,0.7416357152645949,0.13658670899681247,0.9980345084463309,0.13658670899681247,1181108.5488854502
44,on,9000,2759,0.697071090433468,640567.2856213877,918941.1157806818,0.0,46180,998,52744,24.841022819280624,442,0.7386330682415241,0.13887964480215345,0.9994707678980075,0.13887964480215345,1183826.3541906532
44,on,9250,2736,0.6940508872755295,637791.8967615473,918941.1157806818,0.0,46984,1030,54487,24.82647185213864,442,0.7378919444245816,0.13869802708826448,0.9994685947898826,0.13869802708826448,1184657.757783925
44,on,9500,2725,0.6991086425272017,642439.6760158646,918941.1157806818,0.0,47806,1061,56279,24.78371544368565,442,0.7402058286940724,0.13743342290954288,0.9991705025013403,0.13743342290954288,1179083.3496232084
44,on,9750,2714,0.698241285116255,641642.6256288686,918941.1157806818,0.0,48647,1104,58157,24.62092860788107,442,0.7403064109005475,0.13768138104252997,0.9978042059139015,0.13768138104252997,1181944.5978287354
44,on,10000,2680,0.6996097493553755,642900.1636836719,918941.1157806818,0.0,49512,1143,59980,25.057350639253855,442,0.7393421402871962,0.14002073689043187,0.9994858271882846,0.14002073689043187,1193172.691491675
44,on,10250,2706,0.7035725002298974,646541.698393866,918941.1157806818,0.0,50326,1175,61650,24.900333791971207,442,0.7429613457256624,0.13542328835826709,0.999315668623048,0.13542328835826709,1170745.4255009624
44,on,10500,2714,0.7040200488921005,646952.969260877,918941.1157806818,0.0,51225,1216,63424,25.028489431366324,442,0.7457662419759559,0.13448565863620934,0.9971455793677406,0.13448565863620934,1153333.6151965887
44,on,10750,2762,0.697231593941263,640714.7788939275,918941.1157806818,0.0,52075,1249,65292,24.902786284685135,442,0.7392739666832251,0.13810058121914381,0.9977756145161705,0.13810058121914381,1185396.951517374
44,on,11000,2797,0.6968395229668957,640354.4887552771,918941.1157806818,0.0,52977,1284,66988,24.682032860815525,442,0.737343924036274,0.13937659259767937,0.997591070105924,0.13937659259767937,1209310.8233577672
44,on,11250,2760,0.6924059626895592,636280.3079271407,918941.1157806818,0.0,53841,1329,68822,24.753858387470245,442,0.7322980896671563,0.14279024523949832,0.9985962125643245,0.14279024523949832,1205337.5531950232
44,on,11500,2727,0.6943348479714962,638052.8399203368,918941.1157806818,0.0,54698,1364,70544,24.554982595145702,442,0.7360302990665014,0.13873531138120096,0.9978848382061445,0.13873531138120096,1186225.0903370911
44,on,11750,2801,0.6993824919337259,642691.3274950518,918941.1157806818,0.0,55560,1407,72455,25.571602631360292,442,0.7391468095624047,0.13755329819700943,0.998502659611054,0.13755329819700943,1186953.714703013
44,on,12000,2787,0.6954509959285873,639078.5141694024,918941.1157806818,0.0,56351,1436,74527,25.517554948106408,442,0.7359619024897283,0.14266670698927683,0.9987893688623889,0.14266670698927683,1218078.8087285643
44,on,12250,2813,0.6992741827009965,642591.7976878781,918941.1157806818,0.0,57150,1477,76337,25.097202260047197,442,0.7394774609593755,0.1395172684961819,0.9993929418981742,0.1395172684961819,1199863.8681244422
44,on,12500,2667,0.7055941679773351,648399.4920094342,918941.1157806818,0.0,58032,1507,78053,24.92662724852562,442,0.7458551847710306,0.13406710231088695,0.9967999889210785,0.13406710231088695,1184756.1654135324
44,on,12750,2782,0.7030759897304667,646085.4344815223,918941.1157806818,0.0,58894,1537,79786,25.16757739894092,442,0.7434325424307585,0.13627396850156182,0.9997172023564147,0.13627396850156182,1197862.5493832566
44,on,13000,2900,0.6976133024529817,641065.5465395893,918941.1157806818,0.0,59738,1570,81580,25.087586116045713,442,0.7390024536890993,0.13803623698025067,0.9994685947898826,0.13803623698025067,1190928.4893839105
44,on,13250,2747,0.6988020928307592,642157.9748957735,918941.1157806818,0.0,60574,1604,83798,24.629639714956284,442,0.7387880282660051,0.13696713284372333,0.999151607069244,0.13696713284372333,1200302.9221586331
44,on,13500,2810,0.7075199059904643,650169.1318479204,918941.1157806818,0.0,61423,1637,85334,25.377843219786882,442,0.7490100527066946,0.1319495935407621,0.9994959298931667,0.1319495935407621,1190410.302183555
44,on,13750,2808,0.7040714936318554,647000.2439474284,918941.1157806818,0.0,62315,1683,86956,25.225349286571145,442,0.7445296814653982,0.13595217983263855,1.0,0.13595217983263855,1203819.7580833188
44,on,14000,2809,0.6921322180535657,636028.7527259019,918941.1157806818,0.0,63162,1721,89121,25.46047424338758,442,0.7343743827369065,0.14066703456122143,0.999151607069244,0.14066703456122143,1206174.6253858772
44,on,14250,2801,0.6990462251693544,642382.3181394003,918941.1157806818,0.0,64064,1759,90902,25.002405336126685,442,0.7390701832452666,0.13777142164603073,1.0,0.13777142164603073,1203747.8321998431
44,on,14500,2835,0.7026877910328364,645728.7027371773,918941.1157806818,0.0,64933,1796,92657,24.725828299298882,442,0.7427220024186956,0.13809255676889134,1.0,0.13809255676889134,1202893.2355379
44,on,14750,2800,0.6952994303621949,638939.2343387079,918941.1157806818,0.0,65838,1835,94657,25.916157882660627,442,0.7371634959969211,0.13936378975999889,0.9992212565765293,0.13936378975999889,1199542.5508452447
44,on,15000,2827,0.695982794564076,639567.205800869,918941.1157806818,0.0,66681,1876,96630,25.67966646887362,442,0.7364962371542619,0.14139561352839564,0.9994344047128293,0.14139561352839564,1225139.465037581
44,on,15250,2832,0.7097646087715213,652231.8815261408,918941.1157806818,0.0,67540,1908,98316,25.16887647472322,442,0.7505162382573647,0.13182932838653927,0.9994344047128293,0.13182932838653927,1188697.8841898227
44,on,15500,2884,0.7005883457422899,643799.4361393619,918941.1157806818,0.0,68363,1953,100235,25.615282855927944,442,0.7425425604106843,0.13614222111193772,0.9999187974692958,0.13614222111193772,1184939.3187341418
44,on,15750,2918,0.6938246079470842,637583.9593829877,918941.1157806818,0.0,69194,1989,102175,26.010323436930776,442,0.7346779549528606,0.1372210991122136,0.9993060402898353,0.1372210991122136,1179460.905356206
44,on,16000,2757,0.7092882416408809,651794.128183589,918941.1157806818,0.0,70035,2039,103942,25.62809863500297,442,0.748443456998179,0.13148567595808494,0.9997172023564147,0.13148567595808494,1172377.688806415
44,on,16250,2918,0.6909747442814725,634965.1024862877,918941.1157806818,0.0,70787,2091,105758,25.8496748842299,442,0.7350199441258805,0.14308438884916222,0.999750443268509,0.14308438884916222,1211907.4358776696
44,on,16500,2891,0.6894014746608131,633519.3603456551,918941.1157806818,0.0,71554,2138,107736,25.74719811975956,442,0.7334552840347117,0.14191447700190077,0.9997881198520278,0.14191447700190077,1205739.724204907
44,on,16750,2862,0.6962250812501263,639789.852998487,918941.1157806818,0.0,72396,2172,109424,25.192292911931872,442,0.7396376591111594,0.13821352293090655,0.9997172023564147,0.13821352293090655,1176884.848819513
44,on,17000,2899,0.6923826369364857,636258.872933585,918941.1157806818,0.0,73230,2208,111295,25.839960591867566,442,0.7351128870160125,0.1396596507352928,0.999750443268509,0.1396596507352928,1183910.4797263672
44,on,17250,2843,0.6963509980645572,639905.5631364357,918941.1157806818,0.0,74081,2238,113248,25.959299121052027,442,0.7388189716615062,0.13822190969221285,0.9996132634203123,0.13822190969221285,1187493.2215423584
44,on,17500,2879,0.7024300260486745,645491.8318950224,918941.1157806818,0.0,74977,2271,114902,25.485163236036897,442,0.7450506745517258,0.1334716147869432,0.9994344047128293,0.1334716147869432,1172548.7158037934
44,on,17750,2869,0.6936689942374155,637440.959546994,918941.1157806818,0.0,75882,2311,116862,25.80178927630186,442,0.7374416582846938,0.13803871949125818,1.0,0.13803871949125818,1176805.420320844
44,on,18000,2946,0.691889814251097,635805.9979051917,918941.1157806818,0.0,76736,2354,118694,25.488469475880265,442,0.7342220985702194,0.14028054699624293,0.9984574815648537,0.14028054699624293,1192880.580620945
44,on,18250,2849,0.6978631012969793,641295.0969680131,918941.1157806818,0.0,77620,2389,120628,25.448829939588904,442,0.7404512227826271,0.13391296187747173,1.0,0.13391296187747173,1169220.8712502357
44,on,18500,2880,0.6925027573725764,636369.2565411541,918941.1157806818,0.0,78462,2431,122435,25.44957492686808,442,0.7363689451167328,0.13922862446721315,0.999750443268509,0.13922862446721315,1195175.2960244312
44,on,18750,2872,0.6956863385746406,639294.7802031575,918941.1157806818,0.0,79343,2481,124298,25.67825365625322,442,0.7381910999315924,0.1407716999517352,0.9983032141384879,0.1407716999517352,1205168.1382584292
44,on,19000,2835,0.7007574651621266,643954.8469277269,918941.1157806818,0.0,80282,2509,126059,24.737250899896026,442,0.7418035903682515,0.1379861899846671,0.9997950619054744,0.1379861899846671,1201339.2543713946
44,on,19250,2946,0.6889370106993327,633092.5453146523,918941.1157806818,0.0,81161,2543,127817,25.31819164380431,442,0.7320158281771876,0.14637766214153672,0.9997172023564147,0.14637766214153672,1224143.297005924
44,on,19500,2836,0.6882985157757725,632505.8060771757,918941.1157806818,0.0,82014,2581,129784,25.91714055277407,442,0.7331653203880169,0.14351922680894236,0.9997172023564147,0.14351922680894236,1211787.3522189504
44,on,19750,2906,0.6926831784438251,636535.0528816778,918941.1157806818,0.0,82864,2623,131366,25.332230223342776,442,0.7350048764696278,0.13941677565112423,0.9982932085126275,0.13941677565112423,1182291.879699309
44,on,20000,2994,0.6853004796193061,629750.7873864016,918941.1157806818,0.0,83728,2674,133304,26.287664644420147,442,0.7296916360657529,0.14314830618060959,0.9985680045911318,0.14314830618060959,1195915.407356285
